You are a medical AI assistant analyzing diabetes management data. Based on the patient's health data, answer the following question accurately.

PATIENT DATA OVERVIEW:
This data represents a continuous glucose monitoring (CGM) session for a diabetes patient. The data includes:
- Blood glucose readings taken every 5 minutes, begining at Week 1, Day 1, 00:00 (normal range: 70-180 mg/dL)
- Carbohydrate intake events with timing and amounts
- Insulin delivery events (basal background insulin and bolus meal insulin)
- Physical activity events (running/cycling with duration and intensity)

The data may contain various artifacts, sensor issues, or abnormal patterns that need to be identified and analyzed.

Patient Health Data:

Blood Glucose Readings (mg/dL, every 5 minutes): 8640 readings
  Values: 108.0, 108.0, 108.0, 108.0, 108.0, 108.0, 108.0, 108.0, 108.0, 108.0, 108.0, 108.1, 108.2, 108.3, 108.4, 108.6, 108.7, 108.9, 109.1, 109.3, 109.4, 109.6, 109.7, 109.9, 110.0, 110.1, 110.1, 110.2, 110.2, 110.2, 110.3, 110.3, 110.3, 110.2, 110.2, 110.2, 110.2, 110.2, 110.2, 110.1, 110.1, 110.1, 110.1, 110.1, 110.1, 110.1, 110.1, 110.0, 110.0, 110.0, 110.0, 110.0, 110.0, 110.0, 110.0, 110.0, 110.0, 110.0, 110.0, 110.1, 110.1, 110.1, 110.1, 110.1, 110.1, 110.1, 110.1, 110.1, 110.1, 110.1, 110.1, 110.1, 110.1, 110.1, 110.1, 110.1, 110.1, 110.1, 107.2, 93.0, 72.4, 57.0, 45.9, 38.0, 33.2, 34.0, 42.2, 53.4, 64.6, 74.3, 82.1, 88.3, 93.4, 97.9, 101.9, 105.4, 108.9, 112.7, 117.3, 122.8, 129.7, 138.0, 148.0, 159.4, 171.8, 185.0, 198.5, 211.9, 225.1, 237.7, 249.6, 260.7, 270.8, 280.0, 288.0, 295.0, 300.9, 305.7, 309.4, 312.0, 313.6, 314.2, 313.9, 312.6, 310.4, 307.5, 303.7, 299.5, 295.0, 290.4, 286.0, 281.4, 276.6, 271.4, 265.9, 260.0, 253.8, 247.2, 240.4, 233.4, 226.3, 219.1, 212.0, 204.8, 197.7, 190.8, 183.9, 177.3, 170.8, 164.5, 158.4, 152.4, 146.7, 141.3, 136.4, 132.0, 128.3, 125.4, 123.4, 122.2, 121.8, 122.3, 123.6, 125.7, 128.5, 132.0, 135.8, 139.8, 143.8, 147.7, 151.4, 154.8, 157.8, 160.4, 162.5, 164.1, 165.2, 165.9, 166.0, 165.6, 164.8, 163.6, 162.0, 160.0, 157.6, 155.0, 152.1, 148.9, 145.6, 142.1, 138.4, 134.8, 131.7, 129.6, 128.2, 127.2, 126.2, 125.2, 124.0, 122.6, 121.0, 119.1, 117.0, 114.8, 112.4, 109.9, 107.3, 104.7, 102.1, 99.4, 96.8, 94.3, 91.8, 88.6, 81.5, 71.1, 59.6, 49.2, 42.8, 41.0, 41.4, 42.5, 43.4, 44.0, 44.1, 43.8, 43.1, 42.2, 41.2, 40.5, 40.1, 40.2, 40.9, 42.2, 44.2, 47.0, 50.4, 54.6, 59.6, 65.1, 71.0, 77.4, 83.9, 90.6, 97.4, 104.1, 110.7, 117.0, 123.2, 129.1, 134.7, 139.9, 144.8, 149.4, 153.5, 157.2, 160.5, 163.3, 165.7, 167.7, 169.3, 170.4, 171.1, 171.4, 171.3, 170.8, 169.9, 168.6, 167.1, 165.1, 162.9, 160.5, 157.7, 154.8, 151.7, 148.4, 145.1, 141.6, 138.1, 134.5, 130.9, 127.3, 123.7, 120.1, 116.6, 113.2, 109.8, 106.5, 103.3, 100.2, 97.2, 94.2, 91.4, 88.7, 86.1, 83.6, 81.3, 79.2, 77.2, 75.3, 73.6, 72.0, 70.5, 69.1, 67.8, 66.6, 65.5, 64.3, 63.2, 62.1, 60.9, 59.7, 58.5, 57.2, 55.9, 54.6, 53.4, 52.1, 51.0, 49.9, 48.8, 47.9, 47.1, 46.3, 45.7, 45.1, 44.6, 44.3, 44.0, 43.8, 43.7, 43.7, 43.8, 43.9, 44.1, 44.4, 44.8, 45.2, 45.7, 46.3, 46.9, 47.6, 48.3, 49.1, 50.0, 50.9, 51.8, 52.8, 53.9, 55.0, 56.2, 57.5, 58.9, 60.3, 61.9, 63.5, 65.2, 67.1, 69.0, 70.9, 72.9, 75.0, 77.1, 79.3, 81.5, 83.9, 83.8, 73.2, 58.0, 46.7, 38.5, 32.7, 30.1, 36.5, 50.4, 67.7, 85.0, 100.9, 115.1, 128.1, 140.7, 153.5, 166.9, 180.9, 195.6, 210.8, 226.3, 241.8, 257.0, 271.7, 285.7, 298.8, 310.9, 321.9, 331.7, 340.4, 347.7, 353.9, 358.8, 362.4, 364.9, 366.2, 366.3, 365.4, 363.4, 360.5, 356.6, 351.9, 346.7, 341.4, 336.3, 331.6, 327.0, 322.2, 317.0, 311.5, 305.4, 298.8, 291.8, 284.4, 276.7, 268.8, 260.7, 252.6, 244.4, 236.3, 228.2, 220.3, 212.5, 204.9, 197.6, 190.4, 183.6, 176.9, 170.5, 164.4, 158.5, 152.8, 147.4, 142.2, 137.3, 132.6, 128.1, 123.8, 119.7, 116.0, 112.7, 110.2, 108.4, 107.5, 107.6, 108.8, 110.9, 114.1, 118.1, 122.8, 127.9, 133.2, 138.6, 144.0, 149.2, 154.1, 158.6, 162.8, 166.5, 169.7, 172.4, 174.7, 176.4, 177.6, 178.3, 178.4, 178.1, 177.4, 176.1, 174.5, 172.5, 170.1, 167.4, 164.4, 161.2, 157.8, 154.2, 150.4, 146.5, 142.7, 139.0, 136.2, 134.3, 132.9, 131.8, 130.7, 129.6, 128.3, 125.4, 116.7, 104.9, 92.6, 81.9, 77.3, 76.4, 77.1, 78.3, 79.2, 79.7, 79.6, 79.2, 78.4, 77.4, 76.2, 75.0, 73.7, 72.5, 71.3, 70.4, 69.8, 70.0, 71.0, 72.9, 76.0, 80.3, 85.9, 92.8, 100.8, 109.7, 119.2, 129.1, 139.1, 149.0, 158.7, 168.0, 176.9, 185.3, 193.1, 200.2, 206.8, 212.6, 217.7, 222.2, 225.9, 228.9, 231.2, 232.9, 233.8, 234.2, 233.8, 232.9, 231.4, 229.3, 226.7, 223.6, 220.0, 216.0, 211.7, 207.0, 202.1, 196.9, 191.6, 186.1, 180.5, 174.8, 169.1, 163.4, 157.7, 152.0, 146.4, 140.9, 135.5, 130.2, 125.0, 120.0, 115.1, 110.3, 105.8, 101.4, 97.1, 93.1, 89.2, 85.5, 82.1, 78.8, 75.8, 73.0, 70.3, 67.8, 65.2, 62.6, 59.9, 57.1, 54.3, 51.5, 48.7, 46.0, 43.4, 40.9, 38.6, 36.4, 34.4, 32.6, 30.9, 29.4, 28.1, 26.9, 25.8, 24.8, 24.0, 23.3, 22.7, 22.3, 21.9, 21.6, 21.4, 21.3, 21.3, 21.4, 21.5, 21.7, 22.0, 22.3, 22.8, 23.2, 23.8, 24.3, 25.0, 25.7, 26.4, 27.2, 28.0, 28.9, 29.9, 30.9, 31.9, 33.0, 34.1, 35.2, 36.4, 37.6, 38.9, 40.2, 41.6, 42.9, 44.4, 45.8, 47.3, 48.8, 50.3, 51.9, 53.6, 55.2, 56.9, 58.7, 60.6, 62.6, 64.6, 64.3, 54.0, 43.8, 36.5, 31.2, 27.5, 27.2, 37.6, 56.8, 80.8, 106.7, 132.8, 158.3, 183.1, 207.4, 231.1, 254.2, 276.4, 297.4, 317.1, 335.4, 352.3, 367.8, 381.9, 394.7, 406.0, 416.1, 424.8, 432.3, 438.5, 443.5, 447.3, 450.0, 451.5, 452.0, 451.4, 449.8, 447.3, 443.8, 439.4, 434.2, 428.1, 421.4, 413.9, 405.8, 397.2, 388.1, 378.5, 368.7, 358.5, 348.2, 337.8, 327.3, 316.8, 306.7, 297.4, 289.0, 281.4, 274.2, 267.3, 260.5, 253.7, 247.0, 240.2, 233.5, 226.7, 220.1, 213.5, 207.0, 200.7, 194.6, 188.6, 182.8, 177.2, 171.8, 166.6, 161.7, 157.0, 152.7, 149.0, 146.1, 143.9, 142.6, 142.2, 142.6, 143.9, 146.1, 149.0, 152.6, 156.6, 160.9, 165.1, 169.3, 173.2, 176.8, 179.9, 182.6, 184.8, 186.4, 187.5, 188.1, 188.1, 187.6, 186.6, 185.1, 183.1, 180.7, 178.0, 174.9, 171.5, 167.8, 164.0, 159.9, 155.7, 151.3, 146.9, 142.4, 137.9, 133.4, 128.8, 123.1, 111.9, 98.0, 83.8, 71.6, 65.7, 63.7, 63.5, 63.9, 64.1, 64.1, 63.7, 62.8, 61.6, 59.9, 57.9, 55.6, 53.1, 50.6, 48.0, 45.5, 43.0, 40.6, 38.3, 36.1, 34.1, 32.1, 30.3, 28.6, 27.0, 25.6, 24.3, 23.2, 22.2, 21.3, 20.5, 20.0, 19.9, 20.2, 21.2, 22.9, 25.4, 28.6, 32.6, 37.3, 42.6, 48.4, 54.6, 61.0, 67.6, 74.4, 81.2, 88.0, 94.8, 101.5, 107.9, 114.2, 120.2, 125.9, 131.3, 136.3, 141.0, 145.3, 149.3, 152.8, 156.0, 158.7, 161.0, 162.9, 164.4, 165.4, 166.1, 166.4, 166.3, 165.8, 164.9, 163.8, 162.3, 160.4, 158.4, 156.0, 153.4, 150.7, 147.8, 144.7, 141.5, 138.3, 134.9, 131.6, 128.2, 124.8, 121.5, 118.1, 114.8, 111.6, 108.4, 105.3, 102.3, 99.4, 96.6, 93.8, 91.2, 88.6, 86.2, 83.8, 81.7, 79.7, 77.8, 76.0, 74.4, 72.9, 71.6, 70.3, 69.1, 68.0, 67.0, 66.1, 65.2, 64.3, 63.5, 62.7, 61.9, 61.1, 60.2, 59.4, 58.6, 57.7, 56.8, 56.0, 55.2, 54.4, 53.7, 53.0, 52.4, 51.8, 51.3, 50.9, 50.6, 50.4, 50.2, 50.2, 50.1, 50.2, 50.4, 50.6, 50.9, 51.3, 51.7, 52.2, 52.8, 53.4, 54.1, 54.9, 55.8, 56.7, 57.7, 58.8, 60.0, 61.3, 62.7, 64.2, 65.8, 67.5, 69.3, 71.2, 73.3, 76.0, 79.7, 82.2, 75.8, 65.1, 55.4, 49.6, 48.4, 53.3, 69.7, 95.4, 125.1, 155.1, 183.4, 209.1, 232.4, 253.7, 273.3, 291.3, 307.6, 322.2, 335.0, 346.2, 355.7, 363.8, 370.4, 375.7, 379.8, 382.7, 384.5, 385.3, 385.0, 383.8, 381.7, 378.8, 375.4, 371.9, 368.6, 365.3, 361.7, 357.6, 353.0, 347.7, 341.8, 335.3, 328.2, 320.6, 312.6, 304.3, 295.8, 287.2, 278.4, 269.7, 260.9, 252.3, 243.8, 235.4, 227.2, 219.3, 211.5, 204.1, 196.8, 189.9, 183.2, 176.8, 170.7, 164.8, 159.1, 153.7, 148.6, 143.7, 139.0, 134.5, 130.3, 126.3, 122.4, 118.8, 115.4, 112.1, 109.1, 106.2, 103.4, 100.8, 98.4, 96.1, 93.9, 91.8, 89.9, 88.1, 86.3, 84.7, 83.2, 82.0, 81.2, 81.0, 81.6, 83.2, 85.9, 89.6, 94.5, 100.6, 107.8, 116.1, 125.4, 135.4, 145.8, 156.3, 166.8, 177.0, 186.8, 196.1, 204.8, 212.9, 220.2, 226.9, 232.8, 238.0, 242.4, 246.0, 248.9, 251.1, 252.6, 253.6, 254.7, 256.0, 257.7, 259.2, 260.5, 261.1, 261.0, 260.0, 257.1, 247.9, 234.7, 219.7, 205.6, 197.0, 192.7, 190.7, 189.3, 187.6, 185.3, 182.5, 179.4, 176.3, 173.6, 171.6, 170.4, 170.1, 170.8, 172.4, 174.6, 177.2, 179.9, 182.7, 185.3, 187.6, 189.5, 191.0, 192.0, 192.5, 192.4, 191.9, 190.8, 189.3, 187.2, 184.8, 181.9, 178.7, 175.2, 171.3, 167.3, 163.0, 158.6, 154.0, 149.3, 144.5, 139.6, 134.8, 129.9, 125.1, 120.3, 115.6, 110.9, 106.3, 101.8, 97.5, 93.2, 89.1, 85.2, 81.4, 77.9, 74.5, 71.3, 68.2, 65.0, 61.7, 58.3, 54.8, 51.4, 48.2, 45.0, 42.0, 39.2, 36.6, 34.2, 31.9, 29.8, 27.8, 26.0, 24.4, 22.8, 21.5, 20.5, 19.8, 19.3, 18.9, 18.7, 18.5, 18.3, 18.2, 18.2, 18.1, 18.1, 18.1, 18.0, 18.0, 18.0, 18.0, 18.0, 18.0, 18.1, 18.2, 18.4, 18.7, 19.0, 19.4, 19.8, 20.3, 20.9, 21.5, 22.2, 22.9, 23.6, 24.5, 25.3, 26.2, 27.2, 28.2, 29.2, 30.3, 31.4, 32.6, 33.8, 35.0, 36.3, 37.6, 39.0, 40.4, 41.8, 43.3, 44.8, 46.3, 47.8, 49.4, 51.1, 52.7, 54.4, 56.2, 58.0, 59.9, 61.9, 63.9, 66.0, 68.2, 70.5, 72.7, 75.1, 77.4, 79.9, 82.4, 85.0, 87.7, 90.5, 93.4, 96.3, 99.3, 102.3, 105.3, 108.3, 108.7, 98.1, 80.6, 63.1, 50.3, 41.2, 36.0, 39.9, 51.5, 66.4, 81.3, 94.4, 105.2, 114.0, 121.3, 127.5, 132.7, 136.9, 140.2, 142.6, 144.2, 145.5, 146.8, 148.4, 150.5, 153.5, 157.4, 162.2, 168.1, 174.7, 182.0, 189.5, 197.0, 204.3, 211.1, 217.5, 223.1, 228.0, 232.0, 235.3, 237.7, 239.3, 240.0, 240.0, 239.1, 237.8, 236.4, 235.1, 233.6, 231.9, 229.7, 227.0, 223.8, 220.1, 215.9, 211.3, 206.4, 201.2, 195.8, 190.3, 184.7, 179.0, 173.3, 167.7, 162.1, 156.6, 151.2, 145.8, 140.7, 135.7, 130.8, 126.1, 121.6, 117.2, 113.0, 109.0, 105.2, 101.5, 98.0, 94.7, 91.5, 88.5, 85.7, 83.1, 80.6, 78.4, 76.3, 74.4, 72.7, 71.2, 70.2, 69.8, 70.1, 71.3, 73.4, 76.4, 80.5, 85.7, 91.8, 98.6, 106.0, 113.6, 121.4, 129.2, 136.8, 144.1, 151.2, 157.8, 164.0, 169.7, 174.9, 179.5, 183.6, 187.2, 190.2, 192.7, 194.6, 196.0, 196.9, 197.3, 197.1, 196.6, 195.5, 194.3, 193.1, 192.3, 191.8, 191.4, 190.8, 189.9, 188.6, 186.9, 184.7, 180.9, 171.5, 158.4, 144.0, 130.9, 123.6, 120.7, 120.0, 120.2, 120.2, 119.9, 119.5, 119.1, 119.2, 119.9, 121.5, 124.1, 127.8, 132.5, 137.9, 143.7, 149.8, 155.8, 161.7, 167.3, 172.5, 177.3, 181.4, 185.1, 188.1, 190.5, 192.3, 193.5, 194.1, 194.0, 193.5, 192.3, 190.7, 188.5, 186.0, 183.0, 179.7, 176.0, 172.1, 168.0, 163.6, 159.1, 154.5, 149.8, 145.1, 140.3, 135.5, 130.7, 126.0, 121.4, 116.9, 112.4, 108.1, 103.8, 99.7, 95.7, 91.9, 88.2, 84.7, 81.4, 78.3, 75.4, 72.7, 70.1, 67.5, 65.0, 62.4, 59.7, 56.9, 54.0, 51.1, 48.3, 45.6, 42.9, 40.4, 38.1, 35.9, 33.8, 32.0, 30.3, 28.7, 27.3, 26.1, 25.0, 24.0, 23.1, 22.4, 21.8, 21.2, 20.8, 20.5, 20.3, 20.2, 20.1, 20.1, 20.2, 20.4, 20.7, 21.0, 21.3, 21.8, 22.3, 22.8, 23.4, 24.1, 24.8, 25.6, 26.4, 27.2, 28.1, 29.1, 30.1, 31.1, 32.2, 33.3, 34.5, 35.7, 37.0, 38.2, 39.6, 40.9, 42.3, 43.7, 45.2, 46.7, 48.2, 49.8, 51.4, 53.0, 54.7, 56.4, 58.2, 60.1, 62.0, 64.0, 66.1, 68.3, 70.5, 72.8, 75.1, 77.4, 79.8, 82.3, 84.9, 87.6, 90.4, 93.2, 96.2, 99.1, 102.1, 102.5, 92.0, 74.9, 58.9, 47.3, 39.0, 34.5, 39.3, 51.9, 67.7, 83.7, 98.1, 110.6, 122.0, 132.8, 143.9, 155.5, 167.7, 180.5, 193.8, 207.3, 220.8, 233.9, 246.5, 258.4, 269.4, 279.3, 288.2, 296.0, 302.6, 308.1, 312.3, 315.4, 317.4, 318.3, 318.4, 318.3, 318.2, 317.8, 316.9, 315.3, 312.8, 309.6, 305.5, 300.6, 294.9, 288.7, 281.8, 274.6, 267.0, 259.1, 251.0, 242.8, 234.6, 226.4, 218.2, 210.2, 202.3, 194.6, 187.0, 179.7, 172.7, 165.8, 159.2, 152.8, 146.6, 140.7, 135.0, 129.6, 124.4, 119.4, 114.7, 110.2, 105.9, 101.8, 98.0, 94.3, 90.9, 87.6, 84.7, 82.2, 80.3, 79.1, 78.7, 79.1, 80.3, 82.3, 85.2, 89.0, 93.6, 98.9, 104.8, 111.0, 117.4, 123.7, 130.0, 136.2, 142.0, 147.5, 152.7, 157.4, 161.7, 165.5, 168.9, 171.7, 174.2, 176.3, 178.6, 181.1, 183.6, 185.8, 187.6, 188.9, 189.6, 189.8, 189.3, 188.4, 186.8, 184.9, 182.5, 179.7, 176.7, 172.0, 161.4, 147.5, 132.8, 119.9, 113.5, 111.4, 111.3, 111.7, 111.9, 111.5, 110.5, 109.0, 107.1, 104.9, 102.4, 99.8, 97.2, 94.5, 91.8, 89.2, 86.7, 84.3, 82.0, 79.9, 77.9, 76.0, 74.3, 72.7, 71.2, 69.8, 68.6, 67.5, 66.8, 66.7, 67.2, 68.5, 70.6, 73.7, 77.7, 82.7, 88.8, 95.8, 103.9, 112.7, 122.2, 132.1, 142.0, 151.9, 161.6, 171.0, 179.9, 188.2, 196.0, 203.2, 209.7, 215.5, 220.7, 225.1, 228.9, 231.9, 234.3, 235.9, 236.9, 237.3, 237.0, 236.1, 234.6, 232.5, 229.9, 226.8, 223.3, 219.3, 214.9, 210.3, 205.3, 200.1, 194.8, 189.3, 183.7, 178.0, 172.4, 166.7, 161.1, 155.5, 149.9, 144.5, 139.2, 133.9, 128.9, 123.9, 119.1, 114.5, 110.0, 105.7, 101.6, 97.6, 93.8, 90.1, 86.7, 83.4, 80.4, 77.5, 74.9, 72.4, 70.1, 67.8, 65.6, 63.4, 61.1, 58.7, 56.3, 53.8, 51.2, 48.8, 46.4, 44.1, 42.0, 40.0, 38.1, 36.4, 34.8, 33.3, 32.0, 30.9, 29.8, 28.9, 28.1, 27.5, 26.9, 26.5, 26.1, 25.9, 25.7, 25.6, 25.6, 25.7, 25.9, 26.1, 26.4, 26.7, 27.2, 27.7, 28.2, 28.8, 29.5, 30.2, 31.0, 31.8, 32.6, 33.6, 34.5, 35.5, 36.6, 37.7, 38.8, 40.0, 41.2, 42.4, 43.7, 45.1, 46.4, 47.8, 49.2, 50.7, 52.2, 51.4, 42.4, 35.5, 30.5, 27.0, 24.4, 23.8, 29.8, 42.2, 57.0, 71.4, 84.2, 95.2, 104.7, 113.1, 120.9, 128.2, 135.3, 142.5, 150.0, 158.1, 167.0, 176.8, 187.6, 199.4, 211.9, 224.8, 237.8, 250.5, 262.7, 274.4, 285.2, 295.1, 303.9, 311.7, 318.4, 324.2, 329.4, 334.3, 338.9, 343.0, 346.2, 348.4, 349.5, 349.4, 348.2, 345.8, 342.4, 338.0, 332.7, 326.7, 320.0, 312.7, 305.0, 297.0, 288.7, 280.2, 271.6, 262.9, 254.3, 245.7, 237.1, 228.8, 220.6, 212.6, 204.8, 197.2, 189.9, 182.8, 176.0, 169.4, 163.0, 156.9, 151.2, 146.1, 141.9, 138.8, 137.0, 136.5, 137.4, 139.6, 143.1, 147.4, 152.4, 157.6, 163.0, 168.2, 173.3, 178.0, 182.2, 186.0, 189.2, 191.9, 194.0, 195.6, 196.5, 196.9, 196.7, 196.0, 194.7, 193.0, 190.8, 188.1, 185.1, 181.8, 178.1, 174.2, 170.1, 165.7, 161.2, 156.6, 151.9, 147.1, 142.3, 137.5, 132.6, 127.9, 123.1, 117.2, 105.7, 91.8, 77.4, 64.5, 57.9, 55.3, 54.6, 54.9, 55.4, 55.6, 55.5, 54.8, 53.8, 52.5, 50.9, 49.0, 47.1, 45.1, 43.0, 40.9, 38.9, 36.9, 35.0, 33.2, 31.4, 29.8, 28.2, 26.7, 25.3, 24.0, 22.7, 21.6, 20.6, 19.9, 19.3, 19.0, 18.7, 18.5, 18.4, 18.3, 18.2, 18.1, 18.1, 18.1, 18.1, 18.4, 19.3, 20.9, 23.4, 27.0, 31.8, 37.7, 44.8, 52.6, 61.1, 70.2, 79.6, 89.4, 99.2, 109.0, 118.8, 128.4, 137.7, 146.7, 155.2, 163.4, 171.1, 178.2, 184.9, 191.0, 196.5, 201.5, 205.9, 209.7, 212.9, 215.6, 217.7, 219.3, 220.3, 220.7, 220.7, 220.1, 219.0, 217.4, 215.3, 212.8, 209.9, 206.5, 202.8, 198.8, 194.5, 190.0, 185.3, 180.4, 175.4, 170.3, 165.2, 160.0, 154.8, 149.6, 144.5, 139.4, 134.4, 129.6, 124.8, 120.1, 115.6, 111.2, 106.9, 102.8, 98.9, 95.1, 91.4, 87.9, 84.6, 81.5, 78.7, 76.0, 73.5, 71.1, 68.9, 66.7, 64.6, 62.4, 60.1, 57.7, 55.3, 52.9, 50.5, 48.1, 45.8, 43.7, 41.6, 39.7, 38.0, 36.4, 34.9, 33.6, 32.4, 31.3, 30.4, 29.6, 28.9, 28.3, 27.8, 27.5, 27.2, 27.0, 26.9, 26.9, 27.0, 27.1, 27.4, 27.6, 28.0, 28.4, 28.9, 29.5, 30.1, 30.7, 31.4, 32.2, 33.0, 33.9, 34.8, 35.8, 36.8, 37.8, 38.9, 37.8, 32.2, 28.2, 25.3, 23.2, 21.7, 21.7, 26.5, 37.3, 50.1, 62.3, 73.0, 82.1, 89.9, 96.9, 103.5, 109.7, 115.4, 120.6, 125.4, 130.2, 135.3, 141.2, 148.0, 155.9, 165.2, 175.8, 187.8, 201.0, 215.0, 229.6, 244.3, 258.7, 272.7, 285.9, 298.3, 309.7, 320.1, 329.2, 337.2, 343.9, 349.5, 353.8, 356.9, 358.8, 359.6, 359.3, 358.0, 355.6, 352.4, 348.3, 344.1, 340.5, 337.1, 333.7, 330.0, 325.8, 320.9, 315.4, 309.3, 302.6, 295.4, 287.8, 279.8, 271.6, 263.3, 254.9, 246.4, 238.0, 229.7, 221.5, 213.5, 205.6, 198.0, 190.7, 183.5, 176.7, 170.1, 163.7, 157.6, 151.7, 146.0, 140.6, 135.6, 131.2, 127.7, 125.2, 123.9, 123.8, 125.0, 127.5, 131.2, 135.7, 140.7, 146.1, 151.6, 157.0, 162.2, 167.1, 171.6, 175.6, 179.0, 182.0, 184.3, 186.2, 187.4, 188.1, 188.2, 187.8, 186.8, 185.5, 184.0, 183.1, 182.9, 182.9, 182.9, 182.6, 181.9, 179.4, 170.8, 158.8, 145.9, 134.4, 129.0, 127.3, 127.1, 127.1, 126.8, 125.8, 124.2, 122.0, 119.4, 116.5, 113.4, 110.2, 106.9, 103.6, 100.4, 97.2, 94.1, 91.0, 88.1, 85.3, 82.7, 80.3, 78.0, 75.9, 73.9, 72.0, 70.3, 68.7, 67.2, 65.7, 64.3, 62.8, 61.4, 59.8, 58.3, 56.8, 55.5, 54.6, 54.3, 54.5, 55.5, 57.2, 59.8, 63.3, 67.7, 73.1, 79.3, 86.5, 94.3, 102.5, 111.0, 119.6, 128.1, 136.5, 144.6, 152.5, 159.9, 166.8, 173.3, 179.3, 184.7, 189.6, 194.0, 197.7, 201.0, 203.6, 205.7, 207.3, 208.3, 208.8, 208.8, 208.3, 207.4, 206.0, 204.2, 201.9, 199.3, 196.4, 193.1, 189.6, 185.8, 181.8, 177.7, 173.4, 169.0, 164.5, 160.0, 155.4, 150.9, 146.3, 141.8, 137.3, 132.9, 128.6, 124.4, 120.3, 116.3, 112.4, 108.7, 105.0, 101.6, 98.2, 95.0, 91.9, 88.9, 86.1, 83.5, 81.0, 78.7, 76.6, 74.6, 72.8, 71.1, 69.6, 68.1, 66.7, 65.4, 64.1, 62.8, 61.5, 60.1, 58.7, 57.3, 55.8, 54.3, 52.9, 51.5, 50.1, 48.9, 47.7, 46.6, 45.6, 44.7, 44.0, 43.3, 42.7, 42.2, 41.9, 41.6, 41.4, 41.3, 41.3, 41.4, 41.5, 41.7, 42.0, 42.4, 42.8, 43.3, 43.9, 44.5, 45.2, 46.0, 46.8, 47.6, 48.5, 49.5, 50.5, 51.6, 52.7, 53.8, 55.1, 56.4, 57.7, 59.2, 58.3, 47.8, 39.4, 33.3, 29.0, 25.9, 24.9, 30.8, 43.5, 58.6, 73.5, 86.8, 98.2, 108.1, 117.3, 126.6, 136.1, 146.2, 156.9, 168.2, 180.3, 193.3, 207.1, 221.4, 235.9, 250.4, 264.5, 278.1, 290.9, 302.9, 313.9, 323.9, 332.7, 340.3, 346.8, 352.0, 356.1, 359.0, 360.8, 361.5, 361.1, 359.7, 357.3, 354.0, 349.8, 344.8, 339.1, 332.7, 326.0, 319.5, 313.2, 307.1, 300.9, 294.6, 288.0, 281.1, 273.9, 266.5, 258.9, 251.1, 243.2, 235.3, 227.5, 219.7, 212.0, 204.4, 197.0, 189.8, 182.9, 176.1, 169.6, 163.3, 157.3, 151.4, 145.8, 140.5, 135.4, 130.5, 125.8, 121.4, 117.1, 113.1, 109.2, 105.6, 102.1, 99.0, 96.3, 94.5, 93.6, 93.8, 95.2, 97.8, 101.7, 106.8, 113.0, 119.9, 127.4, 135.2, 143.1, 150.8, 158.2, 165.3, 172.0, 178.1, 183.7, 188.7, 193.1, 196.9, 200.1, 202.6, 204.6, 206.1, 207.8, 210.2, 212.9, 215.7, 218.1, 219.9, 221.1, 221.4, 220.9, 219.7, 217.8, 215.3, 212.2, 208.6, 204.6, 200.3, 195.7, 191.0, 186.0, 181.0, 176.0, 170.9, 165.8, 160.7, 154.9, 144.8, 131.1, 116.3, 102.6, 93.8, 89.9, 88.7, 88.6, 88.7, 88.7, 89.0, 89.7, 91.4, 94.2, 98.5, 104.0, 110.6, 118.0, 125.8, 133.8, 141.8, 149.7, 157.3, 164.5, 171.2, 177.5, 183.1, 188.2, 192.6, 196.4, 199.6, 202.1, 204.1, 205.4, 206.1, 206.3, 205.9, 204.9, 203.5, 201.5, 199.1, 196.3, 193.1, 189.5, 185.7, 181.6, 177.3, 172.9, 168.3, 163.6, 158.9, 154.1, 149.2, 144.4, 139.7, 134.9, 130.3, 125.7, 121.3, 116.9, 112.7, 108.5, 104.6, 100.7, 97.0, 93.5, 90.0, 86.8, 83.7, 80.8, 78.1, 75.6, 73.2, 71.0, 68.9, 66.9, 64.9, 62.9, 60.8, 58.7, 56.4, 54.2, 51.9, 49.7, 47.5, 45.4, 43.5, 41.6, 39.9, 38.3, 36.9, 35.6, 34.4, 33.4, 32.5, 31.7, 31.0, 30.4, 30.0, 29.6, 29.3, 29.2, 29.1, 29.1, 29.2, 29.3, 29.6, 29.9, 30.2, 30.7, 31.2, 31.7, 32.3, 33.0, 33.7, 34.5, 35.4, 36.2, 37.2, 38.2, 39.2, 40.3, 41.4, 42.5, 43.7, 45.0, 46.3, 47.6, 48.9, 50.3, 51.8, 53.2, 54.8, 56.3, 58.0, 59.7, 61.5, 63.4, 65.4, 67.4, 69.5, 71.7, 73.9, 76.2, 78.5, 80.9, 83.3, 85.9, 88.6, 91.3, 94.1, 94.4, 84.1, 67.8, 53.7, 43.6, 36.4, 34.0, 43.0, 61.4, 84.7, 109.4, 133.6, 156.5, 177.9, 198.3, 217.6, 235.8, 252.7, 268.2, 282.2, 294.6, 305.5, 314.9, 322.9, 329.5, 334.8, 338.9, 341.7, 343.5, 344.2, 343.9, 342.6, 340.4, 337.6, 334.6, 331.7, 328.7, 325.3, 321.5, 317.1, 312.1, 306.5, 300.4, 293.7, 286.7, 279.2, 271.6, 263.7, 255.7, 247.7, 239.7, 231.8, 223.9, 216.2, 208.7, 201.3, 194.2, 187.2, 180.6, 174.1, 167.9, 161.9, 156.2, 150.7, 145.4, 140.3, 135.5, 130.9, 126.5, 122.4, 118.4, 114.6, 111.1, 107.7, 104.5, 101.5, 98.6, 96.1, 94.2, 93.1, 92.9, 94.0, 96.3, 99.9, 104.9, 111.3, 118.8, 127.2, 136.3, 145.6, 155.0, 164.3, 173.4, 182.0, 190.1, 197.7, 204.6, 210.9, 216.5, 221.4, 225.6, 229.0, 231.7, 233.7, 235.0, 235.7, 235.6, 235.0, 233.7, 231.8, 229.4, 226.4, 223.0, 219.1, 214.9, 210.3, 205.4, 200.2, 194.9, 189.4, 183.9, 178.2, 172.6, 167.2, 162.4, 158.2, 154.5, 149.8, 139.5, 126.1, 112.1, 99.8, 93.7, 91.7, 91.6, 92.0, 92.2, 91.9, 91.1, 89.8, 88.1, 86.1, 83.9, 81.7, 79.6, 77.9, 76.8, 76.4, 77.0, 78.5, 81.0, 84.6, 89.4, 95.2, 102.1, 109.6, 117.5, 125.6, 133.8, 141.8, 149.6, 157.0, 164.0, 170.4, 176.3, 181.6, 186.4, 190.5, 194.0, 196.8, 199.1, 200.8, 201.8, 202.3, 202.3, 201.7, 200.7, 199.1, 197.1, 194.7, 191.9, 188.8, 185.3, 181.6, 177.7, 173.6, 169.3, 164.9, 160.4, 155.8, 151.2, 146.6, 142.1, 137.5, 133.0, 128.6, 124.2, 120.0, 115.8, 111.8, 107.9, 104.1, 100.4, 96.9, 93.5, 90.2, 87.1, 84.2, 81.5, 78.9, 76.5, 74.3, 72.2, 70.2, 68.4, 66.6, 64.9, 63.1, 61.3, 59.5, 57.5, 55.5, 53.5, 51.5, 49.6, 47.7, 45.9, 44.3, 42.7, 41.3, 40.0, 38.8, 37.8, 36.8, 36.0, 35.3, 34.7, 34.2, 33.8, 33.5, 33.3, 33.2, 33.2, 33.3, 33.4, 33.6, 33.9, 34.3, 34.7, 35.2, 35.7, 36.3, 37.0, 37.7, 38.5, 39.4, 40.2, 41.2, 42.2, 43.2, 44.3, 45.4, 46.5, 47.8, 49.0, 50.3, 51.6, 53.0, 54.4, 55.9, 57.4, 59.0, 60.8, 62.5, 64.4, 66.4, 68.4, 70.5, 72.7, 74.8, 77.1, 79.4, 81.8, 84.2, 86.8, 89.4, 92.2, 95.0, 95.2, 84.8, 68.0, 53.9, 43.7, 36.4, 32.8, 38.3, 51.6, 68.2, 84.8, 99.8, 112.5, 123.1, 132.1, 139.9, 146.7, 152.5, 157.1, 160.7, 163.5, 165.8, 168.0, 170.5, 173.6, 177.5, 182.2, 188.0, 194.7, 202.3, 210.4, 218.8, 227.0, 234.8, 242.0, 248.5, 254.6, 260.9, 267.5, 274.1, 280.1, 285.2, 289.1, 291.7, 292.9, 292.8, 291.5, 289.0, 285.6, 281.2, 276.0, 270.2, 263.9, 257.1, 250.0, 242.7, 235.2, 227.6, 220.0, 212.4, 204.9, 197.5, 190.2, 183.1, 176.2, 169.5, 163.0, 156.6, 150.5, 144.6, 138.9, 133.5, 128.3, 123.3, 118.6, 114.5, 111.2, 108.8, 107.5, 107.3, 108.3, 110.4, 113.5, 117.4, 121.8, 126.5, 131.3, 136.2, 140.8, 145.3, 149.4, 153.2, 156.5, 159.5, 161.9, 163.9, 165.4, 166.5, 167.0, 167.2, 166.8, 166.1, 164.9, 163.4, 161.5, 159.3, 156.8, 154.1, 151.1, 148.0, 144.8, 141.4, 137.9, 134.7, 131.9, 129.8, 128.0, 126.4, 124.8, 123.1, 121.4, 119.5, 117.5, 114.3, 105.8, 94.5, 82.5, 71.7, 66.2, 64.2, 64.0, 64.3, 64.7, 64.8, 64.6, 64.1, 63.3, 62.3, 61.0, 59.6, 58.0, 56.3, 54.4, 52.6, 50.8, 49.0, 47.2, 45.6, 44.0, 42.6, 41.3, 40.1, 39.0, 38.0, 37.2, 36.5, 35.8, 35.3, 35.0, 35.1, 35.7, 37.0, 39.1, 42.0, 45.6, 50.2, 55.7, 62.1, 69.5, 77.6, 86.4, 95.5, 104.9, 114.4, 123.9, 133.2, 142.4, 151.2, 159.6, 167.6, 175.1, 182.1, 188.5, 194.4, 199.7, 204.5, 208.6, 212.2, 215.2, 217.6, 219.4, 220.7, 221.4, 221.6, 221.3, 220.4, 219.1, 217.3, 215.1, 212.4, 209.3, 205.9, 202.1, 198.1, 193.8, 189.3, 184.6, 179.8, 174.9, 169.9, 164.9, 159.9, 154.9, 149.9, 145.0, 140.1, 135.3, 130.7, 126.1, 121.6, 117.3, 113.1, 109.1, 105.2, 101.5, 97.8, 94.4, 91.1, 87.9, 84.9, 82.1, 79.5, 77.1, 74.9, 72.8, 70.9, 69.1, 67.4, 65.7, 64.1, 62.4, 60.7, 58.9, 57.1, 55.2, 53.3, 51.5, 49.7, 48.0, 46.3, 44.8, 43.4, 42.1, 41.0, 39.9, 39.0, 38.2, 37.5, 36.9, 36.4, 36.0, 35.7, 35.5, 35.4, 35.4, 35.5, 35.6, 35.9, 36.2, 36.5, 37.0, 37.5, 38.0, 38.7, 39.3, 40.1, 40.9, 41.7, 42.6, 43.6, 44.6, 45.6, 46.7, 47.8, 49.0, 50.2, 51.5, 52.8, 51.7, 42.6, 35.6, 30.6, 27.1, 24.5, 24.3, 33.2, 49.9, 70.5, 92.4, 114.3, 135.5, 156.0, 176.1, 195.7, 214.8, 233.2, 250.6, 266.9, 282.1, 296.1, 308.9, 320.6, 331.1, 340.5, 348.8, 356.0, 362.1, 367.2, 371.2, 374.3, 376.3, 377.4, 377.5, 376.7, 375.0, 372.5, 369.2, 365.2, 360.4, 354.9, 348.8, 342.1, 334.9, 327.2, 319.2, 310.8, 302.2, 293.7, 286.0, 279.1, 272.8, 266.9, 261.1, 255.2, 249.1, 242.9, 236.5, 229.9, 223.2, 216.5, 209.7, 203.0, 196.3, 189.7, 183.3, 177.0, 170.9, 165.0, 159.3, 153.8, 148.4, 143.3, 138.4, 133.7, 129.2, 124.9, 120.8, 116.9, 113.2, 109.7, 106.4, 103.3, 100.3, 97.6, 94.9, 92.5, 90.2, 88.0, 86.0, 84.3, 83.0, 82.4, 82.7, 83.8, 86.1, 89.4, 93.9, 99.5, 106.3, 114.1, 122.9, 132.4, 142.3, 152.3, 162.3, 172.1, 181.5, 190.4, 198.8, 206.6, 213.8, 220.7, 228.0, 235.8, 243.6, 251.1, 257.9, 263.9, 268.9, 272.8, 275.7, 277.5, 278.3, 278.1, 277.0, 275.0, 272.3, 268.8, 264.7, 258.8, 246.6, 230.8, 213.7, 198.1, 188.7, 183.7, 180.8, 178.5, 176.0, 173.0, 169.4, 165.2, 160.6, 155.7, 150.5, 145.3, 140.2, 135.5, 131.4, 128.1, 125.8, 124.4, 124.1, 124.9, 126.8, 129.6, 133.0, 136.8, 140.9, 144.9, 148.8, 152.5, 155.8, 158.7, 161.2, 163.3, 164.8, 165.9, 166.5, 166.6, 166.3, 165.5, 164.3, 162.7, 160.8, 158.6, 156.1, 153.3, 150.4, 147.3, 144.0, 140.6, 137.1, 133.6, 130.1, 126.5, 123.0, 119.4, 116.0, 112.5, 109.2, 105.9, 102.6, 99.5, 96.5, 93.6, 90.7, 88.0, 85.4, 82.9, 80.6, 78.5, 76.4, 74.6, 72.8, 71.2, 69.7, 68.2, 66.9, 65.6, 64.3, 63.0, 61.7, 60.3, 58.9, 57.5, 56.0, 54.5, 53.0, 51.6, 50.2, 48.9, 47.6, 46.5, 45.5, 44.5, 43.7, 43.0, 42.4, 41.8, 41.4, 41.1, 40.9, 40.7, 40.7, 40.7, 40.8, 41.0, 41.2, 41.6, 42.0, 42.4, 43.0, 43.6, 44.2, 45.0, 45.7, 46.6, 47.4, 48.4, 49.4, 50.4, 51.5, 52.6, 53.8, 55.0, 56.4, 57.7, 59.2, 60.8, 62.4, 64.2, 66.0, 67.9, 69.9, 72.0, 74.1, 76.2, 78.4, 80.6, 83.0, 85.5, 88.0, 90.6, 93.3, 96.1, 98.9, 101.7, 104.6, 107.5, 110.4, 113.2, 116.0, 118.7, 121.3, 123.7, 123.3, 111.4, 91.9, 71.4, 56.3, 45.4, 38.8, 39.9, 48.7, 60.7, 72.6, 83.0, 91.4, 98.6, 105.4, 112.8, 120.9, 130.1, 140.4, 151.9, 164.4, 177.5, 190.9, 204.3, 217.4, 230.0, 241.8, 252.8, 262.8, 271.8, 279.7, 286.5, 292.2, 296.7, 300.2, 302.6, 304.0, 304.4, 303.9, 302.4, 300.1, 297.0, 293.2, 288.6, 283.5, 277.8, 271.6, 265.1, 258.8, 252.9, 247.5, 242.3, 237.1, 231.7, 226.2, 220.5, 214.7, 208.6, 202.5, 196.3, 190.1, 183.9, 177.7, 171.7, 165.7, 159.8, 154.1, 148.6, 143.2, 138.0, 132.9, 128.1, 123.5, 119.0, 114.8, 110.7, 106.9, 103.2, 99.7, 96.4, 93.3, 90.3, 87.6, 85.4, 83.7, 82.7, 82.6, 83.2, 84.8, 87.3, 90.7, 95.0, 100.1, 106.0, 112.5, 119.2, 126.1, 133.0, 139.7, 146.2, 152.4, 158.1, 163.4, 168.2, 172.5, 176.2, 179.4, 182.1, 184.2, 185.8, 186.9, 187.5, 188.0, 188.9, 190.4, 192.0, 193.5, 194.6, 195.2, 195.2, 194.7, 193.5, 191.7, 189.5, 186.8, 183.7, 180.3, 176.7, 172.9, 168.9, 164.9, 160.7, 155.6, 146.3, 133.2, 118.8, 105.4, 97.0, 93.5, 92.8, 93.1, 93.7, 94.1, 94.6, 95.4, 96.9, 99.3, 102.9, 107.5, 113.1, 119.2, 125.8, 132.6, 139.3, 146.0, 152.4, 158.4, 164.1, 169.2, 173.9, 178.0, 181.5, 184.5, 186.9, 188.7, 189.9, 190.6, 190.7, 190.3, 189.4, 188.0, 186.1, 183.8, 181.2, 178.2, 174.9, 171.4, 167.7, 163.8, 159.7, 155.5, 151.2, 146.9, 142.6, 138.2, 133.9, 129.6, 125.4, 121.2, 117.2, 113.2, 109.3, 105.6, 101.9, 98.4, 95.0, 91.7, 88.6, 85.6, 82.8, 80.2, 77.7, 75.4, 73.3, 71.3, 69.4, 67.6, 65.8, 64.1, 62.4, 60.5, 58.6, 56.7, 54.6, 52.6, 50.7, 48.8, 46.9, 45.2, 43.6, 42.1, 40.7, 39.4, 38.3, 37.3, 36.4, 35.6, 34.9, 34.4, 33.9, 33.6, 33.3, 33.2, 33.1, 33.1, 33.2, 33.4, 33.6, 33.9, 34.3, 34.8, 35.3, 35.8, 36.5, 37.2, 37.9, 38.7, 39.6, 40.5, 41.4, 42.4, 43.5, 44.6, 45.7, 46.9, 48.1, 49.3, 50.6, 52.0, 53.4, 54.8, 56.3, 57.9, 59.5, 61.3, 63.1, 65.0, 67.0, 69.0, 71.1, 73.3, 75.5, 77.7, 80.1, 82.5, 85.0, 87.6, 90.2, 93.0, 95.8, 98.7, 101.6, 104.5, 107.4, 110.3, 113.2, 116.0, 118.7, 118.6, 107.2, 88.3, 68.7, 54.3, 44.0, 37.8, 39.8, 49.5, 62.4, 75.3, 86.6, 96.1, 104.2, 111.6, 119.0, 126.6, 134.4, 142.5, 150.8, 159.5, 168.4, 177.3, 186.2, 194.7, 202.8, 210.3, 217.1, 223.2, 228.5, 233.0, 236.7, 239.6, 241.6, 242.8, 243.2, 242.9, 241.8, 240.1, 237.7, 234.6, 231.1, 227.1, 222.6, 217.8, 212.7, 207.8, 203.8, 200.8, 198.6, 196.6, 194.7, 192.5, 190.0, 187.2, 184.0, 180.4, 176.6, 172.6, 168.4, 164.0, 159.6, 155.1, 150.6, 146.2, 141.8, 137.5, 133.3, 129.2, 125.2, 121.3, 117.7, 114.1, 110.7, 107.5, 104.6, 102.3, 100.8, 100.4, 101.2, 103.3, 106.8, 111.7, 117.8, 124.9, 132.6, 140.7, 149.0, 157.1, 165.0, 172.6, 179.7, 186.2, 192.2, 197.6, 202.3, 206.4, 209.7, 212.4, 214.5, 215.8, 216.5, 216.6, 216.1, 215.0, 213.3, 211.1, 208.5, 205.8, 203.6, 202.1, 200.9, 199.8, 198.4, 196.6, 194.4, 191.8, 188.8, 185.3, 181.5, 177.4, 173.1, 168.7, 164.1, 159.4, 154.6, 149.9, 145.2, 140.5, 135.9, 131.4, 127.0, 122.7, 118.6, 114.6, 110.7, 105.7, 95.4, 82.6, 69.3, 57.8, 52.4, 50.7, 50.4, 50.4, 50.1, 49.4, 48.2, 46.7, 45.0, 43.1, 41.2, 39.4, 38.0, 37.1, 36.9, 37.4, 38.7, 40.8, 43.7, 47.3, 51.8, 57.1, 63.0, 69.4, 76.2, 83.2, 90.3, 97.5, 104.6, 111.6, 118.4, 124.9, 131.1, 137.0, 142.5, 147.7, 152.4, 156.7, 160.6, 164.0, 167.0, 169.5, 171.6, 173.2, 174.4, 175.1, 175.5, 175.4, 174.9, 174.1, 172.9, 171.3, 169.4, 167.3, 164.8, 162.1, 159.2, 156.1, 152.8, 149.4, 145.8, 142.2, 138.6, 134.9, 131.2, 127.5, 123.9, 120.3, 116.7, 113.2, 109.8, 106.4, 103.2, 100.0, 97.0, 94.0, 91.2, 88.4, 85.8, 83.4, 81.1, 78.9, 76.9, 75.0, 73.3, 71.7, 70.2, 68.8, 67.5, 66.3, 65.1, 63.9, 62.7, 61.6, 60.3, 59.0, 57.7, 56.4, 55.0, 53.7, 52.4, 51.2, 50.0, 48.9, 47.8, 46.9, 46.1, 45.3, 44.7, 44.1, 43.7, 43.3, 43.1, 42.9, 42.8, 42.8, 42.9, 43.1, 43.3, 43.6, 44.0, 44.4, 45.0, 45.5, 46.2, 46.9, 47.6, 48.4, 49.3, 50.2, 51.1, 52.2, 53.2, 54.4, 55.5, 56.8, 58.1, 59.6, 61.1, 62.7, 64.4, 66.2, 68.1, 70.1, 72.1, 74.1, 76.2, 75.9, 65.3, 52.0, 42.4, 35.5, 30.5, 28.5, 35.0, 48.9, 65.8, 82.8, 98.3, 112.3, 125.3, 138.2, 151.7, 165.9, 181.2, 197.4, 214.5, 232.1, 249.9, 267.6, 285.0, 301.6, 317.4, 332.3, 346.0, 358.5, 369.7, 379.6, 388.2, 395.4, 401.3, 405.9, 409.2, 411.2, 412.0, 411.7, 410.2, 407.6, 404.1, 399.6, 394.2, 388.0, 381.1, 373.5, 365.3, 356.6, 347.8, 339.1, 331.0, 323.3, 316.1, 308.9, 301.7, 294.4, 286.9, 279.2, 271.4, 263.5, 255.6, 247.7, 239.7, 231.9, 224.2, 216.7, 209.3, 202.2, 195.2, 188.5, 182.1, 175.8, 169.9, 164.1, 158.6, 153.5, 148.9, 145.3, 142.8, 141.5, 141.5, 142.9, 145.5, 149.0, 153.2, 157.7, 162.4, 167.1, 171.5, 175.7, 179.4, 182.8, 185.6, 187.9, 189.6, 190.8, 191.4, 191.5, 191.1, 190.1, 188.6, 186.7, 184.3, 181.5, 178.5, 175.9, 174.1, 172.9, 172.0, 170.9, 169.7, 168.0, 166.0, 163.6, 160.7, 157.6, 154.1, 150.5, 146.6, 142.6, 138.6, 134.4, 130.3, 126.2, 122.1, 118.1, 114.2, 110.4, 106.7, 103.1, 99.6, 96.3, 93.1, 90.0, 87.1, 84.3, 81.7, 79.3, 76.0, 67.3, 56.2, 45.5, 38.0, 33.7, 33.3, 34.4, 35.9, 37.2, 37.9, 38.2, 38.1, 37.7, 37.1, 36.3, 35.5, 34.7, 34.0, 33.6, 33.8, 34.6, 36.2, 38.5, 41.6, 45.6, 50.4, 56.1, 62.8, 70.3, 78.6, 87.4, 96.7, 106.1, 115.6, 125.0, 134.2, 143.2, 151.9, 160.1, 167.9, 175.2, 182.0, 188.2, 193.9, 199.0, 203.5, 207.4, 210.8, 213.6, 215.7, 217.3, 218.4, 218.9, 218.8, 218.2, 217.1, 215.5, 213.4, 210.9, 207.9, 204.6, 200.9, 196.9, 192.7, 188.2, 183.5, 178.7, 173.8, 168.9, 163.9, 158.8, 153.8, 148.7, 143.8, 138.9, 134.0, 129.3, 124.7, 120.2, 115.9, 111.6, 107.5, 103.6, 99.8, 96.1, 92.6, 89.3, 86.1, 83.1, 80.3, 77.7, 75.3, 73.1, 71.0, 69.0, 67.1, 65.3, 63.4, 61.5, 59.5, 57.5, 55.4, 53.3, 51.2, 49.1, 47.2, 45.3, 43.6, 41.9, 40.5, 39.1, 37.8, 36.7, 35.8, 34.9, 34.1, 33.5, 33.0, 32.6, 32.2, 32.0, 31.9, 31.8, 31.9, 32.0, 32.2, 32.4, 32.8, 33.2, 33.7, 34.2, 34.8, 35.4, 36.1, 36.9, 37.7, 38.6, 39.5, 40.5, 41.5, 42.5, 43.6, 44.8, 46.0, 47.2, 48.4, 49.7, 51.1, 50.1, 41.4, 34.8, 30.0, 26.6, 24.2, 23.6, 29.3, 41.4, 55.9, 70.4, 84.0, 96.6, 108.9, 121.3, 134.4, 148.3, 163.0, 178.3, 194.2, 210.4, 226.6, 242.7, 258.3, 273.4, 287.8, 301.4, 314.1, 325.8, 336.5, 346.2, 354.7, 362.2, 368.5, 373.7, 377.8, 380.8, 382.8, 383.7, 383.6, 382.5, 380.5, 377.7, 374.0, 369.4, 364.1, 358.2, 351.5, 344.3, 336.6, 328.6, 321.0, 314.4, 308.7, 303.5, 298.4, 293.1, 287.6, 281.7, 275.4, 268.9, 262.0, 254.9, 247.7, 240.3, 232.9, 225.6, 218.3, 211.1, 204.1, 197.2, 190.5, 184.1, 177.8, 171.8, 166.1, 160.5, 155.2, 150.0, 145.2, 140.5, 136.0, 131.8, 127.8, 124.0, 120.3, 117.1, 114.4, 112.5, 111.6, 111.8, 113.3, 116.0, 120.1, 125.4, 131.9, 139.6, 147.9, 156.7, 165.6, 174.4, 183.0, 191.1, 198.7, 205.7, 212.0, 217.6, 222.4, 226.5, 229.7, 232.3, 234.0, 235.0, 235.3, 234.9, 233.8, 232.1, 229.8, 226.9, 223.5, 219.6, 215.3, 210.6, 205.7, 200.4, 195.0, 189.5, 184.3, 179.8, 175.7, 171.9, 168.2, 164.5, 160.7, 156.7, 152.6, 147.5, 138.1, 125.0, 110.6, 97.3, 88.7, 84.9, 83.4, 82.9, 82.5, 81.9, 80.9, 79.6, 78.0, 76.1, 74.2, 72.3, 70.3, 68.3, 66.5, 65.0, 64.0, 63.7, 64.2, 65.7, 68.3, 71.8, 76.1, 81.0, 86.3, 91.8, 97.5, 103.1, 108.6, 114.0, 119.1, 124.0, 128.5, 132.7, 136.5, 139.9, 142.9, 145.5, 147.7, 149.5, 151.0, 152.0, 152.6, 152.8, 152.7, 152.2, 151.4, 150.3, 148.9, 147.2, 145.3, 143.2, 141.0, 138.5, 136.0, 133.4, 130.7, 127.9, 125.2, 122.4, 119.6, 116.8, 114.0, 111.3, 108.6, 106.0, 103.4, 100.9, 98.5, 96.2, 93.9, 91.7, 89.7, 87.6, 85.7, 83.9, 82.2, 80.7, 79.2, 77.9, 76.7, 75.6, 74.6, 73.7, 72.9, 72.2, 71.6, 71.0, 70.6, 70.2, 70.0, 69.8, 69.6, 69.6, 69.6, 69.7, 69.8, 70.0, 70.3, 70.7, 71.1, 71.6, 72.1, 72.7, 73.3, 74.0, 74.7, 75.5, 76.4, 77.2, 78.2, 79.1, 80.2, 81.2, 82.4, 83.6, 84.9, 86.3, 87.7, 89.2, 90.8, 92.4, 94.1, 95.8, 97.5, 99.2, 100.9, 102.6, 104.2, 105.8, 107.2, 108.6, 109.9, 111.0, 112.0, 112.8, 113.5, 114.1, 114.5, 114.7, 114.9, 114.9, 114.8, 114.6, 114.3, 113.9, 113.5, 110.1, 95.3, 74.1, 58.2, 46.8, 38.6, 33.4, 32.5, 38.9, 47.9, 56.8, 64.0, 69.6, 73.8, 77.3, 80.3, 82.9, 85.1, 86.9, 88.2, 89.2, 90.2, 91.4, 93.0, 95.3, 98.3, 102.2, 107.1, 112.9, 119.8, 127.6, 136.3, 145.7, 155.7, 165.9, 176.0, 186.0, 195.6, 204.7, 213.1, 220.9, 228.0, 234.2, 239.7, 244.3, 248.2, 251.2, 253.4, 254.8, 255.8, 256.9, 258.2, 259.4, 260.4, 260.8, 260.4, 259.3, 257.4, 254.7, 251.3, 247.3, 242.7, 237.6, 232.2, 226.4, 220.4, 214.2, 207.9, 201.6, 195.3, 189.0, 182.7, 176.6, 170.6, 164.7, 158.9, 153.3, 147.8, 142.5, 137.3, 132.3, 127.5, 122.8, 118.3, 114.1, 110.5, 107.5, 105.4, 104.3, 104.3, 105.4, 107.7, 111.0, 115.3, 120.3, 125.7, 131.3, 137.0, 142.5, 147.8, 152.7, 157.2, 161.2, 164.7, 167.6, 170.0, 171.8, 173.1, 173.7, 173.9, 173.5, 172.7, 171.3, 169.6, 167.4, 165.0, 162.2, 159.4, 156.0, 148.7, 138.0, 125.9, 114.7, 108.1, 106.1, 106.4, 107.5, 108.5, 108.9, 108.7, 107.8, 106.3, 104.4, 102.3, 99.8, 97.3, 94.7, 92.0, 89.4, 86.7, 84.2, 81.8, 79.5, 77.4, 75.4, 73.5, 71.7, 70.0, 68.5, 67.0, 65.5, 64.1, 62.7, 61.2, 59.6, 58.0, 56.4, 54.7, 53.0, 51.4, 50.0, 49.2, 49.1, 49.9, 51.9, 55.1, 59.6, 65.5, 72.8, 81.3, 90.6, 100.5, 110.8, 121.2, 131.6, 141.9, 151.9, 161.5, 170.7, 179.4, 187.5, 195.0, 202.0, 208.3, 213.9, 218.9, 223.2, 226.9, 230.0, 232.3, 234.1, 235.2, 235.7, 235.6, 234.9, 233.7, 231.9, 229.5, 226.7, 223.5, 219.8, 215.7, 211.3, 206.5, 201.6, 196.4, 191.0, 185.6, 180.0, 174.4, 168.8, 163.2, 157.6, 152.1, 146.6, 141.2, 136.0, 130.8, 125.8, 120.9, 116.2, 111.7, 107.3, 103.0, 99.0, 95.1, 91.3, 87.7, 84.4, 81.3, 78.3, 75.6, 73.1, 70.7, 68.4, 66.2, 64.0, 61.7, 59.4, 57.0, 54.5, 52.0, 49.6, 47.2, 45.0, 42.8, 40.8, 38.9, 37.2, 35.6, 34.2, 32.9, 31.7, 30.7, 29.8, 29.0, 28.4, 27.8, 27.4, 27.1, 26.8, 26.7, 26.6, 26.6, 26.7, 26.9, 27.1, 27.5, 27.8, 28.3, 28.8, 29.4, 30.0, 30.7, 31.4, 32.2, 33.0, 33.9, 34.9, 35.8, 36.9, 38.0, 39.1, 40.2, 41.4, 42.7, 43.9, 45.3, 44.3, 37.0, 31.6, 27.7, 25.0, 23.0, 22.7, 28.1, 39.8, 53.8, 67.7, 80.7, 92.8, 104.7, 117.0, 130.0, 144.0, 158.8, 174.3, 190.1, 206.1, 222.0, 237.5, 252.6, 267.0, 280.8, 293.7, 305.8, 316.9, 327.0, 336.1, 344.1, 351.1, 357.0, 361.8, 365.6, 368.3, 370.1, 370.8, 370.6, 369.4, 367.4, 364.6, 361.7, 359.4, 357.4, 355.4, 353.0, 350.0, 346.3, 341.8, 336.5, 330.5, 323.9, 316.7, 309.0, 300.9, 292.6, 284.0, 275.4, 266.6, 257.9, 249.3, 240.8, 232.4, 224.2, 216.2, 208.4, 200.9, 193.6, 186.6, 179.9, 173.5, 167.3, 161.3, 155.6, 150.1, 144.9, 139.9, 135.1, 130.6, 126.2, 122.0, 118.1, 114.3, 110.6, 107.2, 104.0, 101.2, 99.0, 97.5, 96.8, 96.8, 97.8, 99.7, 102.4, 106.0, 110.5, 115.8, 121.7, 128.1, 134.8, 141.5, 148.1, 154.5, 160.6, 166.3, 171.5, 176.3, 180.9, 185.9, 191.4, 196.9, 202.2, 206.9, 210.9, 214.1, 216.5, 218.0, 218.6, 218.4, 217.5, 215.9, 213.6, 210.8, 207.4, 203.7, 198.7, 189.1, 175.5, 160.2, 145.7, 135.9, 131.0, 128.9, 127.8, 126.8, 125.5, 123.6, 121.2, 118.4, 115.3, 112.0, 108.5, 105.0, 101.5, 98.0, 94.6, 91.3, 88.1, 85.0, 82.1, 79.4, 76.9, 74.5, 72.2, 70.1, 68.1, 66.1, 64.1, 62.1, 60.0, 57.8, 55.6, 53.8, 52.5, 51.9, 52.1, 53.2, 55.3, 58.4, 62.7, 68.1, 74.5, 81.8, 89.8, 98.1, 106.7, 115.3, 123.8, 132.1, 140.1, 147.7, 155.0, 161.8, 168.0, 173.8, 179.0, 183.6, 187.7, 191.2, 194.2, 196.6, 198.4, 199.7, 200.5, 200.8, 200.5, 199.8, 198.6, 196.9, 194.8, 192.3, 189.4, 186.2, 182.7, 178.9, 174.9, 170.7, 166.4, 162.0, 157.4, 152.9, 148.2, 143.6, 139.0, 134.4, 129.9, 125.5, 121.1, 116.9, 112.7, 108.7, 104.8, 101.0, 97.3, 93.8, 90.4, 87.2, 84.2, 81.3, 78.6, 76.1, 73.8, 71.6, 69.5, 67.6, 65.7, 63.7, 61.8, 59.7, 57.6, 55.4, 53.2, 51.0, 48.8, 46.8, 44.8, 43.0, 41.3, 39.7, 38.2, 36.9, 35.7, 34.6, 33.7, 32.9, 32.2, 31.6, 31.1, 30.7, 30.4, 30.2, 30.1, 30.1, 30.2, 30.3, 30.5, 30.8, 31.2, 31.6, 32.1, 32.6, 33.2, 33.9, 34.6, 35.4, 36.2, 37.1, 38.0, 38.9, 40.0, 41.0, 42.1, 43.3, 44.5, 45.7, 47.0, 45.9, 38.2, 32.5, 28.4, 25.4, 23.3, 23.0, 28.3, 40.0, 53.9, 67.2, 79.1, 89.2, 97.8, 105.6, 112.9, 120.0, 127.0, 134.2, 141.5, 149.2, 157.3, 166.0, 175.4, 185.4, 196.0, 206.9, 218.0, 229.0, 239.8, 250.0, 259.7, 268.6, 276.8, 284.1, 290.5, 295.9, 300.5, 304.1, 306.7, 308.5, 309.6, 310.7, 311.9, 313.0, 313.6, 313.6, 312.7, 311.0, 308.4, 304.8, 300.5, 295.4, 289.7, 283.5, 276.8, 269.7, 262.3, 254.8, 247.1, 239.3, 231.6, 223.8, 216.2, 208.7, 201.3, 194.1, 187.1, 180.3, 173.7, 167.3, 161.2, 155.2, 149.5, 144.0, 139.0, 134.6, 131.3, 129.3, 128.7, 129.7, 132.3, 136.3, 141.3, 147.2, 153.4, 159.9, 166.2, 172.4, 178.2, 183.5, 188.4, 192.6, 196.3, 199.3, 201.7, 203.4, 204.5, 205.0, 204.8, 204.1, 202.8, 201.0, 198.6, 195.9, 193.0, 190.4, 188.2, 186.1, 184.0, 181.6, 179.0, 176.0, 172.7, 169.2, 165.3, 161.3, 157.0, 152.6, 148.2, 143.6, 139.1, 134.5, 130.0, 125.6, 121.3, 117.0, 112.9, 108.9, 105.0, 101.2, 97.6, 94.1, 90.8, 87.6, 84.6, 81.0, 73.6, 62.8, 51.0, 41.6, 35.6, 33.5, 33.6, 34.5, 35.4, 35.8, 35.9, 35.5, 34.9, 34.0, 33.1, 32.1, 31.5, 31.2, 31.4, 32.3, 33.8, 35.9, 38.8, 42.4, 46.6, 51.5, 57.1, 63.5, 70.3, 77.7, 85.3, 93.1, 101.0, 108.8, 116.5, 123.9, 131.2, 138.1, 144.6, 150.7, 156.5, 161.7, 166.5, 170.8, 174.7, 178.0, 180.8, 183.1, 184.9, 186.3, 187.1, 187.4, 187.3, 186.7, 185.7, 184.2, 182.3, 180.1, 177.5, 174.6, 171.4, 168.0, 164.4, 160.6, 156.6, 152.6, 148.4, 144.3, 140.1, 135.8, 131.6, 127.5, 123.4, 119.3, 115.4, 111.5, 107.8, 104.1, 100.5, 97.1, 93.8, 90.6, 87.5, 84.6, 81.9, 79.3, 76.9, 74.6, 72.5, 70.5, 68.6, 66.8, 65.0, 63.2, 61.3, 59.3, 57.2, 55.1, 53.0, 50.8, 48.8, 46.8, 44.9, 43.1, 41.4, 39.9, 38.4, 37.1, 36.0, 34.9, 34.0, 33.2, 32.5, 32.0, 31.5, 31.1, 30.8, 30.6, 30.5, 30.5, 30.6, 30.7, 30.9, 31.2, 31.5, 32.0, 32.4, 33.0, 33.6, 34.2, 34.9, 35.7, 36.5, 37.3, 38.3, 39.2, 40.2, 41.3, 42.3, 43.5, 44.6, 45.9, 47.1, 48.4, 49.7, 51.1, 52.5, 53.9, 55.4, 57.0, 58.6, 58.0, 47.6, 39.2, 33.2, 28.9, 25.8, 24.9, 31.2, 44.3, 60.3, 76.7, 92.4, 107.3, 121.7, 136.5, 151.8, 167.8, 184.5, 201.3, 218.1, 234.6, 250.6, 265.9, 280.4, 294.1, 306.9, 318.7, 329.4, 339.1, 347.6, 355.1, 361.5, 366.7, 370.9, 374.0, 376.1, 377.5, 378.7, 380.1, 381.2, 382.0, 382.0, 381.1, 379.2, 376.3, 372.5, 367.6, 361.9, 355.4, 348.2, 340.4, 332.2, 323.6, 314.7, 305.5, 296.3, 287.0, 277.7, 268.4, 259.3, 250.3, 241.5, 232.8, 224.5, 216.3, 208.4, 200.8, 193.5, 186.4, 179.7, 173.2, 167.0, 161.0, 155.3, 149.8, 144.6, 139.7, 135.1, 131.1, 128.0, 125.9, 125.0, 125.3, 126.9, 129.7, 133.3, 137.5, 142.2, 146.9, 151.7, 156.3, 160.6, 164.6, 168.1, 171.2, 173.8, 175.8, 177.4, 178.3, 178.8, 178.7, 178.1, 177.1, 175.6, 173.7, 171.4, 168.7, 165.8, 162.6, 159.2, 155.6, 151.8, 148.2, 145.2, 142.7, 140.6, 138.7, 136.8, 134.8, 132.7, 130.4, 127.9, 125.3, 122.6, 118.5, 108.6, 96.0, 83.0, 71.6, 66.5, 64.8, 64.5, 64.6, 64.6, 64.3, 63.7, 62.7, 61.4, 59.8, 58.0, 56.0, 53.9, 51.7, 49.5, 47.4, 45.4, 43.4, 41.6, 39.8, 38.3, 36.8, 35.6, 34.8, 34.6, 34.9, 36.0, 37.8, 40.4, 43.8, 47.9, 52.6, 58.0, 63.8, 69.9, 76.3, 82.9, 89.5, 96.1, 102.7, 109.1, 115.3, 121.2, 126.9, 132.2, 137.2, 141.9, 146.1, 150.0, 153.5, 156.6, 159.2, 161.4, 163.2, 164.5, 165.5, 166.0, 166.2, 165.9, 165.3, 164.4, 163.0, 161.4, 159.5, 157.3, 154.8, 152.2, 149.3, 146.3, 143.2, 140.0, 136.7, 133.3, 129.9, 126.5, 123.1, 119.7, 116.3, 113.0, 109.7, 106.5, 103.3, 100.3, 97.3, 94.5, 91.7, 89.0, 86.4, 84.0, 81.7, 79.5, 77.5, 75.7, 73.9, 72.3, 70.9, 69.5, 68.2, 67.0, 65.8, 64.7, 63.6, 62.5, 61.3, 60.2, 59.0, 57.7, 56.4, 55.1, 53.9, 52.6, 51.5, 50.3, 49.3, 48.3, 47.5, 46.7, 46.0, 45.4, 44.9, 44.5, 44.2, 44.0, 43.9, 43.8, 43.8, 44.0, 44.1, 44.4, 44.7, 45.2, 45.6, 46.2, 46.8, 47.4, 48.1, 48.9, 49.7, 50.6, 51.5, 52.5, 53.6, 54.7, 55.8, 57.1, 58.4, 59.8, 61.3, 62.9, 64.6, 66.4, 68.3, 70.2, 72.2, 74.3, 76.4, 78.5, 80.7, 83.0, 82.9, 72.3, 57.3, 46.2, 38.2, 32.5, 30.0, 36.4, 50.4, 67.8, 85.2, 101.0, 114.7, 126.3, 136.5, 145.6, 153.6, 160.7, 166.7, 171.7, 175.8, 179.4, 182.8, 186.3, 190.1, 194.5, 199.5, 205.2, 211.8, 219.1, 227.1, 235.9, 245.2, 254.8, 264.3, 273.5, 282.2, 290.1, 297.1, 303.2, 308.2, 312.2, 315.1, 316.9, 317.6, 317.3, 315.9, 313.7, 310.6, 306.9, 303.0, 299.1, 295.1, 290.8, 286.1, 280.9, 275.2, 269.1, 262.6, 255.8, 248.7, 241.4, 233.9, 226.4, 218.8, 211.3, 203.8, 196.5, 189.2, 182.2, 175.3, 168.6, 162.0, 155.7, 149.6, 144.0, 139.0, 135.0, 132.2, 130.8, 130.9, 132.5, 135.6, 140.0, 145.4, 151.4, 157.7, 164.1, 170.3, 176.2, 181.7, 186.7, 191.1, 194.9, 198.1, 200.5, 202.3, 203.5, 204.0, 203.9, 203.1, 201.8, 200.0, 197.7, 195.6, 194.0, 192.8, 191.6, 190.2, 188.4, 186.2, 183.5, 180.4, 176.9, 173.1, 169.0, 164.7, 160.1, 155.5, 150.7, 145.9, 141.1, 135.1, 123.4, 109.3, 95.1, 82.5, 76.1, 73.0, 71.5, 70.5, 69.6, 68.4, 67.0, 65.3, 63.3, 61.1, 58.5, 55.8, 52.9, 50.0, 47.1, 44.4, 41.8, 39.3, 36.9, 34.7, 32.6, 30.7, 28.9, 27.3, 25.8, 24.4, 23.2, 22.2, 21.3, 20.8, 20.7, 21.2, 22.1, 23.6, 25.7, 28.4, 31.7, 35.5, 39.8, 44.7, 50.0, 55.6, 61.6, 67.7, 74.0, 80.4, 86.9, 93.3, 99.6, 105.7, 111.7, 117.5, 123.0, 128.2, 133.1, 137.7, 141.9, 145.8, 149.3, 152.4, 155.2, 157.5, 159.5, 161.1, 162.3, 163.1, 163.5, 163.5, 163.2, 162.5, 161.5, 160.2, 158.5, 156.6, 154.4, 152.0, 149.4, 146.6, 143.7, 140.6, 137.5, 134.3, 131.0, 127.7, 124.5, 121.2, 117.9, 114.7, 111.5, 108.4, 105.4, 102.4, 99.5, 96.7, 94.0, 91.4, 88.9, 86.4, 84.1, 82.0, 80.0, 78.1, 76.4, 74.8, 73.3, 71.9, 70.7, 69.5, 68.4, 67.4, 66.5, 65.7, 64.8, 64.1, 63.3, 62.6, 61.8, 61.1, 60.4, 59.6, 58.9, 58.1, 57.4, 56.7, 55.9, 55.3, 54.6, 54.1, 53.5, 53.1, 52.7, 52.4, 52.1, 52.0, 51.9, 51.8, 51.9, 52.0, 52.2, 52.5, 52.8, 53.3, 53.8, 54.3, 54.9, 55.7, 56.4, 57.3, 58.3, 59.3, 60.5, 61.7, 63.1, 64.6, 66.2, 67.8, 69.6, 71.4, 73.2, 75.2, 77.1, 76.6, 65.8, 52.4, 42.6, 35.7, 30.7, 28.5, 34.7, 48.3, 64.9, 81.6, 96.6, 109.5, 120.5, 130.2, 138.9, 146.7, 153.6, 159.5, 164.5, 168.8, 172.6, 176.3, 180.4, 184.9, 190.2, 196.4, 203.5, 211.6, 220.7, 230.7, 241.6, 252.8, 264.2, 275.3, 286.0, 295.9, 305.0, 313.0, 320.0, 325.8, 330.5, 334.0, 336.3, 337.5, 337.5, 336.6, 334.5, 331.6, 327.7, 323.0, 317.6, 311.5, 304.8, 298.1, 291.8, 286.3, 281.2, 276.2, 271.1, 265.8, 260.1, 254.1, 247.8, 241.2, 234.4, 227.5, 220.5, 213.4, 206.3, 199.3, 192.4, 185.7, 179.1, 172.7, 166.4, 160.4, 154.5, 148.8, 143.5, 138.7, 134.7, 131.6, 129.5, 128.5, 128.7, 129.9, 132.3, 135.7, 139.7, 144.2, 148.9, 153.6, 158.2, 162.6, 166.6, 170.2, 173.4, 176.1, 178.2, 179.9, 181.1, 181.7, 181.9, 181.6, 180.8, 179.6, 178.0, 176.0, 173.6, 171.0, 168.0, 164.9, 161.5, 157.9, 154.3, 150.5, 146.6, 142.6, 138.7, 134.7, 130.8, 126.9, 123.3, 120.5, 118.5, 117.5, 117.0, 116.7, 116.4, 116.1, 115.5, 114.7, 113.8, 112.6, 110.0, 101.9, 91.2, 79.9, 70.1, 65.9, 65.2, 66.1, 67.8, 70.0, 72.4, 75.3, 78.7, 82.7, 87.5, 93.3, 99.9, 107.3, 115.4, 123.9, 132.6, 141.3, 149.9, 158.2, 166.2, 173.8, 180.9, 187.5, 193.5, 198.9, 203.7, 207.8, 211.3, 214.2, 216.5, 218.1, 219.1, 219.5, 219.3, 218.6, 217.3, 215.4, 213.1, 210.3, 207.1, 203.5, 199.6, 195.3, 190.8, 186.1, 181.3, 176.3, 171.3, 166.1, 161.0, 155.8, 150.7, 145.6, 140.5, 135.5, 130.7, 125.9, 121.3, 116.8, 112.4, 108.2, 104.1, 100.1, 96.4, 92.7, 89.2, 85.9, 82.9, 80.0, 77.3, 74.7, 72.4, 70.2, 68.1, 66.0, 64.0, 61.9, 59.7, 57.4, 55.1, 52.8, 50.5, 48.3, 46.1, 44.1, 42.2, 40.4, 38.7, 37.2, 35.8, 34.6, 33.5, 32.5, 31.6, 30.9, 30.3, 29.8, 29.3, 29.0, 28.8, 28.7, 28.6, 28.7, 28.8, 29.0, 29.3, 29.6, 30.0, 30.5, 31.0, 31.6, 32.2, 32.9, 33.7, 34.5, 35.4, 36.3, 37.2, 38.2, 39.3, 40.4, 41.5, 42.7, 43.9, 45.2, 46.5, 47.8, 49.2, 50.6, 52.0, 53.5, 55.1, 56.7, 58.3, 60.1, 61.9, 63.8, 65.8, 67.9, 70.0, 72.2, 74.4, 76.7, 79.0, 81.4, 83.9, 86.5, 89.2, 89.4, 79.1, 62.9, 50.2, 41.1, 34.5, 31.6, 38.2, 53.1, 72.1, 92.3, 112.1, 130.8, 148.8, 166.5, 184.3, 201.9, 219.1, 235.6, 251.2, 265.7, 279.0, 291.0, 301.8, 311.4, 319.7, 326.7, 332.6, 337.2, 340.7, 343.1, 344.4, 344.7, 343.9, 342.2, 339.6, 336.2, 332.4, 328.9, 326.0, 323.4, 320.7, 317.7, 314.1, 309.9, 305.0, 299.4, 293.2, 286.5, 279.4, 271.9, 264.1, 256.2, 248.1, 240.0, 231.8, 223.7, 215.7, 207.9, 200.2, 192.7, 185.3, 178.3, 171.4, 164.8, 158.4, 152.2, 146.2, 140.5, 135.1, 129.8, 124.8, 120.1, 115.5, 111.2, 107.1, 103.1, 99.4, 95.9, 92.6, 89.4, 86.5, 83.7, 81.2, 79.1, 77.4, 76.4, 76.2, 77.0, 78.7, 81.5, 85.4, 90.4, 96.4, 103.1, 110.4, 117.9, 125.6, 133.3, 140.7, 147.9, 154.8, 161.2, 167.2, 172.7, 177.7, 182.1, 185.9, 189.2, 192.0, 194.2, 195.9, 197.1, 198.2, 199.8, 201.9, 204.3, 206.6, 208.5, 209.8, 210.5, 210.5, 209.7, 208.4, 206.4, 203.9, 200.9, 197.5, 193.8, 189.8, 185.7, 181.3, 176.9, 172.4, 166.5, 154.8, 140.1, 124.6, 111.2, 104.4, 102.0, 101.7, 102.0, 102.1, 101.7, 100.8, 99.4, 97.7, 95.8, 94.0, 92.7, 92.1, 92.3, 93.5, 95.8, 99.1, 103.5, 108.8, 114.8, 121.3, 128.0, 134.8, 141.4, 147.8, 153.9, 159.6, 164.7, 169.4, 173.5, 177.0, 180.0, 182.3, 184.1, 185.3, 185.9, 186.0, 185.6, 184.6, 183.1, 181.2, 178.9, 176.3, 173.2, 169.9, 166.4, 162.6, 158.6, 154.5, 150.3, 146.0, 141.6, 137.3, 132.9, 128.5, 124.2, 120.0, 115.8, 111.8, 107.8, 103.9, 100.2, 96.5, 93.0, 89.6, 86.4, 83.3, 80.4, 77.8, 75.2, 72.9, 70.6, 68.5, 66.5, 64.4, 62.3, 60.1, 57.8, 55.5, 53.1, 50.7, 48.4, 46.2, 44.1, 42.1, 40.2, 38.4, 36.8, 35.4, 34.1, 32.9, 31.8, 30.9, 30.1, 29.4, 28.8, 28.4, 28.0, 27.7, 27.5, 27.4, 27.4, 27.5, 27.6, 27.9, 28.2, 28.5, 28.9, 29.4, 30.0, 30.6, 31.2, 31.9, 32.7, 33.5, 34.4, 35.3, 36.3, 37.3, 38.3, 39.4, 40.6, 41.8, 43.0, 44.2, 45.5, 46.9, 48.3, 49.7, 51.1, 52.6, 54.1, 55.7, 57.4, 59.1, 60.9, 62.8, 64.7, 66.8, 68.9, 71.1, 73.3, 75.5, 77.8, 80.2, 82.6, 85.2, 87.8, 90.6, 90.8, 80.5, 64.2, 51.1, 41.7, 35.0, 32.4, 40.6, 58.1, 80.6, 104.9, 129.4, 153.3, 176.9, 200.5, 224.1, 247.5, 270.2, 291.9, 312.4, 331.6, 349.2, 365.3, 379.9, 392.9, 404.4, 414.4, 422.9, 430.1, 435.8, 440.1, 443.2, 445.0, 445.6, 445.0, 443.3, 440.6, 436.8, 432.1, 426.5, 420.0, 412.8, 404.9, 396.4, 387.3, 377.8, 368.0, 357.8, 347.4, 336.9, 326.3, 315.7, 305.2, 294.7, 284.3, 274.2, 264.4, 255.3, 247.0, 239.6, 232.8, 226.4, 220.3, 214.3, 208.5, 202.7, 197.0, 191.3, 185.8, 180.3, 175.0, 169.8, 164.8, 159.9, 155.2, 150.6, 146.2, 142.0, 138.0, 134.1, 130.5, 126.9, 123.6, 120.4, 117.6, 115.3, 114.1, 114.0, 115.3, 118.0, 122.3, 128.2, 135.4, 143.7, 152.7, 162.0, 171.3, 180.6, 189.4, 197.9, 205.7, 213.0, 219.5, 225.2, 230.2, 234.4, 237.8, 240.4, 242.2, 243.3, 243.6, 243.2, 242.1, 240.4, 238.0, 235.0, 231.6, 227.6, 223.2, 217.1, 205.0, 189.9, 174.7, 161.6, 155.3, 153.2, 153.0, 153.0, 152.6, 151.5, 149.6, 147.0, 143.8, 140.2, 136.3, 132.2, 127.9, 123.6, 119.3, 115.0, 110.8, 106.8, 102.8, 98.9, 95.2, 91.6, 88.2, 85.0, 81.9, 79.1, 76.5, 74.0, 71.7, 69.6, 67.5, 65.5, 63.6, 62.0, 60.7, 60.1, 60.2, 61.0, 62.8, 65.7, 69.5, 74.4, 80.4, 87.3, 94.9, 103.0, 111.4, 119.8, 128.2, 136.4, 144.4, 152.0, 159.2, 165.9, 172.1, 177.8, 182.9, 187.5, 191.5, 195.0, 197.9, 200.2, 202.0, 203.3, 204.0, 204.3, 204.0, 203.3, 202.1, 200.5, 198.5, 196.1, 193.3, 190.2, 186.8, 183.1, 179.2, 175.1, 170.9, 166.5, 162.0, 157.5, 152.9, 148.3, 143.7, 139.1, 134.6, 130.1, 125.7, 121.4, 117.2, 113.2, 109.2, 105.4, 101.7, 98.1, 94.6, 91.3, 88.2, 85.2, 82.3, 79.7, 77.3, 75.0, 72.8, 70.8, 69.0, 67.2, 65.4, 63.7, 61.9, 60.1, 58.1, 56.1, 54.1, 52.1, 50.2, 48.3, 46.5, 44.8, 43.2, 41.7, 40.4, 39.1, 38.0, 37.1, 36.2, 35.5, 34.8, 34.3, 33.9, 33.6, 33.3, 33.2, 33.2, 33.2, 33.3, 33.5, 33.8, 34.1, 34.5, 35.0, 35.5, 36.1, 36.7, 37.4, 38.2, 39.0, 39.9, 40.8, 41.8, 42.8, 43.8, 44.9, 46.1, 47.3, 48.5, 49.8, 51.1, 52.4, 53.8, 55.3, 56.8, 58.4, 57.7, 47.3, 39.0, 33.1, 28.8, 25.7, 24.8, 31.0, 43.9, 59.2, 74.3, 87.7, 99.2, 109.1, 117.9, 125.9, 133.3, 140.1, 146.5, 152.8, 159.2, 166.0, 173.4, 181.5, 190.5, 200.4, 211.3, 222.9, 235.0, 247.2, 259.4, 271.1, 282.2, 292.5, 301.9, 310.2, 317.5, 323.7, 328.6, 332.5, 335.1, 336.7, 337.1, 336.5, 334.9, 332.4, 328.9, 324.6, 319.5, 313.8, 307.4, 301.0, 294.9, 289.5, 284.4, 279.4, 274.3, 268.9, 263.2, 257.1, 250.7, 244.0, 237.0, 229.8, 222.5, 215.2, 207.8, 200.5, 193.2, 186.1, 179.1, 172.3, 165.6, 159.2, 153.0, 147.1, 142.0, 138.0, 135.3, 134.1, 134.4, 136.2, 139.1, 142.8, 147.0, 151.5, 156.0, 160.4, 164.5, 168.3, 171.8, 174.7, 177.2, 179.2, 180.7, 181.6, 182.1, 182.0, 181.5, 180.5, 179.1, 177.3, 175.1, 172.6, 169.8, 166.7, 163.5, 160.1, 157.1, 154.5, 152.3, 150.3, 148.3, 146.2, 144.1, 141.7, 139.2, 136.4, 133.6, 130.6, 127.6, 124.5, 121.3, 118.2, 115.1, 112.0, 108.9, 106.0, 103.1, 100.3, 96.5, 87.8, 76.6, 64.8, 54.3, 49.2, 47.8, 48.1, 48.8, 49.3, 49.4, 49.1, 48.3, 47.2, 45.9, 44.6, 43.1, 41.7, 40.4, 39.1, 37.9, 36.8, 35.8, 34.9, 34.2, 33.6, 33.5, 33.9, 35.0, 36.9, 39.6, 43.1, 47.5, 52.8, 59.0, 66.1, 74.0, 82.5, 91.3, 100.5, 109.8, 119.0, 128.2, 137.2, 145.9, 154.2, 162.2, 169.6, 176.7, 183.2, 189.1, 194.6, 199.5, 203.8, 207.5, 210.7, 213.4, 215.5, 217.0, 218.0, 218.4, 218.4, 217.8, 216.7, 215.2, 213.2, 210.7, 207.9, 204.6, 201.0, 197.1, 192.9, 188.5, 183.9, 179.2, 174.3, 169.4, 164.4, 159.4, 154.3, 149.3, 144.3, 139.4, 134.6, 129.8, 125.2, 120.7, 116.3, 112.0, 107.9, 103.9, 100.1, 96.4, 92.9, 89.5, 86.2, 83.2, 80.3, 77.7, 75.2, 72.9, 70.7, 68.6, 66.6, 64.6, 62.6, 60.4, 58.2, 55.9, 53.6, 51.3, 49.0, 46.8, 44.7, 42.7, 40.8, 39.1, 37.5, 36.0, 34.7, 33.5, 32.4, 31.5, 30.7, 30.0, 29.4, 28.9, 28.5, 28.2, 28.0, 27.9, 27.9, 27.9, 28.1, 28.3, 28.5, 28.9, 29.3, 29.7, 30.3, 30.9, 31.5, 32.2, 32.9, 33.7, 34.6, 35.5, 36.4, 37.4, 38.4, 39.5, 40.6, 41.8, 43.0, 44.2, 45.5, 46.8, 48.2, 47.2, 39.2, 33.2, 28.9, 25.8, 23.6, 23.2, 28.7, 40.6, 54.8, 68.5, 80.7, 91.1, 100.0, 108.0, 115.4, 122.4, 129.5, 137.1, 145.3, 154.7, 165.4, 177.7, 191.4, 206.3, 222.0, 238.0, 254.1, 269.9, 285.3, 299.9, 313.7, 326.4, 338.2, 348.8, 358.2, 366.4, 373.4, 379.2, 383.8, 387.3, 389.6, 390.7, 390.8, 389.9, 388.3, 386.5, 384.7, 382.7, 380.3, 377.2, 373.4, 368.7, 363.3, 357.0, 350.1, 342.6, 334.5, 326.1, 317.3, 308.2, 299.0, 289.7, 280.4, 271.2, 262.0, 252.9, 244.0, 235.3, 226.8, 218.6, 210.6, 202.9, 195.4, 188.3, 181.4, 174.9, 168.6, 162.6, 156.8, 151.3, 146.0, 141.0, 136.4, 132.4, 129.2, 127.1, 126.1, 126.4, 128.0, 130.6, 134.2, 138.3, 142.8, 147.5, 152.1, 156.6, 160.8, 164.7, 168.1, 171.1, 173.6, 175.5, 176.9, 177.8, 178.2, 178.1, 177.4, 176.3, 174.8, 172.8, 170.4, 167.7, 164.8, 161.5, 158.0, 154.3, 150.5, 146.7, 143.4, 141.2, 139.8, 138.0, 132.0, 122.2, 111.0, 100.6, 94.6, 93.1, 93.9, 95.4, 96.8, 97.6, 97.7, 97.3, 96.3, 94.9, 93.2, 91.3, 89.2, 87.1, 85.0, 83.0, 81.0, 79.1, 77.3, 75.6, 74.0, 72.6, 71.2, 70.0, 68.8, 67.8, 66.8, 65.8, 65.0, 64.3, 64.1, 64.6, 66.1, 68.6, 72.4, 77.3, 83.2, 89.9, 97.1, 104.6, 112.3, 120.1, 127.8, 135.3, 142.5, 149.5, 156.0, 162.2, 167.9, 173.1, 177.8, 182.0, 185.6, 188.8, 191.4, 193.6, 195.2, 196.3, 197.0, 197.1, 196.8, 196.1, 194.9, 193.4, 191.4, 189.1, 186.5, 183.5, 180.3, 176.8, 173.2, 169.4, 165.4, 161.3, 157.1, 152.9, 148.6, 144.4, 140.1, 135.9, 131.7, 127.5, 123.5, 119.5, 115.7, 111.9, 108.3, 104.8, 101.3, 98.1, 94.9, 91.9, 89.0, 86.2, 83.6, 81.2, 78.9, 76.8, 74.9, 73.1, 71.4, 69.9, 68.5, 67.1, 65.8, 64.6, 63.3, 62.1, 60.8, 59.5, 58.1, 56.7, 55.3, 53.9, 52.5, 51.2, 49.9, 48.8, 47.7, 46.7, 45.8, 45.0, 44.3, 43.7, 43.2, 42.8, 42.5, 42.3, 42.2, 42.1, 42.2, 42.3, 42.5, 42.8, 43.2, 43.6, 44.1, 44.6, 45.2, 45.9, 46.6, 47.4, 48.3, 49.2, 50.1, 51.1, 52.2, 53.3, 54.4, 55.6, 56.9, 58.3, 59.8, 61.3, 63.0, 64.7, 66.5, 68.4, 70.4, 72.4, 74.5, 74.2, 63.6, 50.7, 41.4, 34.8, 30.0, 28.1, 34.6, 48.4, 65.3, 82.1, 97.3, 110.4, 121.8, 132.3, 142.5, 152.8, 163.4, 174.4, 185.9, 198.1, 211.0, 224.8, 239.4, 254.8, 270.6, 286.6, 302.3, 317.6, 332.1, 345.7, 358.3, 369.7, 379.8, 388.6, 396.2, 402.4, 407.3, 410.9, 413.7, 416.2, 418.6, 420.8, 422.4, 423.2, 422.8, 421.3, 418.6, 414.7, 409.7, 403.7, 396.9, 389.2, 380.9, 372.0, 362.7, 353.0, 343.1, 333.0, 322.9, 312.7, 302.5, 292.5, 282.6, 272.8, 263.3, 254.0, 245.0, 236.2, 227.7, 219.6, 211.7, 204.1, 196.9, 190.0, 183.3, 177.0, 171.0, 165.3, 159.8, 154.5, 149.6, 144.8, 140.3, 136.0, 131.9, 128.0, 124.3, 120.9, 118.0, 115.8, 114.3, 113.8, 114.3, 115.8, 118.3, 121.9, 126.5, 132.0, 138.5, 145.7, 153.4, 161.4, 169.3, 177.0, 184.4, 191.4, 197.8, 203.7, 208.9, 213.4, 217.3, 220.5, 223.0, 224.8, 226.0, 226.5, 226.4, 225.9, 225.3, 224.9, 224.6, 224.2, 223.5, 222.3, 220.5, 218.2, 215.3, 211.9, 208.0, 203.8, 199.2, 194.3, 189.3, 184.1, 178.8, 173.4, 168.0, 161.8, 151.3, 137.2, 121.8, 107.6, 98.2, 93.9, 92.2, 91.6, 91.1, 90.4, 89.4, 87.9, 86.0, 84.1, 82.5, 81.5, 81.3, 82.0, 83.9, 87.0, 91.3, 96.7, 103.0, 109.8, 117.0, 124.3, 131.5, 138.5, 145.3, 151.7, 157.7, 163.1, 168.1, 172.5, 176.3, 179.6, 182.4, 184.6, 186.2, 187.4, 188.0, 188.1, 187.7, 186.9, 185.7, 184.0, 182.0, 179.6, 176.9, 174.0, 170.7, 167.3, 163.7, 159.9, 156.0, 152.0, 147.9, 143.8, 139.7, 135.6, 131.5, 127.5, 123.5, 119.6, 115.8, 112.0, 108.4, 104.8, 101.4, 98.1, 94.9, 91.8, 88.9, 86.1, 83.4, 80.9, 78.6, 76.4, 74.4, 72.6, 70.8, 69.2, 67.6, 66.2, 64.7, 63.3, 61.8, 60.3, 58.7, 57.0, 55.4, 53.7, 52.0, 50.4, 48.9, 47.4, 46.1, 44.8, 43.7, 42.6, 41.7, 40.9, 40.2, 39.6, 39.1, 38.7, 38.4, 38.2, 38.1, 38.0, 38.1, 38.2, 38.4, 38.7, 39.0, 39.5, 39.9, 40.5, 41.1, 41.8, 42.5, 43.3, 44.1, 45.0, 45.9, 46.9, 48.0, 49.0, 50.2, 51.3, 52.6, 53.8, 55.2, 56.6, 58.0, 59.6, 61.2, 62.9, 64.8, 66.7, 68.6, 70.7, 72.8, 74.9, 77.1, 79.3, 81.7, 84.1, 86.6, 86.6, 76.2, 60.4, 48.4, 39.8, 33.6, 30.9, 37.6, 52.4, 71.2, 91.0, 110.0, 127.9, 144.7, 161.2, 177.5, 193.9, 210.1, 226.0, 241.2, 255.7, 269.2, 281.6, 293.0, 303.2, 312.3, 320.2, 327.0, 332.6, 337.0, 340.3, 342.5, 343.6, 343.7, 342.8, 340.9, 338.1, 334.5, 330.1, 325.0, 319.2, 312.8, 305.9, 298.5, 290.8, 282.7, 274.4, 266.0, 257.4, 248.8, 240.2, 231.6, 223.2, 214.9, 207.3, 200.7, 195.1, 190.0, 185.2, 180.6, 176.0, 171.5, 166.9, 162.2, 157.5, 152.8, 148.2, 143.5, 139.0, 134.5, 130.1, 125.9, 121.8, 117.8, 114.0, 110.3, 106.8, 103.4, 100.2, 97.2, 94.3, 91.6, 89.0, 86.6, 84.4, 82.3, 80.4, 78.7, 77.3, 76.3, 76.1, 76.7, 78.3, 80.9, 84.8, 89.8, 96.1, 103.6, 112.3, 122.0, 132.5, 143.4, 154.6, 165.7, 176.6, 187.6, 199.1, 211.2, 223.4, 235.3, 246.7, 257.1, 266.6, 274.9, 282.2, 288.3, 293.2, 297.2, 300.0, 301.9, 302.8, 302.9, 302.1, 300.5, 298.2, 295.1, 291.4, 287.2, 282.3, 276.9, 271.1, 264.9, 258.4, 251.6, 244.6, 237.4, 230.1, 222.8, 215.4, 206.9, 193.0, 175.9, 157.9, 141.5, 131.2, 125.6, 122.6, 120.5, 118.6, 116.4, 113.9, 111.3, 109.0, 107.0, 105.7, 105.2, 105.5, 106.7, 108.8, 111.7, 115.2, 119.0, 123.1, 127.1, 131.0, 134.8, 138.2, 141.3, 144.0, 146.3, 148.1, 149.6, 150.5, 151.1, 151.2, 150.9, 150.2, 149.2, 147.9, 146.3, 144.4, 142.3, 140.0, 137.5, 134.9, 132.2, 129.5, 126.6, 123.7, 120.8, 117.9, 115.1, 112.2, 109.4, 106.6, 103.8, 101.2, 98.6, 96.1, 93.6, 91.3, 89.0, 86.8, 84.8, 82.8, 81.0, 79.3, 77.7, 76.3, 74.9, 73.7, 72.6, 71.5, 70.6, 69.8, 69.0, 68.4, 67.8, 67.3, 66.8, 66.4, 66.1, 65.9, 65.7, 65.6, 65.5, 65.5, 65.6, 65.7, 66.0, 66.3, 66.6, 67.1, 67.6, 68.2, 68.8, 69.5, 70.3, 71.1, 72.0, 73.0, 74.0, 75.0, 76.1, 77.2, 78.4, 79.6, 80.9, 82.2, 83.7, 85.2, 86.7, 88.4, 90.1, 91.8, 93.6, 95.4, 97.3, 99.2, 101.0, 102.8, 104.6, 106.2, 107.8, 109.3, 110.7, 111.9, 113.0, 113.9, 114.7, 115.3, 115.8, 116.1, 116.3, 116.3, 116.2, 115.9, 115.6, 115.1, 114.6, 114.0, 113.2, 112.5, 111.6, 110.7, 109.7, 108.7, 107.6, 103.8, 88.5, 68.9, 54.5, 44.1, 36.7, 32.0, 31.5, 38.7, 49.5, 61.3, 72.9, 84.3, 95.9, 108.1, 120.8, 133.9, 146.9, 159.5, 171.4, 182.6, 192.8, 202.3, 210.8, 218.4, 225.1, 230.9, 235.9, 240.0, 243.3, 245.7, 247.4, 248.3, 248.5, 248.0, 246.8, 245.0, 242.5, 239.5, 236.1, 232.9, 230.5, 228.6, 226.9, 225.1, 223.0, 220.5, 217.5, 214.0, 210.1, 205.8, 201.2, 196.3, 191.2, 186.0, 180.6, 175.3, 169.9, 164.5, 159.2, 153.9, 148.7, 143.6, 138.6, 133.7, 128.9, 124.3, 119.9, 115.6, 111.4, 107.4, 103.6, 100.0, 96.4, 93.2, 90.4, 88.1, 86.5, 85.7, 85.6, 86.5, 88.2, 90.8, 94.3, 98.5, 103.5, 109.0, 114.8, 120.7, 126.6, 132.4, 138.0, 143.2, 148.1, 152.6, 156.6, 160.1, 163.1, 165.6, 167.6, 169.1, 170.0, 170.5, 170.5, 170.0, 169.0, 167.6, 165.9, 163.8, 161.4, 158.6, 155.6, 152.4, 149.0, 145.4, 141.7, 138.0, 134.1, 130.2, 126.3, 122.4, 118.6, 114.7, 110.9, 107.2, 103.7, 100.8, 99.1, 98.1, 97.6, 96.5, 91.2, 82.3, 72.0, 62.3, 56.6, 55.1, 55.5, 56.5, 57.2, 57.6, 57.5, 57.2, 56.8, 56.7, 57.0, 57.8, 59.3, 61.7, 64.9, 69.1, 74.0, 79.6, 85.8, 92.2, 98.8, 105.5, 112.1, 118.6, 124.8, 130.8, 136.4, 141.7, 146.6, 151.1, 155.2, 158.8, 161.9, 164.6, 166.8, 168.5, 169.8, 170.5, 170.9, 170.8, 170.2, 169.2, 167.9, 166.2, 164.1, 161.7, 159.1, 156.2, 153.0, 149.7, 146.2, 142.6, 138.9, 135.1, 131.2, 127.4, 123.5, 119.6, 115.8, 112.1, 108.3, 104.7, 101.2, 97.7, 94.3, 91.1, 87.9, 84.9, 82.1, 79.4, 76.9, 74.5, 72.3, 70.2, 68.2, 66.3, 64.3, 62.3, 60.2, 58.0, 55.8, 53.5, 51.2, 49.0, 46.8, 44.7, 42.8, 40.9, 39.2, 37.7, 36.2, 34.9, 33.8, 32.7, 31.8, 31.0, 30.3, 29.8, 29.3, 28.9, 28.7, 28.5, 28.4, 28.4, 28.4, 28.6, 28.8, 29.1, 29.4, 29.8, 30.3, 30.8, 31.4, 32.1, 32.8, 33.6, 34.4, 35.2, 36.1, 37.1, 38.1, 39.2, 40.2, 41.4, 42.5, 43.8, 45.0, 46.3, 47.6, 49.0, 50.4, 51.8, 53.3, 54.8, 56.4, 58.1, 59.8, 61.6, 63.5, 65.5, 67.5, 69.6, 71.8, 74.0, 76.2, 78.6, 80.9, 83.4, 86.0, 88.6, 91.4, 94.2, 97.1, 97.5, 87.6, 71.9, 56.8, 45.8, 38.6, 37.7, 49.0, 70.4, 97.4, 126.2, 154.5, 181.1, 206.1, 229.4, 251.4, 272.0, 290.9, 308.2, 323.6, 337.2, 349.1, 359.3, 367.9, 375.0, 380.6, 384.9, 387.9, 389.7, 390.3, 389.8, 388.2, 385.7, 382.2, 377.8, 372.6, 366.7, 360.1, 352.8, 345.1, 336.8, 328.2, 319.2, 310.0, 300.7, 291.6, 283.2, 275.8, 269.1, 262.8, 256.6, 250.5, 244.2, 237.8, 231.4, 224.8, 218.1, 211.5, 204.8, 198.2, 191.7, 185.3, 179.1, 173.1, 167.2, 161.5, 156.0, 150.7, 145.6, 140.9, 136.8, 133.4, 131.0, 129.8, 129.7, 130.8, 133.1, 136.5, 140.8, 145.6, 150.7, 155.9, 161.0, 165.9, 170.5, 174.8, 178.5, 181.8, 184.6, 186.9, 188.5, 189.7, 190.3, 190.3, 189.8, 188.8, 187.4, 185.5, 183.1, 180.4, 177.4, 174.0, 170.4, 166.5, 162.5, 158.3, 153.9, 149.5, 145.0, 140.5, 135.9, 131.4, 126.9, 122.4, 118.1, 113.8, 109.9, 106.7, 104.5, 103.1, 102.3, 101.7, 101.1, 100.5, 99.8, 98.8, 97.7, 96.3, 94.9, 93.3, 91.6, 89.8, 88.0, 86.2, 84.4, 82.7, 81.0, 79.4, 76.8, 69.3, 59.1, 48.3, 40.1, 35.7, 35.8, 38.2, 41.8, 46.3, 51.4, 57.4, 64.3, 71.9, 80.0, 88.6, 97.4, 106.4, 115.3, 124.1, 132.7, 141.1, 149.0, 156.6, 163.7, 170.2, 176.3, 181.8, 186.8, 191.2, 195.0, 198.3, 201.0, 203.1, 204.6, 205.6, 206.1, 206.0, 205.4, 204.3, 202.7, 200.6, 198.2, 195.3, 192.1, 188.5, 184.7, 180.7, 176.4, 172.0, 167.5, 162.9, 158.2, 153.5, 148.7, 144.0, 139.3, 134.7, 130.2, 125.7, 121.3, 117.0, 112.9, 108.9, 105.0, 101.2, 97.6, 94.1, 90.7, 87.5, 84.5, 81.7

Insulin Readings (mU/minute, every 5 minutes): 8640 readings
  Values: 2.6E-07, 3.7E-05, 3.8E-05, 6.8E-08, 2.2E-07, 5.7E-08, 1.3E-06, 2.3E-07, 2.0E-07, 1.0E-05, 9.9E+01, 9.2E+01, 8.8E+01, 7.2E+01, 5.9E+01, 8.7E+00, 1.3E+01, 4.1E+00, 7.7E+00, 1.0E+01, 1.2E+01, 1.4E+01, 1.5E+01, 1.6E+01, 1.7E+01, 1.5E+01, 2.0E+01, 1.7E+01, 1.6E+01, 1.9E+01, 1.9E+01, 1.8E+01, 2.0E+01, 2.0E+01, 2.0E+01, 2.0E+01, 2.3E+01, 2.0E+01, 2.1E+01, 2.2E+01, 1.7E+01, 2.2E+01, 3.0E+01, 1.7E+01, 2.1E+01, 2.6E+01, 1.4E+01, 2.7E+01, 1.6E+01, 2.6E+01, 1.8E+01, 2.1E+01, 1.9E+01, 2.4E+01, 4.7E+00, 5.1E+01, 6.9E+00, 2.4E+01, 1.9E+01, 1.7E+01, 2.6E+01, 1.8E+01, 1.8E+01, 2.5E+01, 1.6E+01, 2.0E+01, 2.8E+01, 1.7E+01, 2.3E+01, 1.3E+01, 2.5E+01, 2.4E+01, 2.0E+01, 1.6E+01, 2.5E+01, 2.8E+01, 8.0E+00, 1.1E+01, 1.0E+02, 1.0E+02, 4.0E-06, 1.0E+02, 1.0E+02, 1.0E+02, 8.7E-07, 3.9E-08, 2.5E-08, 2.2E-08, 1.3E-08, 1.4E-08, 5.0E-08, 1.0E-07, 2.5E+01, 2.5E+01, 1.2E+02, 1.2E+02, 1.2E+02, 1.2E+02, 1.2E+02, 1.2E+02, 1.2E+02, 1.2E+02, 1.2E+02, 1.2E+02, 1.2E+02, 1.2E+02, 1.2E+02, 1.2E+02, 1.2E+02, 1.2E+02, 1.2E+02, 1.2E+02, 1.2E+02, 1.2E+02, 1.2E+02, 1.2E+02, 1.2E+02, 1.2E+02, 1.2E+02, 1.2E+02, 1.2E+02, 1.2E+02, 7.5E+01, 1.8E-05, 8.8E-06, 2.3E-07, 2.2E-07, 2.2E-07, 3.5E-07, 3.6E-07, 3.2E-07, 3.3E-07, 3.8E-07, 4.5E-07, 5.6E-07, 8.4E-07, 1.1E-06, 7.5E-07, 3.0E-07, 3.2E-07, 4.9E-07, 2.6E-07, 1.7E-07, 4.4E-07, 9.2E-07, 9.6E-07, 8.5E-06, 1.9E+01, 2.0E+01, 1.8E+01, 7.7E+00, 1.2E+01, 1.9E+01, 1.9E+01, 1.9E+01, 1.9E+01, 1.2E+02, 1.2E+02, 1.2E+02, 1.2E+02, 1.2E+02, 1.2E+02, 1.2E+02, 1.2E+02, 1.2E+02, 1.2E+02, 1.2E+02, 1.2E+02, 1.2E+02, 1.2E+02, 1.2E+02, 1.2E+02, 1.2E+02, 8.7E+01, 2.5E+01, 2.5E+01, 2.5E+01, 2.5E+01, 2.5E+01, 2.5E+01, 2.5E+01, 2.5E+01, 1.3E-07, 1.2E-07, 1.2E-07, 1.2E-07, 1.1E-07, 1.1E-07, 1.1E-07, 1.1E-07, 1.1E-07, 1.1E-07, 1.1E-07, 1.9E-07, 1.2E-07, 1.2E-07, 1.3E-07, 1.5E-07, 1.7E-07, 1.8E-07, 1.8E-07, 1.7E-07, 1.6E-07, 1.5E-07, 1.3E-07, 1.1E-07, 1.1E-07, 1.2E-07, 1.2E-07, 1.2E-07, 1.3E-07, 1.3E-07, 1.4E-07, 2.2E-07, 3.9E-07, 6.3E-07, 7.5E-07, 8.3E-07, 9.2E-07, 9.5E-07, 9.4E-07, 4.3E-07, 4.1E-07, 4.0E-07, 7.7E-07, 7.8E-07, 7.8E-07, 8.0E-07, 8.3E-07, 8.8E-07, 9.6E-07, 1.1E-06, 3.3E-06, 1.3E-07, 2.9E+01, 1.0E+02, 1.0E+02, 1.0E+02, 1.0E+02, 1.0E+02, 1.0E+02, 1.0E+02, 1.0E+02, 1.0E+02, 1.0E+02, 1.0E+02, 1.0E+02, 1.0E+02, 1.0E+02, 1.0E+02, 1.0E+02, 1.0E+02, 1.0E+02, 1.0E+02, 1.0E+02, 1.0E+02, 1.0E+02, 1.2E+02, 1.2E+02, 1.2E+02, 1.2E+02, 1.2E+02, 5.2E+01, 1.0E-06, 5.1E-07, 3.8E-07, 3.3E-07, 3.0E-07, 2.8E-07, 2.7E-07, 2.7E-07, 2.4E-07, 2.4E-07, 2.4E-07, 2.4E-07, 2.4E-07, 2.4E-07, 2.4E-07, 2.5E-07, 2.6E-07, 2.8E-07, 2.9E-07, 3.2E-07, 3.7E-07, 4.3E-07, 4.4E-07, 4.2E-07, 3.5E-07, 3.6E-07, 3.7E-07, 1.7E-07, 1.5E-07, 1.4E-07, 1.5E-07, 1.6E-07, 2.6E-07, 2.6E-07, 3.1E-07, 3.8E-07, 4.4E-07, 5.0E-07, 5.5E-07, 6.1E-07, 6.7E-07, 7.3E-07, 7.9E-07, 5.3E-07, 4.3E-07, 4.5E-07, 4.7E-07, 4.9E-07, 5.1E-07, 5.3E-07, 5.5E-07, 5.8E-07, 6.1E-07, 6.3E-07, 1.8E-08, 1.9E-08, 2.0E-08, 2.0E-08, 2.1E-08, 2.1E-08, 4.1E-08, 4.1E-07, 4.7E-07, 3.2E-07, 5.4E-08, 1.3E-06, 1.3E-06, 4.9E-08, 5.2E-08, 3.1E-08, 3.5E-08, 2.2E-08, 1.7E-08, 1.5E-06, 1.6E-06, 1.4E-06, 1.3E-06, 1.2E-06, 1.2E-06, 1.2E-06, 1.2E-06, 1.2E-06, 1.2E-06, 1.3E-06, 1.5E-08, 3.3E-08, 2.3E-08, 2.6E-08, 3.0E-08, 3.6E-08, 4.8E-08, 9.5E-08, 1.4E-06, 2.7E-06, 2.6E-06, 5.9E-08, 2.5E-07, 4.9E-07, 3.9E-07, 4.7E-07, 7.6E-06, 1.0E+02, 1.0E+02, 1.0E+02, 1.0E+02, 1.0E+02, 1.0E+02, 1.0E+02, 1.0E+02, 1.0E+02, 1.0E+02, 1.0E+02, 1.0E+02, 1.0E+02, 1.2E+02, 1.2E+02, 1.2E+02, 1.2E+02, 1.2E+02, 1.2E+02, 1.2E+02, 1.2E+02, 1.2E+02, 1.2E+02, 1.2E+02, 1.2E+02, 1.2E+02, 1.2E+02, 1.2E+02, 1.2E+02, 1.2E+02, 1.2E+02, 1.2E+02, 1.2E+02, 1.2E+02, 1.2E+02, 1.2E+02, 1.2E+02, 1.2E+02, 2.5E+01, 2.5E+01, 2.5E+01, 2.5E+01, 2.5E+01, 2.5E+01, 8.7E-07, 3.1E-06, 1.5E-07, 5.0E-07, 3.0E-06, 5.3E-06, 4.5E-07, 1.8E-06, 6.6E-06, 1.6E-06, 6.0E-06, 1.5E-05, 1.0E-06, 1.4E-06, 1.4E-06, 9.4E-06, 3.8E-06, 4.2E-06, 8.3E-06, 6.4E-06, 5.4E-06, 8.6E-06, 4.8E-06, 2.5E+00, 2.5E+01, 2.3E-07, 1.7E-07, 1.7E-07, 1.7E-07, 2.7E-07, 8.2E-09, 2.6E-08, 4.3E-09, 3.0E-09, 3.1E-09, 2.9E-07, 1.8E-08, 1.7E-07, 1.0E+02, 1.0E+02, 1.0E+02, 1.0E+02, 1.0E+02, 1.0E+02, 1.0E+02, 1.0E+02, 1.0E+02, 1.2E+02, 1.2E+02, 1.2E+02, 1.2E+02, 1.2E+02, 1.2E+02, 1.2E+02, 1.2E+02, 1.2E+02, 1.2E+02, 1.2E+02, 1.2E+02, 1.2E+02, 1.2E+02, 2.5E+01, 1.5E+01, 1.6E-05, 2.2E-07, 1.9E-07, 1.7E-07, 1.6E-07, 1.5E-07, 1.4E-07, 1.4E-07, 1.3E-07, 1.2E-07, 1.2E-07, 1.2E-07, 1.1E-07, 1.1E-07, 1.1E-07, 1.1E-07, 1.2E-07, 1.2E-07, 1.3E-07, 1.6E-07, 1.8E-07, 1.9E-07, 1.8E-07, 1.2E-07, 1.4E-07, 2.5E-07, 3.2E-07, 3.0E-07, 3.1E-07, 2.6E-07, 2.2E-07, 2.1E-07, 2.0E-07, 2.2E-07, 2.5E-07, 2.9E-07, 3.3E-07, 3.7E-07, 4.2E-07, 4.8E-07, 8.3E-07, 4.7E-07, 7.6E-07, 1.1E-08, 1.7E-06, 1.0E+02, 1.0E+02, 1.0E+02, 1.0E+02, 1.0E+02, 1.0E+02, 1.0E+02, 1.0E+02, 1.2E+02, 1.2E+02, 1.2E+02, 1.2E+02, 1.2E+02, 1.2E+02, 1.2E+02, 1.2E+02, 1.2E+02, 1.2E+02, 1.2E+02, 1.2E+02, 1.2E+02, 1.2E+02, 1.2E+02, 1.2E+02, 1.2E+02, 1.2E+02, 1.2E+02, 1.2E+02, 1.2E+02, 2.5E+01, 2.5E+01, 2.5E+01, 2.5E+01, 2.5E+01, 2.5E+01, 2.5E+01, 2.5E+01, 9.0E-08, 9.1E-08, 9.3E-08, 9.4E-08, 9.4E-08, 9.6E-08, 9.8E-08, 1.0E-07, 1.0E-07, 1.0E-07, 9.3E-08, 9.4E-08, 9.5E-08, 9.6E-08, 9.7E-08, 9.8E-08, 1.0E-07, 1.1E-07, 1.2E-07, 1.5E-07, 1.7E-07, 1.6E-07, 1.3E-07, 1.1E-07, 1.2E-07, 1.2E-07, 1.3E-07, 1.3E-07, 1.3E-07, 1.4E-07, 1.5E-07, 2.0E-07, 2.6E-07, 3.1E-07, 3.5E-07, 3.9E-07, 7.1E-07, 8.3E-07, 9.1E-07, 1.0E-06, 1.1E-06, 1.2E-06, 1.3E-06, 9.8E-07, 1.1E-06, 1.2E-06, 1.3E-06, 1.5E-06, 1.6E-06, 1.7E-06, 1.8E-06, 2.0E-06, 2.0E-06, 2.0E-06, 2.1E-06, 2.2E-06, 2.2E-06, 2.2E-06, 7.9E-07, 7.9E-07, 8.0E-07, 8.1E-07, 8.2E-07, 8.3E-07, 8.4E-07, 8.4E-07, 3.2E-08, 3.2E-08, 3.1E-08, 3.2E-08, 3.1E-08, 3.0E-08, 5.2E-08, 5.3E-08, 1.6E-06, 1.6E-06, 1.6E-06, 1.6E-06, 9.5E-07, 1.1E-06, 2.5E-08, 2.1E-08, 2.1E-08, 2.0E-08, 2.0E-08, 1.8E-08, 1.7E-06, 2.5E-08, 1.4E-06, 1.3E-06, 1.5E-06, 1.4E-06, 2.1E-08, 2.9E-08, 2.4E-08, 3.6E-08, 3.7E-08, 9.6E-08, 1.7E-06, 5.2E-07, 1.2E-07, 1.0E-06, 1.0E+02, 1.0E+02, 1.0E+02, 1.0E+02, 1.0E+02, 1.0E+02, 1.0E+02, 1.0E+02, 1.0E+02, 1.2E+02, 1.2E+02, 1.2E+02, 1.2E+02, 1.2E+02, 1.2E+02, 1.2E+02, 1.2E+02, 1.2E+02, 1.2E+02, 1.2E+02, 1.2E+02, 1.2E+02, 1.2E+02, 1.2E+02, 1.2E+02, 1.2E+02, 1.2E+02, 1.2E+02, 1.2E+02, 1.2E+02, 1.2E+02, 1.2E+02, 1.2E+02, 1.2E+02, 1.2E+02, 1.2E+02, 1.2E+02, 1.4E-02, 1.5E-05, 6.4E-06, 9.3E-06, 2.3E-05, 5.8E-06, 6.5E-06, 6.9E-06, 8.5E-06, 9.9E-06, 2.0E-05, 6.5E-07, 1.3E-06, 2.4E-06, 1.3E-05, 4.6E-06, 5.7E-06, 7.1E-06, 7.1E-06, 9.3E-06, 8.6E-06, 8.0E-06, 2.7E-06, 1.2E-06, 1.2E-06, 2.0E-05, 1.2E-05, 2.8E+00, 2.5E+01, 2.5E+01, 2.3E+01, 2.1E+01, 1.8E+01, 1.5E+01, 1.3E+01, 1.3E+01, 1.0E+01, 5.9E+00, 4.2E+00, 1.2E+02, 1.2E+02, 1.2E+02, 1.2E+02, 1.2E+02, 1.2E+02, 1.2E+02, 1.2E+02, 1.2E+02, 1.2E+02, 1.2E+02, 1.2E+02, 1.2E+02, 1.2E+02, 1.2E+02, 1.2E+02, 1.2E+02, 1.2E+02, 1.2E+02, 1.2E+02, 1.2E+02, 2.5E+01, 2.5E+01, 2.5E+01, 2.5E+01, 2.5E+01, 2.5E+01, 2.5E+01, 2.5E+01, 1.3E-07, 1.2E-07, 1.2E-07, 1.2E-07, 1.2E-07, 1.1E-07, 1.0E-07, 1.0E-07, 1.0E-07, 2.0E-07, 1.0E-07, 1.0E-07, 1.0E-07, 1.0E-07, 1.1E-07, 1.2E-07, 1.6E-07, 1.1E-07, 1.2E-07, 1.3E-07, 1.3E-07, 1.3E-07, 1.3E-07, 1.3E-07, 1.3E-07, 1.4E-07, 1.4E-07, 1.5E-07, 1.5E-07, 1.6E-07, 1.8E-07, 2.2E-07, 2.7E-07, 3.2E-07, 3.7E-07, 4.2E-07, 4.6E-07, 5.1E-07, 5.6E-07, 6.6E-07, 7.9E-07, 9.1E-07, 1.0E-06, 1.1E-06, 1.3E-06, 1.2E-06, 9.7E-07, 3.3E-06, 4.0E-08, 6.9E-07, 7.4E-07, 7.9E-07, 8.7E-07, 9.5E-07, 2.3E-06, 7.4E-06, 2.7E-04, 1.0E+02, 1.0E+02, 1.0E+02, 1.0E+02, 1.0E+02, 1.0E+02, 1.0E+02, 1.0E+02, 1.0E+02, 1.0E+02, 1.0E+02, 1.0E+02, 1.0E+02, 1.0E+02, 1.0E+02, 1.0E+02, 1.0E+02, 1.0E+02, 1.0E+02, 1.0E+02, 1.0E+02, 1.0E+02, 1.0E+02, 1.0E+02, 1.0E+02, 1.0E+02, 1.0E+02, 1.0E+02, 6.6E+01, 8.0E-07, 3.9E-07, 3.2E-07, 2.8E-07, 2.9E-07, 2.7E-07, 1.6E-07, 1.6E-07, 1.5E-07, 1.5E-07, 1.4E-07, 1.4E-07, 1.4E-07, 1.6E-07, 1.8E-07, 1.8E-07, 1.9E-07, 1.9E-07, 1.8E-07, 1.7E-07, 1.6E-07, 1.5E-07, 1.4E-07, 1.2E-07, 1.1E-07, 1.2E-07, 1.2E-07, 1.3E-07, 1.7E-07, 2.2E-07, 2.7E-07, 3.2E-07, 3.7E-07, 4.2E-07, 3.6E-07, 4.2E-07, 4.8E-07, 5.4E-07, 6.0E-07, 6.6E-07, 7.3E-07, 7.9E-07, 1.2E-08, 1.3E-08, 1.4E-08, 1.5E-08, 5.1E-07, 5.4E-07, 5.6E-07, 5.8E-07, 6.2E-07, 6.4E-07, 6.6E-07, 6.8E-07, 4.1E-07, 4.4E-07, 4.9E-07, 5.3E-07, 5.9E-07, 8.2E-07, 2.9E-07, 1.8E-07, 1.3E-07, 1.0E-07, 9.1E-08, 8.1E-08, 7.6E-08, 6.7E-08, 5.8E-08, 3.7E-08, 2.9E-08, 1.7E-08, 1.8E-08, 1.6E-08, 1.5E-08, 1.5E-08, 1.3E-06, 1.3E-06, 1.4E-08, 1.1E-06, 1.5E-08, 1.2E-06, 2.0E-08, 2.2E-08, 2.7E-08, 3.2E-08, 4.0E-08, 5.4E-08, 1.5E-07, 3.7E-06, 9.9E-07, 1.5E-07, 1.0E+02, 1.0E+02, 1.0E+02, 1.0E+02, 1.0E+02, 1.0E+02, 1.0E+02, 1.0E+02, 1.0E+02, 1.0E+02, 1.0E+02, 1.0E+02, 1.0E+02, 1.0E+02, 1.2E+02, 1.2E+02, 1.2E+02, 1.2E+02, 1.2E+02, 1.2E+02, 1.2E+02, 1.2E+02, 1.2E+02, 1.2E+02, 1.2E+02, 1.2E+02, 1.2E+02, 1.2E+02, 1.2E+02, 1.2E+02, 1.2E+02, 1.2E+02, 1.2E+02, 1.2E+02, 1.2E+02, 1.2E+02, 3.3E+01, 1.3E-05, 7.6E-06, 6.1E-06, 5.3E-06, 5.0E-06, 4.9E-06, 4.8E-06, 1.0E-07, 1.1E-07, 1.3E-07, 1.4E-07, 1.5E-07, 1.6E-07, 1.8E-07, 8.8E-08, 1.2E-07, 1.4E-07, 1.6E-07, 1.8E-07, 1.9E-07, 2.3E-07, 2.3E-07, 2.5E-07, 2.4E-07, 2.4E-07, 2.7E-07, 3.4E-07, 4.5E-07, 4.7E-07, 2.6E-07, 6.6E-07, 6.4E-07, 4.3E-07, 1.9E-07, 3.1E-07, 6.1E-07, 4.2E-07, 2.5E+01, 2.5E+01, 2.5E+01, 2.5E+01, 2.5E+01, 2.5E+01, 2.5E+01, 2.5E+01, 2.5E+01, 2.9E-08, 4.1E-09, 5.2E-09, 6.7E-09, 8.7E-09, 1.1E-08, 1.2E-08, 4.3E-07, 4.5E-07, 4.7E-07, 1.1E-08, 1.3E-06, 1.0E+02, 1.0E+02, 1.0E+02, 1.0E+02, 1.0E+02, 1.0E+02, 1.0E+02, 1.0E+02, 1.0E+02, 1.0E+02, 1.0E+02, 1.0E+02, 1.0E+02, 1.0E+02, 1.0E+02, 1.0E+02, 1.0E+02, 1.0E+02, 1.0E+02, 1.2E+02, 1.2E+02, 1.2E+02, 1.2E+02, 1.2E+02, 1.2E+02, 1.2E+02, 1.2E+02, 1.2E+02, 1.2E+02, 1.2E+02, 1.2E+02, 1.2E+02, 8.1E+00, 9.0E-07, 1.7E-06, 5.5E-06, 5.3E-05, 1.6E-05, 2.5E-05, 3.8E-05, 3.8E-05, 2.5E+01, 4.1E-05, 2.5E+01, 2.5E+01, 2.5E+01, 2.5E+01, 2.5E+01, 2.5E+01, 1.9E-04, 1.2E+02, 1.2E+02, 1.2E+02, 1.2E+02, 1.2E+02, 1.2E+02, 1.2E+02, 1.2E+02, 1.2E+02, 1.2E+02, 1.2E+02, 1.2E+02, 1.2E+02, 1.2E+02, 1.2E+02, 8.9E+01, 1.9E+01, 1.9E+01, 2.5E+01, 2.5E+01, 2.5E+01, 2.5E+01, 2.5E+01, 2.5E+01, 2.5E+01, 2.5E+01, 2.5E+01, 2.5E+01, 2.5E+01, 2.5E+01, 2.5E+01, 2.5E+01, 2.5E+01, 2.5E+01, 9.3E-08, 9.3E-08, 9.4E-08, 9.4E-08, 9.5E-08, 9.8E-08, 1.0E-07, 1.1E-07, 1.2E-07, 1.7E-07, 1.8E-07, 1.7E-07, 1.4E-07, 1.2E-07, 1.9E-07, 1.7E-07, 1.5E-07, 1.3E-07, 1.3E-07, 1.4E-07, 1.5E-07, 1.6E-07, 1.6E-07, 1.6E-07, 1.8E-07, 2.4E-07, 2.9E-07, 3.3E-07, 3.8E-07, 4.2E-07, 4.8E-07, 6.0E-07, 7.1E-07, 8.2E-07, 9.2E-07, 1.0E-06, 1.1E-06, 1.2E-06, 1.3E-06, 1.3E-06, 1.4E-06, 1.5E-06, 1.6E-06, 1.8E-06, 1.7E-06, 1.8E-06, 1.9E-06, 1.9E-06, 2.0E-06, 2.0E-06, 2.0E-06, 2.1E-06, 2.1E-06, 2.0E-06, 2.0E-06, 1.9E-06, 1.8E-06, 1.7E-06, 1.6E-06, 3.3E-06, 3.5E-08, 1.1E-06, 1.2E-06, 1.2E-06, 8.9E-07, 8.3E-07, 8.4E-07, 8.5E-07, 8.6E-07, 8.7E-07, 8.8E-07, 8.9E-07, 9.0E-07, 1.1E-06, 6.9E-08, 8.8E-08, 1.1E-07, 4.0E-07, 8.6E-08, 5.1E-08, 4.6E-08, 3.9E-08, 2.8E-08, 2.8E-08, 2.8E-08, 3.0E-08, 3.5E-08, 4.6E-08, 6.5E-08, 1.0E-07, 4.2E-08, 3.6E-08, 4.8E-07, 2.0E-06, 2.6E-07, 8.7E-08, 1.4E-07, 2.8E-07, 2.5E-07, 1.4E-06, 1.1E-06, 4.0E+01, 1.0E+02, 1.0E+02, 1.0E+02, 1.0E+02, 1.0E+02, 1.0E+02, 1.0E+02, 1.0E+02, 1.0E+02, 1.0E+02, 1.0E+02, 1.0E+02, 1.0E+02, 1.0E+02, 1.0E+02, 1.0E+02, 1.0E+02, 1.0E+02, 2.6E-08, 1.5E-08, 1.1E-08, 1.0E+02, 1.0E+02, 1.0E+02, 2.5E+01, 2.5E+01, 2.5E+01, 2.5E+01, 2.5E+01, 2.5E+01, 1.2E+02, 1.2E+02, 1.0E+02, 1.0E+02, 1.0E+02, 1.0E+02, 1.0E+02, 1.0E+02, 1.0E+02, 1.0E+02, 1.0E+02, 1.2E+02, 1.2E+02, 1.2E+02, 1.2E+02, 1.2E+02, 1.2E+02, 1.2E+02, 1.2E+02, 1.2E+02, 1.2E+02, 1.2E+02, 5.5E-06, 2.6E-07, 1.8E-07, 1.6E-07, 1.5E-07, 1.5E-07, 1.5E-07, 1.6E-07, 1.7E-07, 1.8E-07, 2.0E-07, 2.1E-07, 2.2E-07, 1.2E-07, 1.2E-07, 1.3E-07, 1.4E-07, 1.4E-07, 1.5E-07, 1.5E-07, 1.6E-07, 1.8E-07, 1.7E-07, 1.5E-07, 1.5E-07, 4.3E-07, 3.4E-07, 3.8E-07, 1.5E-07, 1.7E-07, 5.7E-07, 2.1E-07, 3.0E-07, 2.2E-07, 4.2E-07, 2.8E-07, 2.5E+01, 1.1E-07, 1.1E-07, 1.5E-07, 1.8E-07, 2.2E-07, 2.6E-07, 2.0E-07, 2.4E-07, 2.8E-07, 5.8E-07, 7.8E-07, 9.8E-09, 2.7E-08, 1.6E-06, 1.0E+02, 1.0E+02, 1.0E+02, 1.0E+02, 1.0E+02, 1.0E+02, 1.0E+02, 1.0E+02, 1.0E+02, 1.0E+02, 1.0E+02, 1.0E+02, 1.0E+02, 1.0E+02, 1.0E+02, 1.0E+02, 1.0E+02, 1.0E+02, 1.0E+02, 1.0E+02, 1.2E+02, 1.2E+02, 1.2E+02, 1.2E+02, 1.2E+02, 1.2E+02, 1.2E+02, 1.2E+02, 1.7E-06, 5.4E-07, 3.7E-07, 3.2E-07, 3.4E-06, 4.7E-06, 7.4E-07, 2.7E-06, 2.2E-06, 6.2E-06, 1.4E-05, 1.9E-07, 1.9E-07, 2.2E-07, 2.6E-07, 2.7E-07, 4.9E-07, 1.8E-07, 1.7E-07, 1.7E-07, 1.7E-07, 1.7E-07, 3.5E-08, 1.7E-07, 1.2E+02, 1.2E+02, 1.2E+02, 1.2E+02, 1.2E+02, 1.2E+02, 1.2E+02, 1.2E+02, 1.2E+02, 1.2E+02, 1.2E+02, 1.2E+02, 1.2E+02, 1.2E+02, 1.2E+02, 1.2E+02, 1.2E+02, 1.2E+02, 1.2E+02, 1.2E+02, 1.2E+02, 2.5E+01, 2.5E+01, 2.5E+01, 2.5E+01, 2.5E+01, 2.5E+01, 1.3E-07, 1.2E-07, 1.2E-07, 1.2E-07, 1.1E-07, 1.1E-07, 1.1E-07, 1.1E-07, 1.0E-07, 1.0E-07, 1.0E-07, 1.0E-07, 1.0E-07, 1.0E-07, 1.0E-07, 1.0E-07, 1.0E-07, 1.1E-07, 1.1E-07, 1.3E-07, 1.7E-07, 1.7E-07, 1.6E-07, 1.3E-07, 1.1E-07, 1.2E-07, 1.2E-07, 1.2E-07, 1.3E-07, 1.3E-07, 1.4E-07, 1.5E-07, 1.6E-07, 2.0E-07, 2.5E-07, 2.9E-07, 3.4E-07, 4.0E-07, 4.6E-07, 5.2E-07, 5.7E-07, 6.2E-07, 7.0E-07, 8.3E-07, 9.6E-07, 1.1E-06, 1.2E-06, 1.3E-06, 1.5E-06, 1.6E-06, 1.7E-06, 1.9E-06, 1.9E-06, 2.0E-06, 2.0E-06, 2.1E-06, 2.1E-06, 2.2E-06, 2.2E-06, 2.2E-06, 2.2E-06, 7.8E-07, 7.9E-07, 8.0E-07, 8.1E-07, 8.2E-07, 8.3E-07, 8.3E-07, 8.4E-07, 1.2E-06, 1.2E-06, 1.2E-06, 1.2E-06, 5.0E-08, 3.1E-08, 3.3E-08, 3.6E-08, 3.9E-08, 4.4E-08, 4.9E-08, 6.5E-08, 8.6E-08, 1.1E-07, 2.0E-08, 1.3E-06, 1.4E-06, 1.3E-06, 1.4E-06, 1.3E-06, 1.2E-06, 1.3E-06, 1.4E-06, 1.3E-06, 2.2E-08, 2.1E-08, 2.8E-08, 3.0E-08, 4.2E-08, 7.6E-08, 3.5E-07, 4.4E-06, 6.4E-08, 1.7E-07, 6.4E-07, 2.4E-07, 3.0E-07, 8.4E-06, 1.5E+01, 1.0E+02, 1.0E+02, 1.0E+02, 1.0E+02, 1.0E+02, 1.0E+02, 1.0E+02, 1.0E+02, 1.0E+02, 1.0E+02, 1.0E+02, 1.0E+02, 1.0E+02, 1.0E+02, 1.0E+02, 1.0E+02, 1.0E+02, 2.8E-08, 1.7E-08, 1.0E+02, 1.2E+02, 1.2E+02, 1.2E+02, 1.2E+02, 1.2E+02, 1.2E+02, 1.2E+02, 1.2E+02, 1.2E+02, 1.2E+02, 1.2E+02, 1.2E+02, 1.2E+02, 1.2E+02, 1.2E+02, 1.2E+02, 1.2E+02, 1.2E+02, 1.2E+02, 1.2E+02, 1.2E+02, 1.2E+02, 1.2E+02, 2.5E+01, 2.5E+01, 2.5E+01, 2.5E+01, 2.5E+01, 2.5E+01, 2.5E+01, 2.5E+01, 1.0E-06, 3.0E-07, 2.4E-07, 3.0E-06, 3.6E-06, 1.8E-07, 2.0E-06, 2.2E-06, 6.3E-06, 7.1E-08, 7.6E-08, 8.1E-08, 8.7E-08, 9.4E-08, 9.9E-08, 1.0E-07, 1.1E-07, 1.1E-07, 1.1E-07, 1.2E-07, 1.2E-07, 1.1E-07, 1.1E-07, 1.1E-07, 1.1E-07, 1.2E-07, 1.3E-07, 1.6E-07, 1.7E-07, 1.8E-07, 2.5E-07, 4.0E-07, 4.6E-07, 2.7E-07, 2.9E-07, 3.6E-07, 1.6E-08, 3.7E-08, 9.7E-09, 1.2E-08, 8.7E-08, 2.5E-06, 1.0E+02, 1.0E+02, 1.0E+02, 1.0E+02, 1.0E+02, 1.0E+02, 1.0E+02, 1.0E+02, 1.0E+02, 1.0E+02, 1.0E+02, 1.0E+02, 1.0E+02, 1.0E+02, 1.0E+02, 1.0E+02, 1.0E+02, 1.0E+02, 1.0E+02, 1.0E+02, 1.0E+02, 1.0E+02, 1.0E+02, 1.0E+02, 1.0E+02, 1.0E+02, 9.9E+01, 1.1E-06, 5.4E-07, 3.7E-07, 3.0E-07, 2.6E-07, 7.2E-07, 2.5E-06, 1.5E-05, 2.3E-05, 2.4E-05, 2.5E-05, 3.9E-05, 2.3E-07, 2.5E-07, 1.4E-07, 1.3E-07, 1.3E-07, 1.4E-07, 1.5E-07, 1.6E-07, 1.6E-07, 1.6E-07, 1.6E-07, 1.4E-07, 1.3E-07, 1.1E-07, 1.1E-07, 1.2E-07, 1.2E-07, 1.3E-07, 1.7E-07, 1.7E-07, 2.0E-07, 2.4E-07, 5.5E-07, 4.2E-07, 4.4E-07, 4.6E-07, 5.0E-07, 5.4E-07, 5.8E-07, 6.3E-07, 8.0E-07, 9.9E-07, 2.7E-08, 3.3E-07, 1.0E+02, 1.0E+02, 1.0E+02, 1.0E+02, 1.0E+02, 1.0E+02, 1.0E+02, 1.0E+02, 1.0E+02, 1.0E+02, 1.0E+02, 1.0E+02, 1.0E+02, 1.0E+02, 1.2E+02, 1.2E+02, 1.2E+02, 1.2E+02, 1.2E+02, 1.2E+02, 1.2E+02, 1.2E+02, 1.2E+02, 1.2E+02, 1.2E+02, 1.2E+02, 1.2E+02, 1.2E+02, 1.2E+02, 1.2E+02, 1.2E+02, 5.2E-07, 2.4E-07, 1.7E-07, 1.5E-07, 1.3E-07, 1.2E-07, 4.0E-06, 1.9E-06, 1.7E-06, 2.2E-06, 2.5E-06, 2.7E-06, 2.8E-06, 3.4E-06, 2.9E-06, 2.9E-06, 3.1E-06, 3.2E-06, 4.2E-06, 3.7E-06, 3.4E-06, 2.8E-06, 2.1E-06, 1.3E-06, 4.1E-05, 1.3E-05, 2.5E+01, 2.5E+01, 2.5E+01, 1.4E-07, 1.0E-07, 1.1E-07, 1.1E-07, 1.1E-07, 1.3E-07, 1.3E-07, 1.3E-07, 1.4E-07, 2.0E-07, 3.1E-07, 1.9E-06, 2.0E-06, 1.7E-06, 5.6E-07, 4.8E-07, 5.3E-07, 5.8E-07, 6.3E-07, 6.8E-07, 7.3E-07, 8.1E-07, 9.1E-07, 1.0E-06, 1.2E-06, 1.3E-06, 1.9E-06, 6.4E-07, 6.7E-07, 6.9E-07, 7.9E-07, 8.3E-07, 8.6E-07, 8.8E-07, 8.9E-07, 9.1E-07, 9.3E-07, 9.6E-07, 9.6E-07, 9.9E-07, 9.3E-07, 1.0E-06, 1.0E-06, 8.8E-07, 1.0E-06, 9.5E-07, 1.0E-06, 9.8E-07, 9.9E-07, 1.2E-06, 1.2E-06, 9.1E-07, 1.6E-06, 1.0E-06, 1.1E-06, 1.1E-06, 1.1E-06, 1.1E-06, 1.1E-06, 1.1E-06, 1.1E-06, 1.2E-06, 1.2E-06, 1.2E-06, 1.3E-06, 1.3E-06, 1.4E-06, 1.5E-06, 1.7E-08, 2.4E-08, 2.6E-08, 5.2E-08, 5.5E-07, 6.6E-07, 1.0E+02, 1.0E+02, 1.0E+02, 1.0E+02, 1.0E+02, 1.0E+02, 1.0E+02, 1.0E+02, 1.0E+02, 1.2E+02, 1.2E+02, 1.2E+02, 1.2E+02, 1.2E+02, 1.2E+02, 1.2E+02, 1.2E+02, 1.2E+02, 1.2E+02, 1.2E+02, 1.2E+02, 1.2E+02, 1.2E+02, 1.2E+02, 1.2E+02, 1.2E+02, 1.2E+02, 1.2E+02, 1.2E+02, 1.2E+02, 1.2E+02, 1.2E+02, 1.2E+02, 1.2E+02, 1.2E+02, 1.2E+02, 1.2E+02, 1.2E+02, 2.5E+01, 2.0E-04, 1.6E-05, 9.1E-06, 6.9E-06, 8.5E-06, 9.0E-06, 3.0E-06, 4.0E-06, 6.5E-06, 9.4E-06, 3.7E-07, 1.1E-06, 2.4E-06, 2.9E-06, 3.3E-06, 3.5E-06, 4.1E-06, 6.0E-06, 3.8E-06, 2.4E+01, 2.5E+01, 2.5E+01, 2.5E+01, 2.4E+01, 2.2E+01, 2.0E+01, 1.8E+01, 1.2E-07, 1.3E-07, 1.4E-07, 1.8E-07, 6.8E-06, 1.0E+02, 1.0E+02, 1.0E+02, 1.0E+02, 1.0E+02, 1.0E+02, 1.2E+02, 1.2E+02, 1.2E+02, 1.2E+02, 1.2E+02, 1.2E+02, 1.2E+02, 1.2E+02, 1.2E+02, 1.2E+02, 1.2E+02, 1.2E+02, 1.2E+02, 1.2E+02, 1.2E+02, 2.5E+01, 2.5E+01, 2.5E+01, 2.5E+01, 2.5E+01, 2.5E+01, 2.5E+01, 2.5E+01, 2.5E+01, 2.5E+01, 2.5E+01, 2.5E+01, 1.1E-07, 1.1E-07, 9.8E-08, 9.8E-08, 9.8E-08, 9.9E-08, 9.9E-08, 9.9E-08, 1.0E-07, 1.2E-07, 1.0E-07, 1.0E-07, 1.1E-07, 1.5E-07, 1.1E-07, 1.2E-07, 1.3E-07, 1.4E-07, 1.4E-07, 1.4E-07, 1.4E-07, 1.4E-07, 1.4E-07, 1.4E-07, 1.4E-07, 1.5E-07, 1.5E-07, 1.6E-07, 1.6E-07, 1.7E-07, 1.8E-07, 2.2E-07, 2.7E-07, 3.1E-07, 3.6E-07, 4.0E-07, 4.5E-07, 5.7E-07, 6.9E-07, 1.2E-06, 1.3E-06, 1.4E-06, 1.5E-06, 1.6E-06, 6.7E-07, 5.6E-07, 5.8E-07, 6.0E-07, 6.1E-07, 6.3E-07, 6.4E-07, 6.5E-07, 8.1E-07, 8.2E-07, 8.3E-07, 8.4E-07, 8.6E-07, 9.2E-07, 1.4E-06, 1.7E-07, 1.0E+02, 1.0E+02, 1.0E+02, 1.0E+02, 1.0E+02, 1.0E+02, 1.0E+02, 1.0E+02, 1.0E+02, 1.0E+02, 1.0E+02, 1.0E+02, 1.0E+02, 1.0E+02, 1.0E+02, 1.0E+02, 1.0E+02, 1.0E+02, 1.0E+02, 1.0E+02, 1.0E+02, 1.2E+02, 1.2E+02, 1.2E+02, 1.2E+02, 1.2E+02, 1.2E+02, 1.2E+02, 1.2E+02, 1.2E+02, 1.2E+02, 1.2E+02, 1.2E+02, 1.1E+02, 1.2E-06, 3.9E-07, 3.3E-07, 9.4E-07, 8.5E-07, 3.8E-05, 4.3E-05, 1.5E-05, 1.3E-06, 7.8E-05, 9.0E-07, 1.0E-06, 9.7E-07, 7.8E-07, 3.6E-07, 3.8E-07, 6.8E-07, 4.3E-06, 3.3E-06, 8.7E-07, 6.1E-07, 5.1E-06, 4.3E-06, 1.8E-06, 1.9E-05, 9.8E-07, 2.1E-06, 1.5E-07, 1.2E-07, 1.1E-07, 1.2E-07, 1.1E-07, 1.1E-07, 1.5E-07, 1.1E-07, 1.2E-07, 1.2E-07, 1.8E-07, 2.1E-07, 2.2E-08, 5.7E-07, 7.0E-07, 3.2E-07, 5.4E-07, 6.5E-07, 9.9E-07, 1.1E-06, 1.1E-06, 1.2E-06, 1.3E-06, 1.3E-06, 1.1E-06, 1.0E-06, 4.7E-08, 5.3E-08, 2.7E-06, 4.2E-08, 1.5E-06, 1.9E-06, 2.2E-06, 1.8E-06, 1.6E-06, 1.1E-06, 9.5E-07, 8.7E-07, 9.7E-07, 8.1E-07, 1.1E-06, 8.3E-07, 8.6E-07, 8.8E-07, 9.2E-07, 1.2E-06, 9.3E-07, 9.4E-07, 9.7E-07, 9.8E-07, 1.0E-06, 1.0E-06, 1.0E-06, 1.0E-06, 1.1E-06, 1.1E-06, 9.6E-07, 1.2E-06, 1.2E-06, 1.4E-06, 1.4E-06, 2.2E-08, 5.4E-07, 8.4E-07, 8.9E-07, 1.0E+02, 1.0E+02, 2.5E-06, 3.9E-04, 1.0E+02, 1.0E+02, 1.0E+02, 1.0E+02, 1.0E+02, 1.2E+02, 1.2E+02, 1.2E+02, 1.2E+02, 1.2E+02, 1.2E+02, 1.2E+02, 1.2E+02, 1.2E+02, 1.2E+02, 1.2E+02, 1.2E+02, 1.2E+02, 1.2E+02, 1.2E+02, 1.2E+02, 1.2E+02, 1.2E+02, 1.2E+02, 1.2E+02, 1.2E+02, 1.2E+02, 1.2E+02, 1.2E+02, 1.2E+02, 1.2E+02, 1.2E+02, 1.2E+02, 1.2E+02, 1.2E+02, 1.2E+02, 1.2E+02, 1.1E+02, 1.1E-05, 6.6E-06, 5.3E-06, 4.8E-06, 5.7E-07, 9.9E-07, 5.2E-06, 4.5E-06, 4.6E-06, 4.0E-06, 3.5E-06, 3.7E-06, 4.3E-06, 4.7E-06, 4.9E-06, 4.4E-06, 3.9E-06, 3.1E-06, 3.6E-06, 4.4E-06, 4.4E-06, 3.5E-06, 1.2E-06, 5.2E-07, 1.9E+01, 1.9E+01, 1.9E+01, 1.9E+01, 1.9E+01, 1.9E+01, 6.6E-07, 9.8E-07, 3.8E-07, 1.7E-07, 2.7E-07, 9.0E-07, 2.6E-06, 1.2E+02, 1.2E+02, 1.2E+02, 1.2E+02, 1.2E+02, 1.2E+02, 1.2E+02, 1.2E+02, 1.2E+02, 1.2E+02, 1.2E+02, 1.2E+02, 1.2E+02, 1.2E+02, 1.2E+02, 1.2E+02, 1.2E+02, 1.2E+02, 1.2E+02, 1.2E+02, 1.2E+02, 2.5E+01, 2.5E+01, 2.5E+01, 2.5E+01, 1.8E-07, 1.6E-07, 1.5E-07, 1.4E-07, 1.4E-07, 1.4E-07, 1.4E-07, 1.4E-07, 1.4E-07, 1.5E-07, 1.7E-07, 1.5E-07, 1.9E-07, 2.0E-07, 1.8E-07, 1.8E-07, 1.7E-07, 1.7E-07, 1.7E-07, 1.9E-07, 1.8E-07, 1.8E-07, 1.8E-07, 1.8E-07, 1.7E-07, 1.6E-07, 1.5E-07, 1.4E-07, 1.3E-07, 1.2E-07, 1.3E-07, 1.4E-07, 1.5E-07, 1.6E-07, 1.9E-07, 1.6E-07, 2.0E-07, 2.6E-07, 3.2E-07, 6.7E-07, 7.3E-07, 8.1E-07, 8.8E-07, 9.4E-07, 1.0E-06, 1.1E-06, 1.1E-06, 1.1E-06, 1.6E-08, 2.1E-08, 2.1E-08, 5.0E-08, 2.5E-05, 3.8E-07, 1.0E+02, 1.0E+02, 1.0E+02, 1.0E+02, 1.0E+02, 1.0E+02, 1.0E+02, 1.0E+02, 1.0E+02, 1.0E+02, 1.0E+02, 1.0E+02, 1.0E+02, 1.0E+02, 1.0E+02, 1.0E+02, 1.0E+02, 1.0E+02, 1.0E+02, 1.0E+02, 1.0E+02, 1.0E+02, 1.0E+02, 1.0E+02, 1.0E+02, 1.0E+02, 1.0E+02, 1.0E+02, 1.0E+02, 1.0E+02, 1.0E+02, 1.0E+02, 4.4E-06, 5.0E-07, 2.9E-07, 2.2E-07, 1.9E-07, 1.7E-07, 1.6E-07, 1.5E-07, 1.5E-07, 1.4E-07, 1.4E-07, 1.3E-07, 1.3E-07, 1.3E-07, 1.2E-07, 1.2E-07, 1.1E-07, 1.1E-07, 1.2E-07, 1.2E-07, 1.2E-07, 1.4E-07, 1.6E-07, 1.7E-07, 1.7E-07, 1.6E-07, 1.4E-07, 1.1E-07, 1.1E-07, 1.2E-07, 1.3E-07, 3.4E-07, 4.4E-07, 2.6E-07, 3.2E-07, 2.0E-07, 2.9E-07, 3.7E-07, 4.4E-07, 5.1E-07, 5.7E-07, 6.3E-07, 7.0E-07, 7.6E-07, 8.2E-07, 8.8E-07, 9.4E-07, 1.0E-06, 1.1E-06, 5.9E-07, 4.9E-07, 5.1E-07, 5.3E-07, 5.7E-07, 6.0E-07, 6.3E-07, 6.6E-07, 6.9E-07, 7.1E-07, 7.4E-07, 4.3E-08, 3.7E-08, 3.4E-08, 3.6E-07, 4.1E-07, 4.6E-07, 3.0E-07, 5.9E-08, 3.7E-08, 3.2E-08, 3.0E-08, 3.2E-08, 3.8E-08, 2.1E-08, 2.0E-08, 2.1E-08, 1.7E-08, 1.6E-06, 1.5E-06, 1.6E-06, 1.4E-06, 1.2E-06, 1.3E-06, 1.3E-06, 1.1E-06, 1.1E-06, 1.8E-08, 1.3E-06, 2.4E-08, 2.3E-08, 2.7E-08, 2.6E-08, 8.4E-08, 2.5E-05, 1.9E-07, 1.0E+02, 1.0E+02, 1.0E+02, 1.0E+02, 1.0E+02, 1.0E+02, 1.0E+02, 1.0E+02, 1.0E+02, 1.0E+02, 1.0E+02, 1.2E+02, 1.2E+02, 1.2E+02, 1.2E+02, 1.2E+02, 1.2E+02, 1.2E+02, 1.2E+02, 1.2E+02, 1.2E+02, 1.2E+02, 1.2E+02, 1.2E+02, 1.2E+02, 1.2E+02, 1.2E+02, 1.2E+02, 1.2E+02, 1.2E+02, 1.2E+02, 1.2E+02, 1.2E+02, 1.2E+02, 1.2E+02, 1.2E+02, 1.2E+02, 1.2E+02, 1.2E+02, 1.2E-05, 9.1E-06, 7.5E-06, 7.5E-06, 4.4E-06, 6.2E-06, 9.7E-06, 1.3E-05, 1.5E-05, 1.5E-05, 1.5E-05, 1.2E-05, 8.1E-06, 5.4E-06, 4.7E-06, 4.1E-06, 2.4E-06, 2.5E-06, 5.0E-07, 5.1E-07, 2.6E-07, 2.8E-06, 3.6E-06, 4.5E-07, 2.8E-07, 2.9E-07, 6.8E-07, 1.2E-06, 2.0E-06, 3.7E-07, 2.1E-06, 1.8E+01, 2.5E+01, 2.5E+01, 2.5E+01, 2.5E+01, 2.5E+01, 2.5E+01, 2.5E+01, 2.5E+01, 1.6E-07, 2.2E-07, 2.8E-07, 4.5E-09, 1.2E-08, 4.6E-06, 1.0E+02, 1.0E+02, 1.0E+02, 1.0E+02, 1.0E+02, 1.0E+02, 1.0E+02, 1.0E+02, 1.0E+02, 1.0E+02, 1.0E+02, 1.0E+02, 1.0E+02, 1.0E+02, 1.0E+02, 1.0E+02, 1.0E+02, 1.0E+02, 1.0E+02, 1.2E+02, 1.2E+02, 1.2E+02, 1.2E+02, 1.2E+02, 1.2E+02, 1.2E+02, 1.2E+02, 4.5E+01, 1.4E-06, 7.1E-07, 5.0E-07, 4.2E-07, 3.5E-07, 3.3E-07, 3.1E-07, 3.0E-07, 2.9E-07, 2.9E-07, 2.9E-07, 2.9E-07, 2.9E-07, 2.9E-07, 6.4E-07, 1.6E-06, 2.0E-06, 2.2E-06, 4.6E-06, 1.1E-05, 1.8E-05, 5.7E-07, 5.7E-07, 1.8E-06, 6.7E-06, 7.0E-06, 1.2E-07, 1.2E-07, 1.2E-07, 2.5E+01, 2.5E+01, 3.0E-09, 1.0E+02, 1.0E+02, 1.0E+02, 1.0E+02, 1.0E+02, 1.0E+02, 1.0E+02, 1.0E+02, 1.0E+02, 1.0E+02, 1.0E+02, 1.2E+02, 1.2E+02, 1.2E+02, 1.2E+02, 1.2E+02, 1.2E+02, 1.2E+02, 1.2E+02, 1.2E+02, 1.2E+02, 1.2E+02, 1.2E+02, 1.2E+02, 1.2E+02, 1.7E+01, 8.6E-07, 7.3E-06, 7.5E-07, 1.6E-06, 1.0E-05, 6.5E-07, 8.4E-06, 3.2E-05, 2.4E-06, 2.6E-05, 1.5E-06, 6.7E-06, 1.3E-06, 2.0E-06, 2.0E-06, 2.7E-06, 2.9E-06, 6.1E-06, 2.9E-07, 5.9E-07, 1.4E-06, 3.6E-06, 3.3E-07, 1.3E-07, 1.5E-07, 1.7E-07, 1.7E-07, 1.5E-07, 1.3E-07, 1.1E-07, 1.2E-07, 1.2E-07, 1.3E-07, 1.3E-07, 1.3E-07, 1.4E-07, 1.5E-07, 2.2E-07, 2.9E-07, 3.5E-07, 4.1E-07, 4.5E-07, 4.9E-07, 5.4E-07, 6.0E-07, 6.5E-07, 7.0E-07, 7.7E-07, 8.2E-07, 9.2E-07, 4.2E-07, 4.7E-07, 5.1E-07, 5.5E-07, 5.8E-07, 6.2E-07, 6.4E-07, 6.7E-07, 7.2E-07, 7.1E-07, 2.1E-06, 2.1E-06, 2.2E-06, 2.1E-06, 2.1E-06, 1.9E-06, 2.3E-07, 7.7E-08, 9.0E-08, 3.0E-08, 3.0E-08, 4.6E-08, 4.4E-08, 3.8E-08, 4.1E-08, 2.1E-06, 2.0E-06, 1.9E-06, 1.6E-06, 1.5E-06, 1.3E-06, 1.2E-06, 1.2E-06, 1.1E-06, 1.2E-06, 9.9E-07, 1.2E-06, 1.0E-06, 1.1E-06, 1.1E-06, 1.3E-06, 1.3E-06, 1.5E-06, 2.1E-08, 3.1E-08, 2.1E-08, 3.4E-08, 3.6E-08, 6.3E-08, 8.1E-08, 4.7E-06, 2.2E-06, 1.1E-07, 1.6E-08, 1.7E-08, 2.8E-07, 2.1E-06, 2.2E-07, 2.8E+01, 1.0E+02, 1.0E+02, 1.0E+02, 1.0E+02, 1.0E+02, 1.0E+02, 1.0E+02, 1.0E+02, 1.0E+02, 1.0E+02, 1.0E+02, 1.0E+02, 1.0E+02, 1.0E+02, 1.0E+02, 1.0E+02, 1.2E+02, 1.2E+02, 1.2E+02, 1.2E+02, 1.2E+02, 1.2E+02, 1.2E+02, 1.2E+02, 1.2E+02, 1.2E+02, 1.2E+02, 1.2E+02, 1.2E+02, 1.2E+02, 1.2E+02, 1.2E+02, 1.2E+02, 1.2E+02, 1.2E+02, 1.2E+02, 1.2E+02, 6.6E-05, 1.2E-05, 7.3E-06, 5.8E-06, 1.5E-07, 1.5E-07, 1.5E-07, 1.5E-07, 1.4E-07, 1.4E-07, 1.3E-07, 1.3E-07, 1.5E-07, 2.0E-07, 2.2E-07, 2.5E-07, 1.5E-06, 3.3E-06, 3.2E-06, 3.3E-06, 4.3E-06, 3.0E-07, 3.3E-07, 3.5E-07, 3.6E-07, 3.7E-07, 3.8E-07, 2.7E-07, 3.5E-07, 3.2E-07, 2.7E-07, 3.2E-06, 2.9E-06, 3.1E-06, 1.3E-06, 2.9E-07, 2.2E-07, 2.9E-07, 1.6E-07, 1.5E-07, 1.8E-07, 2.0E-07, 3.3E-07, 4.1E-09, 6.9E-09, 4.0E-08, 4.2E-06, 1.0E+02, 1.0E+02, 1.0E+02, 1.0E+02, 1.0E+02, 1.0E+02, 1.0E+02, 1.0E+02, 1.2E+02, 1.2E+02, 1.2E+02, 1.2E+02, 1.2E+02, 1.2E+02, 1.2E+02, 1.2E+02, 1.2E+02, 1.2E+02, 1.2E+02, 1.2E+02, 1.2E+02, 1.2E+02, 1.2E+02, 1.2E+02, 1.2E+02, 1.2E+02, 1.2E+02, 1.2E+02, 1.2E+02, 6.1E-07, 2.9E-07, 2.2E-07, 1.9E-07, 1.8E-07, 1.8E-07, 1.7E-07, 1.8E-07, 1.8E-07, 1.9E-07, 1.9E-07, 2.0E-07, 2.2E-07, 2.4E-07, 2.6E-07, 2.8E-07, 3.2E-07, 3.5E-07, 1.3E-07, 1.3E-07, 1.4E-07, 1.5E-07, 1.6E-07, 1.7E-07, 1.4E-07, 1.2E-07, 1.0E-07, 1.1E-07, 1.1E-07, 1.1E-07, 1.1E-07, 1.2E-07, 1.2E-07, 1.3E-07, 1.3E-07, 1.6E-07, 4.1E-07, 1.1E-08, 2.0E-08, 3.1E-07, 1.0E+02, 1.0E+02, 1.0E+02, 1.0E+02, 1.0E+02, 1.0E+02, 1.0E+02, 1.0E+02, 1.0E+02, 1.0E+02, 1.2E+02, 1.2E+02, 1.2E+02, 1.2E+02, 1.2E+02, 1.2E+02, 1.2E+02, 1.0E+02, 1.0E+02, 1.0E+02, 1.0E+02, 1.0E+02, 1.0E+02, 1.0E+02, 1.0E+02, 1.0E+02, 1.0E+02, 8.1E+01, 5.6E-07, 3.0E-07, 2.2E-07, 1.9E-07, 1.7E-07, 1.6E-07, 1.5E-07, 1.4E-07, 1.4E-07, 1.3E-07, 1.3E-07, 1.3E-07, 1.3E-07, 1.1E-07, 1.1E-07, 1.1E-07, 1.1E-07, 1.1E-07, 1.2E-07, 1.2E-07, 1.2E-07, 1.3E-07, 1.5E-07, 1.6E-07, 1.7E-07, 1.7E-07, 1.5E-07, 1.2E-07, 1.1E-07, 1.2E-07, 1.2E-07, 1.3E-07, 1.6E-07, 2.1E-07, 1.4E-07, 1.5E-07, 2.3E-07, 3.1E-07, 3.8E-07, 4.4E-07, 5.0E-07, 5.5E-07, 5.9E-07, 6.4E-07, 6.9E-07, 7.4E-07, 8.0E-07, 8.5E-07, 9.1E-07, 1.0E-06, 1.1E-06, 1.2E-06, 1.4E-06, 1.7E-06, 1.6E-06, 1.8E-06, 6.6E-07, 6.8E-07, 7.0E-07, 7.2E-07, 7.4E-07, 7.5E-07, 7.7E-07, 7.8E-07, 7.9E-07, 1.9E-06, 1.2E-06, 1.2E-06, 1.2E-06, 1.2E-06, 1.2E-06, 1.2E-06, 5.0E-08, 5.2E-08, 3.2E-08, 3.3E-08, 3.5E-08, 3.8E-08, 4.2E-08, 4.9E-08, 5.7E-08, 9.8E-08, 1.4E-07, 2.0E-07, 3.0E-07, 5.0E-07, 8.4E-07, 1.6E-06, 3.1E-08, 5.8E-08, 8.7E-08, 1.5E-08, 2.2E-08, 2.6E-08, 2.7E-08, 3.4E-08, 2.7E-06, 1.3E-07, 4.4E-08, 1.0E-06, 1.2E-07, 4.9E-07, 5.4E-07, 5.4E-07, 7.2E-08, 4.4E-07, 5.3E+01, 1.0E+02, 1.0E+02, 1.0E+02, 1.0E+02, 1.0E+02, 1.0E+02, 1.0E+02, 1.0E+02, 1.0E+02, 1.0E+02, 1.0E+02, 1.0E+02, 1.0E+02, 1.0E+02, 1.0E+02, 2.2E-04, 1.0E+02, 1.2E+02, 1.2E+02, 1.2E+02, 1.2E+02, 1.2E+02, 1.2E+02, 1.2E+02, 2.5E+01, 1.2E+02, 1.2E+02, 1.2E+02, 1.2E+02, 1.2E+02, 1.2E+02, 1.2E+02, 1.2E+02, 1.2E+02, 1.2E+02, 1.2E+02, 1.2E+02, 1.2E+02, 1.2E+02, 1.2E+02, 1.2E+02, 1.2E+02, 1.2E+02, 1.2E+02, 1.2E+02, 5.1E-07, 2.1E-07, 1.7E-07, 1.5E-07, 1.3E-07, 1.1E-07, 1.1E-07, 1.1E-07, 1.3E-07, 1.6E-07, 1.8E-07, 2.8E-06, 3.7E-06, 3.7E-06, 8.1E-06, 1.1E-06, 3.4E-06, 2.5E-06, 4.9E-06, 8.8E-06, 2.0E-06, 6.0E-07, 6.4E-07, 7.7E-07, 1.0E-06, 3.6E-06, 8.9E-07, 1.1E+01, 2.5E+01, 2.1E+01, 1.2E-07, 1.2E-07, 1.3E-07, 1.5E-07, 1.5E-07, 1.2E-08, 2.4E-07, 1.0E+02, 1.0E+02, 1.0E+02, 1.0E+02, 1.0E+02, 1.0E+02, 1.0E+02, 1.0E+02, 1.0E+02, 1.2E+02, 1.2E+02, 1.2E+02, 1.2E+02, 1.2E+02, 1.2E+02, 1.2E+02, 1.0E+02, 1.0E+02, 1.0E+02, 1.0E+02, 1.0E+02, 8.0E-07, 3.8E-07, 3.0E-07, 2.6E-07, 2.4E-07, 2.2E-07, 2.0E-07, 1.5E-07, 1.5E-07, 1.4E-07, 1.4E-07, 1.4E-07, 1.4E-07, 1.4E-07, 1.4E-07, 1.5E-07, 1.7E-07, 1.8E-07, 1.9E-07, 1.9E-07, 1.8E-07, 1.7E-07, 1.5E-07, 1.3E-07, 1.2E-07, 1.2E-07, 1.3E-07, 2.1E-07, 3.3E-07, 4.1E-07, 4.9E-07, 4.6E-07, 4.2E-07, 8.8E-07, 3.6E-07, 3.7E-07, 3.9E-07, 4.2E-07, 4.6E-07, 5.0E-07, 5.3E-07, 5.7E-07, 6.2E-07, 6.6E-07, 7.1E-07, 7.6E-07, 8.2E-07, 8.7E-07, 9.7E-07, 1.1E-06, 1.2E-06, 1.2E-06, 1.5E-06, 1.6E-06, 1.7E-06, 6.3E-07, 6.6E-07, 6.8E-07, 7.0E-07, 7.2E-07, 8.1E-07, 9.2E-07, 1.3E-06, 7.9E-08, 1.6E-07, 1.0E+02, 1.0E+02, 1.0E+02, 1.0E+02, 1.0E+02, 1.0E+02, 1.0E+02, 1.0E+02, 1.0E+02, 1.0E+02, 1.0E+02, 1.0E+02, 1.0E+02, 1.0E+02, 1.0E+02, 1.0E+02, 1.0E+02, 1.0E+02, 1.0E+02, 1.0E+02, 1.0E+02, 1.0E+02, 1.0E+02, 1.0E+02, 1.0E+02, 1.0E+02, 1.2E+02, 1.2E+02, 1.2E+02, 1.2E+02, 1.2E+02, 1.2E+02, 1.2E+02, 2.4E+01, 2.2E-06, 6.5E-06, 2.7E-05, 2.6E-06, 2.2E-06, 2.2E-06, 2.9E-06, 3.3E-06, 3.5E-06, 3.6E-06, 3.8E-06, 4.0E-06, 3.3E-07, 2.1E-07, 2.2E-07, 1.9E-07, 2.0E-07, 2.0E-07, 1.1E-07, 1.1E-07, 1.1E-07, 1.1E-07, 1.1E-07, 1.2E-07, 1.6E-07, 1.7E-07, 1.5E-07, 1.1E-07, 1.1E-07, 1.2E-07, 1.2E-07, 1.5E-07, 2.0E-07, 2.6E-07, 3.1E-07, 1.7E-07, 2.6E-07, 3.4E-07, 4.1E-07, 4.7E-07, 5.3E-07, 5.9E-07, 3.7E-07, 3.7E-07, 3.8E-07, 3.9E-07, 4.0E-07, 4.1E-07, 4.2E-07, 4.5E-07, 1.1E-06, 1.6E-06, 1.4E-06, 1.1E-06, 3.5E-08, 3.6E-08, 1.0E-07, 1.2E-07, 1.3E-07, 3.8E-08, 2.7E-08, 2.7E-08, 3.7E-08, 3.5E-08, 2.0E-06, 2.2E-08, 2.0E-06, 1.6E-06, 1.4E-06, 1.2E-06, 1.2E-06, 1.2E-06, 9.8E-07, 9.1E-07, 9.2E-07, 9.3E-07, 9.5E-07, 9.7E-07, 1.0E-06, 1.0E-06, 1.1E-06, 1.1E-06, 1.1E-06, 1.2E-07, 1.2E-06, 1.4E-06, 1.4E-06, 1.4E-06, 1.3E-06, 1.5E-08, 2.1E-08, 2.3E-08, 4.3E-08, 7.9E-07, 1.0E+02, 1.0E+02, 1.0E+02, 1.0E+02, 1.0E+02, 1.0E+02, 1.0E+02, 1.0E+02, 1.2E+02, 1.2E+02, 1.2E+02, 1.2E+02, 1.2E+02, 1.2E+02, 1.2E+02, 1.2E+02, 1.2E+02, 1.2E+02, 1.2E+02, 1.2E+02, 1.2E+02, 1.2E+02, 1.2E+02, 1.2E+02, 1.2E+02, 1.2E+02, 1.2E+02, 1.2E+02, 1.2E+02, 1.2E+02, 1.2E+02, 1.2E+02, 1.2E+02, 1.2E+02, 1.2E+02, 4.9E+01, 2.5E+01, 2.5E+01, 2.5E+01, 2.5E+01, 2.5E+01, 2.5E+01, 1.4E-05, 7.3E-07, 1.4E-06, 2.0E-06, 3.1E-06, 8.9E-06, 1.2E-05, 1.6E-05, 3.8E-07, 4.5E-07, 4.8E-07, 4.9E-07, 4.6E-07, 2.3E-05, 1.7E-05, 1.4E-05, 7.5E-06, 1.7E-06, 1.8E-06, 1.6E-06, 1.3E-06, 1.1E-06, 1.1E-06, 2.4E-07, 1.8E-07, 1.5E-07, 1.9E-07, 1.6E-07, 1.3E-07, 1.3E-07, 1.3E-07, 1.2E-07, 1.2E-07, 1.2E-07, 2.1E-07, 2.5E-07, 3.1E-07, 3.4E-07, 3.8E-07, 4.1E-07, 4.4E-07, 4.6E-07, 4.9E-07, 5.3E-09, 5.8E-09, 4.1E-07, 9.6E-09, 1.2E-07, 1.0E+02, 1.0E+02, 1.0E+02, 1.0E+02, 1.0E+02, 1.0E+02, 1.0E+02, 1.0E+02, 1.0E+02, 1.0E+02, 1.0E+02, 1.0E+02, 1.0E+02, 1.0E+02, 1.0E+02, 1.2E+02, 1.2E+02, 1.2E+02, 1.2E+02, 1.2E+02, 1.2E+02, 1.2E+02, 1.2E+02, 1.2E+02, 1.2E+02, 1.2E+02, 1.2E+02, 1.2E+02, 1.2E+02, 1.2E+02, 1.2E+02, 1.2E+02, 1.2E+02, 4.1E-06, 3.8E-07, 2.7E-07, 9.8E-08, 9.9E-08, 1.0E-07, 1.1E-07, 1.3E-07, 1.4E-07, 1.5E-07, 1.5E-07, 1.5E-07, 1.5E-07, 1.5E-07, 2.1E-07, 5.7E-07, 1.8E-07, 1.5E-07, 2.5E+01, 2.5E+01, 2.5E+01, 2.5E+01, 2.5E+01, 2.5E+01, 2.5E+01, 7.1E+01, 1.2E+02, 1.2E+02, 1.0E+02, 1.0E+02, 1.0E+02, 1.0E+02, 1.0E+02, 1.0E+02, 1.0E+02, 1.0E+02, 1.0E+02, 1.0E+02, 1.0E+02, 1.0E+02, 1.0E+02, 1.0E+02, 1.0E+02, 1.9E-05, 6.7E-07, 3.6E-07, 3.2E-07, 2.8E-07, 2.8E-07, 2.9E-07, 2.8E-07, 1.7E-07, 1.7E-07, 2.2E-07, 2.2E-07, 2.2E-07, 2.2E-07, 2.2E-07, 2.3E-07, 2.5E-07, 2.7E-07, 2.8E-07, 2.9E-07, 3.0E-07, 3.0E-07, 2.9E-07, 1.6E-07, 1.5E-07, 1.4E-07, 1.3E-07, 1.2E-07, 1.1E-07, 1.2E-07, 1.3E-07, 1.3E-07, 1.4E-07, 1.8E-07, 1.7E-07, 2.2E-07, 2.8E-07, 3.3E-07, 3.8E-07, 4.5E-07, 5.2E-07, 5.9E-07, 6.6E-07, 7.2E-07, 7.9E-07, 8.5E-07, 9.0E-07, 9.5E-07, 7.7E-07, 9.2E-07, 1.2E-06, 1.3E-06, 1.4E-06, 1.5E-06, 1.6E-06, 1.7E-06, 1.8E-06, 1.9E-08, 1.9E-08, 2.0E-08, 7.1E-07, 7.2E-07, 7.4E-07, 7.6E-07, 7.8E-07, 7.9E-07, 8.1E-07, 8.2E-07, 8.3E-07, 8.5E-07, 1.2E-06, 1.2E-06, 1.3E-06, 1.3E-06, 1.3E-06, 1.3E-06, 1.3E-06, 1.4E-06, 9.0E-08, 1.3E-07, 1.9E-07, 2.9E-07, 4.7E-07, 8.2E-07, 1.6E-08, 3.2E-08, 4.4E-08, 5.2E-08, 7.1E-08, 1.0E-07, 1.6E-07, 2.8E-07, 5.2E-07, 3.3E-06, 6.8E-07, 1.5E-07, 2.5E-07, 5.6E-07, 2.0E-08, 5.8E-07, 3.3E-05, 2.4E-07, 2.0E-05, 8.0E+01, 1.0E+02, 1.0E+02, 1.0E+02, 1.0E+02, 1.0E+02, 1.0E+02, 1.0E+02, 1.0E+02, 1.0E+02, 1.0E+02, 1.0E+02, 1.0E+02, 1.0E+02, 1.0E+02, 1.2E+02, 1.2E+02, 1.2E+02, 1.0E+02, 1.0E+02, 1.3E-06, 2.2E-06, 3.3E-06, 1.9E-08, 1.4E-08, 9.9E-09, 7.5E-09, 6.3E-09, 1.0E+02, 1.0E+02, 1.0E+02, 1.0E+02, 1.0E+02, 1.0E+02, 1.0E+02, 1.0E+02, 1.0E+02, 1.0E+02, 1.0E+02, 1.0E+02, 1.2E+02, 1.2E+02, 1.2E+02, 1.2E+02, 1.2E+02, 1.2E+02, 1.2E+02, 1.2E+02, 1.2E+02, 1.2E+02, 1.2E+02, 1.2E+02, 1.2E+02, 1.2E+02, 1.2E+02, 3.5E-05, 1.1E-05, 1.1E-07, 9.3E-08, 8.8E-08, 8.7E-08, 8.9E-08, 9.8E-08, 1.1E-07, 1.2E-07, 1.4E-07, 1.5E-07, 1.6E-07, 1.7E-07, 1.9E-07, 2.0E-07, 2.1E-07, 2.3E-07, 1.3E-07, 1.4E-07, 1.5E-07, 1.5E-07, 1.6E-07, 1.7E-07, 1.7E-07, 1.8E-07, 3.4E-07, 1.3E-06, 1.6E-07, 2.8E-07, 3.7E-07, 5.2E-07, 3.6E-07, 3.3E-07, 2.2E-07, 8.2E-07, 2.6E-07, 2.0E-07, 2.5E+01, 2.5E+01, 2.5E+01, 2.5E+01, 3.7E-07, 4.5E-07, 8.0E-09, 1.2E-08, 9.0E-08, 1.0E+02, 1.0E+02, 1.0E+02, 1.0E+02, 1.0E+02, 1.0E+02, 1.0E+02, 1.0E+02, 1.0E+02, 1.0E+02, 1.0E+02, 1.0E+02, 1.0E+02, 1.0E+02, 1.0E+02, 1.0E+02, 1.0E+02, 1.0E+02, 1.0E+02, 1.0E+02, 1.0E+02, 1.0E+02, 1.0E+02, 1.0E+02, 1.2E+02, 1.2E+02, 1.2E+02, 9.2E-06, 6.7E-07, 4.8E-07, 4.0E-07, 3.6E-07, 3.4E-07, 3.3E-07, 3.3E-07, 3.2E-07, 3.1E-07, 3.1E-07, 3.1E-07, 3.2E-07, 3.3E-07, 3.4E-07, 4.2E-07, 4.5E-07, 4.2E-07, 3.8E-07, 2.8E-07, 2.6E-07, 1.9E-07, 2.0E-07, 1.0E-08, 7.3E-09, 2.4E-07, 1.7E-07, 1.3E-07, 1.2E-07, 1.1E-08, 4.7E-07, 1.0E+02, 1.0E+02, 1.0E+02, 1.0E+02, 1.2E+02, 1.2E+02, 1.2E+02, 1.2E+02, 1.2E+02, 1.2E+02, 1.2E+02, 1.2E+02, 1.2E+02, 1.2E+02, 1.2E+02, 1.2E+02, 1.2E+02, 1.2E+02, 1.2E+02, 1.2E+02, 1.2E+02, 1.2E+02, 5.9E+01, 2.7E-06, 4.6E-07, 2.8E-07, 2.2E-07, 1.9E-07, 1.7E-07, 1.6E-07, 1.5E-07, 1.4E-07, 1.4E-07, 1.4E-07, 1.3E-07, 1.3E-07, 1.2E-07, 1.2E-07, 1.1E-07, 1.1E-07, 1.1E-07, 1.2E-07, 1.2E-07, 1.2E-07, 1.3E-07, 1.4E-07, 1.6E-07, 1.7E-07, 1.7E-07, 1.6E-07, 1.4E-07, 1.1E-07, 1.1E-07, 1.2E-07, 1.3E-07, 1.3E-07, 1.7E-07, 1.4E-07, 1.4E-07, 1.7E-07, 2.5E-07, 3.3E-07, 3.9E-07, 4.5E-07, 5.1E-07, 5.6E-07, 6.1E-07, 6.5E-07, 7.0E-07, 7.5E-07, 8.1E-07, 8.7E-07, 9.4E-07, 1.0E-06, 1.1E-06, 1.3E-06, 1.4E-06, 1.7E-06, 1.7E-06, 1.8E-06, 1.9E-06, 2.0E-06, 2.0E-06, 2.1E-06, 2.1E-06, 2.1E-06, 9.6E-07, 7.8E-07, 7.9E-07, 8.1E-07, 8.2E-07, 8.3E-07, 8.4E-07, 8.5E-07, 8.6E-07, 4.8E-08, 5.0E-08, 8.2E-07, 9.6E-08, 4.9E-08, 4.6E-08, 3.8E-08, 3.4E-08, 5.1E-08, 1.3E-06, 3.0E-08, 2.3E-08, 1.4E-06, 1.4E-06, 5.8E-07, 9.8E-07, 1.9E-08, 1.7E-08, 1.7E-08, 2.3E-08, 2.4E-08, 2.6E-08, 3.0E-08, 3.3E-08, 3.1E-08, 8.8E-08, 1.7E-07, 6.4E-06, 1.1E-06, 8.0E-08, 2.9E-07, 5.2E-07, 5.0E-07, 9.1E-07, 1.2E-05, 1.0E+02, 1.0E+02, 1.0E+02, 1.0E+02, 1.0E+02, 1.0E+02, 1.0E+02, 1.0E+02, 1.0E+02, 1.0E+02, 1.0E+02, 1.2E+02, 1.2E+02, 1.2E+02, 1.2E+02, 1.2E+02, 1.0E+02, 1.0E+02, 1.8E+01, 4.6E+01, 2.0E+01, 2.4E-06, 1.5E-08, 1.1E-08, 7.6E-09, 1.1E-08, 1.0E+02, 1.0E+02, 1.0E+02, 1.0E+02, 1.0E+02, 1.0E+02, 1.0E+02, 1.0E+02, 1.0E+02, 1.0E+02, 1.0E+02, 1.0E+02, 1.0E+02, 1.0E+02, 1.0E+02, 1.0E+02, 1.2E+02, 1.2E+02, 1.2E+02, 1.2E+02, 1.2E+02, 1.2E+02, 1.2E+02, 1.2E+02, 3.4E-07, 1.9E-07, 2.0E-07, 1.9E-07, 1.8E-07, 1.8E-07, 1.8E-07, 2.1E-07, 1.9E-07, 2.2E-07, 2.5E-07, 6.5E-07, 3.8E-06, 2.9E-06, 7.3E-06, 2.3E-06, 2.3E-06, 7.4E-06, 6.7E-07, 1.5E-06, 1.9E-06, 2.3E-06, 6.5E-06, 1.2E-05, 2.2E-05, 7.4E-07, 1.4E-06, 1.2E-06, 2.9E-06, 4.5E-06, 1.8E-05, 1.2E-06, 1.1E-05, 1.9E-06, 1.1E-06, 2.7E-06, 1.2E-06, 2.0E-06, 1.2E-06, 7.6E-07, 2.5E+01, 1.2E+02, 1.2E+02, 1.0E+02, 1.0E+02, 1.2E+02, 1.2E+02, 1.2E+02, 1.2E+02, 1.2E+02, 1.2E+02, 1.2E+02, 1.2E+02, 1.2E+02, 1.2E+02, 1.2E+02, 1.2E+02, 1.2E+02, 1.2E+02, 1.2E+02, 1.2E+02, 1.2E+02, 1.2E+02, 1.2E+02, 1.2E+02, 1.2E+02, 1.0E+02, 1.9E-06, 3.3E-07, 2.1E-07, 1.7E-07, 1.5E-07, 1.4E-07, 1.3E-07, 1.9E+01, 1.9E+01, 1.9E+01, 1.9E+01, 1.7E-07, 1.7E-07, 1.8E-07, 1.8E-07, 1.9E-07, 2.0E-07, 1.9E-07, 2.0E-07, 2.0E-07, 2.1E-07, 2.3E-07, 2.0E-07, 2.1E-07, 2.3E-07, 2.4E-07, 2.7E-07, 3.0E-07, 3.2E-07, 3.3E-07, 1.6E-07, 1.5E-07, 1.3E-07, 1.2E-07, 1.2E-07, 1.3E-07, 2.7E-07, 4.8E-07, 5.1E-07, 5.5E-07, 5.5E-07, 5.4E-07, 5.3E-07, 5.3E-07, 5.5E-07, 5.7E-07, 6.0E-07, 6.4E-07, 6.9E-07, 1.0E-06, 1.5E-06, 1.9E-06, 2.2E-06, 2.4E-06, 1.5E-07, 5.7E-06, 8.2E-03, 1.0E+02, 1.0E+02, 1.0E+02, 1.0E+02, 1.0E+02, 1.0E+02, 1.0E+02, 1.0E+02, 1.0E+02, 1.0E+02, 1.0E+02, 1.0E+02, 1.0E+02, 1.0E+02, 1.0E+02, 1.0E+02, 1.0E+02, 1.0E+02, 1.0E+02, 1.0E+02, 1.0E+02, 1.0E+02, 1.0E+02, 1.0E+02, 1.0E+02, 1.0E+02, 1.0E+02, 1.0E+02, 1.0E+02, 7.4E-07, 3.7E-07, 2.7E-07, 2.4E-07, 2.1E-07, 2.0E-07, 1.8E-07, 1.8E-07, 1.7E-07, 1.3E-07, 1.3E-07, 1.3E-07, 1.3E-07, 1.3E-07, 1.3E-07, 1.3E-07, 1.5E-07, 1.6E-07, 1.7E-07, 1.8E-07, 1.8E-07, 1.7E-07, 1.7E-07, 1.5E-07, 1.3E-07, 1.1E-07, 1.2E-07, 1.3E-07, 1.4E-07, 1.7E-07, 2.5E-07, 3.2E-07, 4.2E-07, 5.2E-07, 3.6E-07, 4.9E-07, 6.7E-07, 4.8E-07, 5.4E-07, 6.0E-07, 6.5E-07, 7.2E-07, 7.8E-07, 8.4E-07, 9.0E-07, 9.6E-07, 1.0E-06, 1.1E-06, 1.2E-06, 1.3E-06, 1.4E-06, 1.5E-06, 1.6E-08, 1.7E-08, 1.8E-08, 1.9E-08, 1.9E-08, 2.0E-08, 2.1E-08, 7.5E-07, 7.7E-07, 7.9E-07, 8.0E-07, 8.2E-07, 8.3E-07, 8.5E-07, 8.6E-07, 8.7E-07, 8.8E-07, 9.2E-07, 3.2E-08, 3.4E-08, 4.5E-08, 5.8E-07, 2.1E-07, 3.1E-07, 1.2E-07, 5.2E-08, 3.8E-08, 3.3E-08, 2.9E-08, 3.2E-08, 2.2E-08, 2.1E-08, 2.2E-08, 2.3E-08, 2.3E-08, 3.2E-08, 4.0E-08, 3.8E-08, 4.9E-08, 7.0E-08, 1.7E-07, 3.9E-06, 9.3E-05, 1.2E-07, 2.4E-07, 2.5E-07, 3.4E-07, 4.4E-06, 1.0E+02, 1.0E+02, 1.0E+02, 1.0E+02, 1.0E+02, 1.0E+02, 1.0E+02, 1.0E+02, 1.0E+02, 1.0E+02, 1.0E+02, 1.2E+02, 1.2E+02, 1.2E+02, 1.2E+02, 1.2E+02, 1.2E+02, 1.2E+02, 1.2E+02, 1.2E+02, 1.2E+02, 1.2E+02, 1.2E+02, 1.2E+02, 1.2E+02, 1.2E+02, 1.2E+02, 1.2E+02, 1.2E+02, 1.2E+02, 1.2E+02, 1.2E+02, 1.2E+02, 1.2E+02, 1.2E+02, 1.2E+02, 1.2E+02, 1.2E+02, 1.2E+02, 1.6E-05, 8.1E-06, 1.1E-05, 1.8E-05, 4.9E-06, 5.0E-06, 1.2E-06, 1.2E-06, 1.5E-06, 7.9E-06, 7.7E-06, 1.0E-05, 1.0E-05, 7.5E-06, 7.4E-06, 4.4E-06, 8.7E-07, 6.4E-07, 6.1E-07, 1.7E-05, 4.5E-06, 2.6E-06, 1.2E-06, 8.2E-07, 1.2E-06, 2.4E+01, 2.5E+01, 2.5E+01, 2.5E+01, 2.5E+01, 2.5E+01, 2.4E+01, 2.1E+01, 1.8E+01, 7.7E+00, 7.7E+00, 7.7E+00, 1.2E+02, 1.2E+02, 1.2E+02, 1.2E+02, 1.2E+02, 1.2E+02, 1.2E+02, 1.2E+02, 1.2E+02, 1.2E+02, 1.2E+02, 1.2E+02, 1.2E+02, 1.2E+02, 1.2E+02, 1.2E+02, 1.2E+02, 1.2E+02, 1.2E+02, 1.2E+02, 2.5E+01, 2.5E+01, 2.5E+01, 2.5E+01, 2.5E+01, 2.5E+01, 2.5E+01, 2.5E+01, 2.5E+01, 1.2E-07, 1.1E-07, 1.1E-07, 1.1E-07, 1.1E-07, 1.2E-07, 1.2E-07, 1.2E-07, 1.2E-07, 1.2E-07, 1.1E-07, 1.1E-07, 1.1E-07, 1.2E-07, 1.2E-07, 1.3E-07, 1.3E-07, 1.6E-07, 1.7E-07, 1.8E-07, 1.8E-07, 1.8E-07, 1.1E-07, 1.2E-07, 1.5E-07, 1.4E-07, 1.1E-07, 1.2E-07, 1.2E-07, 1.3E-07, 1.4E-07, 1.8E-07, 2.5E-07, 1.9E-07, 3.6E-07, 5.4E-07, 7.2E-07, 9.2E-07, 1.1E-06, 1.2E-06, 1.2E-06, 1.2E-06, 1.4E-06, 5.2E-07, 5.1E-07, 5.1E-07, 8.3E-07, 8.3E-07, 8.4E-07, 8.4E-07, 8.5E-07, 8.7E-07, 9.0E-07, 9.8E-07, 1.1E-06, 3.6E-06, 4.8E-07, 1.0E+02, 1.0E+02, 1.0E+02, 1.0E+02, 1.0E+02, 1.0E+02, 1.0E+02, 1.0E+02, 1.0E+02, 1.0E+02, 1.0E+02, 1.0E+02, 1.0E+02, 1.0E+02, 1.0E+02, 1.0E+02, 1.0E+02, 1.0E+02, 1.0E+02, 1.2E+02, 1.2E+02, 1.2E+02, 1.2E+02, 1.2E+02, 1.2E+02, 1.2E+02, 1.2E+02, 1.2E+02, 1.2E+02, 1.2E+02, 1.2E+02, 1.2E+02, 5.2E-05, 5.5E-06, 1.8E-06, 2.0E-06, 1.8E-06, 1.8E-06, 1.8E-06, 1.3E-06, 1.3E-06, 1.5E-06, 1.1E-05, 1.2E-06, 1.5E-05, 1.2E-05, 6.8E-06, 1.6E-07, 4.6E-05, 5.0E-07, 2.0E-05, 1.1E-05, 5.1E-06, 1.7E-06, 1.3E-06, 1.7E-06, 3.2E-06, 1.1E-06, 4.3E-07, 1.3E-06, 1.2E-07, 1.0E-07, 1.0E-07, 1.1E-07, 1.1E-07, 1.4E-07, 1.7E-07, 1.2E-07, 1.2E-07, 2.2E-07, 3.0E-07, 4.8E-07, 6.1E-07, 8.7E-07, 8.6E-07, 9.7E-07, 1.0E-06, 1.1E-06, 1.1E-06, 1.1E-06, 8.4E-07, 1.5E-06, 3.8E-08, 4.4E-08, 3.4E-08, 1.3E-06, 1.7E-06, 1.9E-06, 1.7E-06, 1.5E-06, 1.5E-06, 8.6E-07, 7.3E-07, 2.1E-06, 8.0E-07, 8.0E-07, 8.1E-07, 8.3E-07, 8.9E-07, 9.0E-07, 9.2E-07, 9.5E-07, 9.9E-07, 9.5E-07, 9.9E-07, 1.0E-06, 1.0E-06, 9.9E-07, 1.0E-06, 1.1E-06, 1.0E-06, 1.1E-06, 1.1E-06, 1.1E-06, 1.1E-06, 1.1E-06, 1.1E-06, 1.2E-06, 1.2E-06, 1.2E-06, 1.2E-06, 1.4E-06, 1.3E-06, 1.4E-06, 1.6E-08, 2.2E-08, 3.6E-08, 1.7E-07, 4.8E-07, 1.0E+02, 1.0E+02, 1.0E+02, 1.0E+02, 1.0E+02, 1.0E+02, 1.0E+02, 1.0E+02, 1.0E+02, 1.0E+02, 1.0E+02, 1.0E+02, 1.0E+02, 1.0E+02, 1.0E+02, 1.0E+02, 1.2E+02, 1.2E+02, 1.2E+02, 1.2E+02, 1.2E+02, 1.2E+02, 1.2E+02, 1.2E+02, 1.2E+02, 1.2E+02, 1.2E+02, 1.2E+02, 1.2E+02, 1.2E+02, 1.2E+02, 1.2E+02, 1.2E+02, 1.2E+02, 1.2E+02, 1.2E+02, 1.2E+02, 1.2E+02, 1.2E+02, 1.3E-05, 6.8E-06, 5.3E-06, 4.5E-06, 4.3E-06, 1.8E-07, 1.0E-07, 1.1E-07, 1.1E-07, 1.2E-07, 1.3E-07, 1.4E-07, 1.5E-07, 5.4E-08, 6.7E-08, 8.5E-08, 1.1E-07, 1.2E-07, 1.5E-07, 1.7E-07, 1.9E-07, 2.4E-07, 2.6E-07, 2.4E-07, 2.6E-07, 4.6E-07, 4.1E-07, 2.9E-07, 9.1E-07, 4.5E-07, 3.1E-07, 3.0E-07, 3.9E-07, 2.0E-07, 3.9E-07, 5.7E-07, 2.5E+01, 2.5E+01, 2.5E+01, 2.5E+01, 2.5E+01, 2.5E+01, 2.5E+01, 2.5E+01, 1.2E+02, 1.2E+02, 1.2E+02, 1.2E+02, 1.0E+02, 1.0E+02, 1.0E+02, 1.0E+02, 1.2E+02, 1.2E+02, 1.2E+02, 1.2E+02, 1.2E+02, 1.2E+02, 1.2E+02, 1.2E+02, 1.2E+02, 1.2E+02, 1.2E+02, 1.2E+02, 1.2E+02, 1.2E+02, 1.2E+02, 1.2E+02, 1.2E+02, 1.2E+02, 1.2E+02, 9.2E+01, 5.4E-07, 3.3E-07, 2.7E-07, 2.4E-07, 2.2E-07, 2.2E-07, 2.0E-07, 2.0E-07, 1.6E-07, 1.6E-07, 1.6E-07, 1.7E-07, 1.7E-07, 1.8E-07, 1.9E-07, 2.0E-07, 2.0E-07, 2.1E-07, 2.2E-07, 2.2E-07, 2.2E-07, 2.3E-07, 2.4E-07, 2.7E-07, 1.9E-07, 1.6E-07, 1.2E-07, 1.0E-07, 1.1E-07, 1.1E-07, 1.2E-07, 1.2E-07, 1.2E-07, 1.2E-07, 1.2E-07, 1.3E-07, 1.3E-07, 1.4E-07, 1.5E-07, 1.6E-07, 5.4E-07, 1.3E-08, 1.9E-08, 2.3E-08, 8.1E-06, 1.0E+02, 1.0E+02, 1.0E+02, 1.0E+02, 1.0E+02, 1.0E+02, 1.0E+02, 1.0E+02, 1.0E+02, 1.0E+02, 1.0E+02, 1.0E+02, 1.0E+02, 1.0E+02, 1.0E+02, 1.0E+02, 1.0E+02, 1.0E+02, 1.0E+02, 1.0E+02, 1.0E+02, 1.0E+02, 6.2E-06, 7.2E-07, 6.2E-07, 5.2E-07, 3.9E-07, 3.1E-07, 2.7E-07, 2.4E-07, 2.2E-07, 1.9E-07, 1.8E-07, 1.7E-07, 1.5E-07, 1.4E-07, 1.4E-07, 1.3E-07, 1.3E-07, 1.3E-07, 1.3E-07, 1.3E-07, 1.3E-07, 1.3E-07, 1.3E-07, 1.3E-07, 1.3E-07, 1.4E-07, 1.6E-07, 1.8E-07, 2.2E-07, 2.7E-07, 3.2E-07, 3.8E-07, 4.3E-07, 4.8E-07, 5.3E-07, 5.8E-07, 6.3E-07, 6.7E-07, 7.3E-07, 8.0E-07, 8.7E-09, 9.4E-09, 1.0E-08, 1.1E-08, 1.2E-08, 1.4E-08, 2.4E-08, 5.5E-08, 1.1E-07, 2.8E-07, 9.2E-07, 1.9E-08, 2.6E-08, 2.1E-08, 2.0E-08, 2.3E-08, 2.6E-08, 9.7E-09, 1.0E-08, 1.0E-08, 1.1E-08, 1.1E-08, 1.1E-08, 1.2E-08, 1.4E-08, 2.1E-08, 2.6E-08, 6.8E-08, 2.3E-07, 1.9E-07, 1.4E-07, 2.0E-07, 6.0E-08, 3.4E-06, 4.5E-06, 8.8E+01, 1.0E+02, 1.0E+02, 1.0E+02, 1.0E+02, 1.0E+02, 1.0E+02, 1.0E+02, 1.0E+02, 1.0E+02, 1.0E+02, 1.0E+02, 1.0E+02, 6.1E+01, 3.6E-06, 1.5E-06, 1.4E-08, 1.5E-07, 2.5E+01, 2.5E+01, 2.5E+01, 2.5E+01, 2.5E+01, 2.5E+01, 2.5E+01, 2.5E+01, 2.5E+01, 2.2E+01, 2.5E+01, 2.0E+01, 2.5E+01, 2.3E+01, 8.0E-08, 1.0E+02, 1.2E-08, 1.6E-08, 2.8E-08, 3.7E-08, 3.1E-08, 2.7E-08, 1.3E-08, 1.2E-08, 1.1E-08, 7.8E-09, 7.3E-09, 7.0E-09, 6.7E-09, 6.5E-09, 8.6E-09, 8.8E-09, 9.1E-09, 1.8E-07, 1.0E+02, 1.0E+02, 1.0E+02, 1.0E+02, 1.0E+02, 1.0E+02, 1.0E+02, 1.0E+02, 1.0E+02, 1.0E+02, 1.0E+02, 1.0E+02, 1.0E+02, 1.0E+02, 1.0E+02, 1.2E+02, 1.2E+02, 1.2E+02, 1.2E+02, 1.2E+02, 1.2E+02, 1.2E+02, 1.2E+02, 1.2E+02, 1.2E+02, 1.2E+02, 1.2E+02, 1.2E+02, 1.2E+02, 1.2E+02, 7.6E+01, 5.7E-06, 1.0E-05, 1.7E-05, 3.4E-07, 4.0E-07, 4.2E-07, 3.9E-07, 5.6E-07, 3.2E-07, 1.2E-05, 6.7E-06, 4.9E-06, 5.1E-06, 2.1E-06, 3.0E-06, 1.4E-06, 1.3E+01, 2.5E+01, 2.5E+01, 2.5E+01, 2.5E+01, 2.5E+01, 2.5E+01, 2.5E+01, 1.1E-06, 1.4E+01, 1.9E+01, 1.9E+01, 1.9E+01, 1.9E+01, 1.9E+01, 1.9E+01, 1.6E-07, 8.7E-09, 4.9E-07, 1.0E+02, 1.0E+02, 1.0E+02, 1.0E+02, 1.2E+02, 1.2E+02, 1.2E+02, 1.2E+02, 1.2E+02, 1.2E+02, 1.2E+02, 1.2E+02, 1.2E+02, 1.2E+02, 1.2E+02, 1.2E+02, 1.2E+02, 1.2E+02, 1.2E+02, 1.0E+02, 1.5E-06, 4.2E-07, 2.8E-07, 2.3E-07, 2.0E-07, 1.8E-07, 1.7E-07, 1.6E-07, 1.4E-07, 1.4E-07, 1.4E-07, 1.2E-07, 1.2E-07, 1.3E-07, 1.6E-07, 2.0E-07, 1.8E-07, 1.7E-07, 1.7E-07, 1.7E-07, 1.7E-07, 1.7E-07, 1.7E-07, 1.7E-07, 1.7E-07, 1.7E-07, 1.6E-07, 1.5E-07, 1.3E-07, 1.1E-07, 1.2E-07, 1.2E-07, 1.3E-07, 1.3E-07, 1.6E-07, 2.1E-07, 1.5E-07, 1.7E-07, 2.4E-07, 3.2E-07, 6.5E-07, 7.3E-07, 3.0E-07, 3.1E-07, 5.8E-07, 6.1E-07, 6.4E-07, 6.7E-07, 6.9E-07, 7.1E-07, 7.3E-07, 7.4E-07, 7.6E-07, 8.6E-07, 1.0E-06, 4.3E-08, 7.4E+01, 1.0E+02, 1.0E+02, 1.0E+02, 1.0E+02, 1.0E+02, 1.0E+02, 1.0E+02, 1.0E+02, 1.0E+02, 1.0E+02, 1.0E+02, 1.0E+02, 1.0E+02, 1.0E+02, 1.0E+02, 1.0E+02, 1.2E+02, 1.2E+02, 1.2E+02, 1.2E+02, 1.2E+02, 1.2E+02, 1.2E+02, 1.2E+02, 1.2E+02, 1.2E+02, 1.2E+02, 1.2E+02, 1.2E+02, 1.2E+02, 1.2E+02, 1.2E+02, 5.2E-05, 1.8E-06, 5.9E-05, 1.9E-06, 1.6E-06, 1.8E-06, 1.6E-06, 1.6E-06, 1.5E-06, 1.5E-06, 1.4E-06, 1.4E-06, 5.0E-05, 1.8E-05, 1.2E-06, 6.5E-06, 1.7E-06, 2.5E-05, 2.5E-05, 1.6E-05, 7.6E-06, 3.8E-06, 1.3E-06, 7.8E-07, 1.2E-05, 9.1E-07, 6.8E-07, 1.4E-06, 1.4E-07, 1.1E-07, 1.0E-07, 1.1E-07, 1.1E-07, 1.1E-07, 1.5E-07, 1.2E-07, 1.2E-07, 1.7E-07, 2.5E-07, 3.5E-07, 5.0E-07, 5.8E-07, 7.2E-07, 8.4E-07, 9.4E-07, 1.0E-06, 1.1E-06, 1.1E-06, 9.6E-07, 8.1E-07, 1.8E-06, 3.3E-06, 3.8E-08, 1.3E-06, 1.7E-06, 1.9E-06, 1.7E-06, 1.2E-06, 1.3E-06, 8.5E-07, 1.5E-06, 7.5E-07, 2.1E-06, 7.8E-07, 8.0E-07, 8.2E-07, 8.8E-07, 9.6E-07, 8.4E-07, 9.7E-07, 9.3E-07, 1.0E-06, 9.1E-07, 1.1E-06, 9.1E-07, 1.1E-06, 9.8E-07, 1.1E-06, 9.7E-07, 1.1E-06, 1.0E-06, 1.1E-06, 1.0E-06, 1.1E-06, 1.1E-06, 1.1E-06, 1.1E-06, 1.2E-06, 1.2E-06, 1.2E-06, 1.2E-06, 1.3E-06, 1.3E-06, 2.4E-08, 4.0E-08, 1.4E-07, 1.1E-06, 1.0E+02, 1.0E+02, 1.0E+02, 1.0E+02, 1.0E+02, 1.0E+02, 1.0E+02, 1.0E+02, 1.0E+02, 1.0E+02, 1.0E+02, 1.0E+02, 1.0E+02, 1.2E+02, 1.2E+02, 1.2E+02, 1.2E+02, 1.2E+02, 1.2E+02, 1.2E+02, 1.2E+02, 1.2E+02, 1.2E+02, 1.2E+02, 1.2E+02, 1.2E+02, 1.2E+02, 1.2E+02, 1.2E+02, 1.2E+02, 1.2E+02, 1.2E+02, 1.2E+02, 1.2E+02, 1.2E+02, 1.2E+02, 1.2E+02, 1.2E+02, 1.5E-05, 7.7E-06, 5.9E-06, 5.1E-06, 4.7E-06, 4.6E-06, 4.4E-06, 7.0E-08, 1.3E-07, 1.4E-07, 3.7E-07, 3.0E-06, 3.4E-06, 1.2E-07, 1.7E-07, 5.1E-07, 2.6E-06, 3.2E-06, 3.0E-06, 2.3E-06, 3.3E-06, 3.9E-06, 4.3E-06, 4.4E-06, 4.3E-06, 4.3E-06, 3.2E-06, 2.4E-06, 2.5E+01, 2.5E+01, 2.5E+01, 2.5E+01, 2.5E+01, 2.5E+01, 2.5E+01, 2.5E+01, 2.5E+01, 2.5E+01, 2.5E+01, 1.1E-07, 1.1E-07, 1.0E-07, 1.0E-07, 1.0E-07, 1.5E-08, 8.9E-09, 3.3E-08, 3.4E-07, 1.0E+02, 1.0E+02, 1.0E+02, 1.0E+02, 1.0E+02, 1.0E+02, 1.0E+02, 1.0E+02, 1.0E+02, 1.0E+02, 1.0E+02, 1.0E+02, 1.0E+02, 1.0E+02, 1.0E+02, 1.2E+02, 1.2E+02, 1.2E+02, 1.2E+02, 1.2E+02, 1.2E+02, 1.2E+02, 1.2E+02, 1.2E+02, 1.2E+02, 1.2E+02, 1.2E+02, 4.3E-06, 7.2E-07, 4.4E-07, 3.5E-07, 3.1E-07, 2.9E-07, 2.8E-07, 2.9E-07, 3.0E-07, 1.7E-07, 1.8E-07, 1.9E-07, 1.9E-07, 1.7E-07, 1.7E-07, 1.7E-07, 1.4E-07, 1.6E-07, 1.9E-07, 1.6E-07, 2.0E-07, 3.1E-07, 1.5E-07, 2.4E-07, 3.8E-07, 6.2E-07, 1.4E-06, 2.5E+01, 2.5E+01, 2.5E+01, 2.5E+01, 2.5E-07, 2.9E-07, 3.2E-07, 3.6E-07, 2.5E-07, 2.8E-07, 3.1E-07, 3.4E-07, 3.6E-07, 3.8E-07, 2.5E-07, 2.7E-07, 2.9E-07, 3.0E-07, 4.0E-07, 6.9E-07, 9.0E-07, 1.1E-06, 4.1E-06, 5.7E-05, 1.0E+02, 1.0E+02, 1.0E+02, 1.0E+02, 1.0E+02, 1.0E+02, 1.0E+02, 1.0E+02, 1.0E+02, 1.0E+02, 1.0E+02, 1.0E+02, 1.0E+02, 1.0E+02, 1.0E+02, 1.0E+02, 1.0E+02, 1.2E+02, 1.2E+02, 1.2E+02, 1.2E+02, 1.2E+02, 1.2E+02, 1.2E+02, 1.2E+02, 1.2E+02, 1.2E+02, 1.2E+02, 1.2E+02, 1.9E-06, 3.1E-06, 7.5E-06, 3.5E-05, 2.4E-06, 4.9E-06, 1.7E-06, 1.7E-06, 2.0E-06, 2.3E-06, 2.5E-06, 2.6E-06, 3.4E-07, 3.6E-07, 3.5E-07, 3.2E-07, 1.3E-07, 3.0E-07, 3.4E-07, 1.4E-07, 1.4E-07, 1.5E-07, 1.5E-07, 1.8E-07, 2.0E-07, 1.6E-07, 9.7E-07, 2.9E-07, 9.8E-07, 1.5E-06, 1.9E-06, 1.5E-05, 1.6E-07, 2.1E-07, 1.4E-07, 2.1E-07, 1.5E-07, 2.0E-07, 2.3E-07, 2.6E-07, 2.8E-07, 3.0E-07, 3.1E-07, 3.3E-07, 3.4E-07, 3.6E-07, 7.3E-07, 7.9E-07, 8.4E-07, 9.5E-07, 1.1E-06, 1.2E-06, 1.3E-06, 1.5E-06, 1.6E-06, 1.5E-06, 1.8E-06, 1.9E-06, 2.0E-06, 2.1E-06, 2.1E-06, 2.1E-06, 2.1E-06, 2.2E-06, 2.0E-06, 1.6E-06, 1.3E-06, 1.2E-06, 9.9E-07, 1.0E-06, 8.6E-07, 1.0E-06, 8.7E-07, 8.9E-07, 8.9E-07, 9.1E-07, 9.3E-07, 9.6E-07, 1.0E-06, 1.0E-06, 1.1E-06, 1.1E-06, 1.1E-06, 1.2E-06, 1.1E-06, 1.2E-06, 1.2E-06, 1.2E-06, 1.3E-06, 1.3E-06, 1.4E-06, 2.6E-08, 4.7E-08, 1.3E-07, 2.9E-07, 1.0E+02, 1.0E+02, 1.0E+02, 1.0E+02, 1.0E+02, 1.0E+02, 1.0E+02, 1.0E+02, 1.0E+02, 1.0E+02, 1.0E+02, 1.0E+02, 1.0E+02, 1.0E+02, 1.0E+02, 1.0E+02, 1.0E+02, 1.0E+02, 1.0E+02, 1.0E+02, 1.0E+02, 1.0E+02, 1.0E+02, 1.0E+02, 1.2E+02, 1.2E+02, 1.2E+02, 1.2E+02, 1.2E+02, 1.2E+02, 1.2E+02, 1.2E+02, 1.2E+02, 1.2E+02, 1.2E+02, 1.2E+02, 1.2E+02, 1.2E+02, 1.2E+02, 6.0E+01, 2.3E-05, 1.1E-05, 2.5E-07, 2.5E-07, 2.6E-07, 2.7E-07, 2.8E-07, 2.8E-07, 2.8E-07, 2.5E-07, 2.4E-07, 2.3E-07, 1.4E-07, 1.7E-07, 2.0E-07, 2.2E-07, 2.0E-07, 6.3E-07, 3.3E-06, 3.9E-06, 3.3E-06, 2.8E-06, 4.3E-06, 5.6E-06, 6.8E-06, 2.6E-07, 2.6E-07, 4.6E-07, 2.5E-07, 1.8E-07, 5.4E-08, 1.2E+02, 1.2E+02, 1.2E+02, 1.2E+02, 1.2E+02, 1.2E+02, 1.2E+02, 1.2E+02, 1.2E+02, 1.2E+02, 1.2E+02, 1.2E+02, 1.2E+02, 1.2E+02, 1.2E+02, 1.2E+02, 1.2E+02, 1.2E+02, 1.2E+02, 1.2E+02, 1.2E+02, 1.2E+02, 2.5E+01, 2.5E+01, 2.5E+01, 2.5E+01, 2.5E+01, 2.5E+01, 2.5E+01, 1.2E-07, 1.2E-07, 1.2E-07, 1.1E-07, 1.2E-07, 1.2E-07, 1.2E-07, 1.2E-07, 1.2E-07, 1.2E-07, 1.2E-07, 1.2E-07, 1.1E-07, 1.1E-07, 1.1E-07, 1.1E-07, 1.2E-07, 1.2E-07, 1.3E-07, 1.3E-07, 1.6E-07, 1.7E-07, 1.8E-07, 1.8E-07, 1.7E-07, 1.7E-07, 1.5E-07, 1.2E-07, 1.1E-07, 1.2E-07, 1.3E-07, 1.4E-07, 1.8E-07, 2.6E-07, 4.4E-07, 6.4E-07, 7.7E-07, 4.9E-07, 5.1E-07, 4.9E-07, 8.6E-07, 8.4E-07, 8.3E-07, 8.3E-07, 8.3E-07, 8.3E-07, 8.3E-07, 6.0E-07, 7.0E-07, 7.7E-07, 8.4E-07, 9.4E-07, 1.1E-06, 3.1E-06, 5.8E-06, 1.0E+02, 1.0E+02, 1.0E+02, 1.0E+02, 1.0E+02, 1.0E+02, 1.0E+02, 1.0E+02, 1.0E+02, 1.0E+02, 1.0E+02, 1.0E+02, 1.0E+02, 1.0E+02, 1.0E+02, 1.0E+02, 1.2E+02, 1.2E+02, 1.2E+02, 1.2E+02, 1.2E+02, 1.2E+02, 1.2E+02, 1.2E+02, 1.2E+02, 1.2E+02, 1.2E+02, 1.2E+02, 1.2E+02, 2.9E-06, 5.8E-07, 3.4E-07, 2.6E-07, 2.3E-07, 2.2E-07, 2.0E-07, 1.9E-07, 1.9E-07, 2.1E-07, 1.7E-07, 1.6E-07, 1.5E-07, 3.2E-06, 1.7E-06, 2.3E-06, 2.5E-06, 2.5E-06, 1.5E-06, 2.3E-06, 1.3E-06, 3.9E-06, 1.3E-06, 1.6E-05, 2.5E+01, 2.5E+01, 2.5E+01, 1.2E-07, 1.0E-07, 1.1E-07, 1.1E-07, 1.1E-07, 1.7E-07, 2.2E-07, 1.4E-07, 1.5E-07, 2.3E-07, 3.3E-07, 4.2E-07, 5.3E-07, 6.4E-07, 6.8E-07, 7.3E-07, 8.7E-07, 5.8E-07, 6.3E-07, 6.7E-07, 7.2E-07, 7.7E-07, 9.4E-07, 8.8E-07, 1.4E-06, 1.1E-06, 7.7E-07, 8.4E-07, 1.0E-06, 6.6E-07, 1.1E-06, 7.1E-07, 8.6E-07, 8.0E-07, 8.6E-07, 8.8E-07, 9.1E-07, 9.2E-07, 9.7E-07, 9.6E-07, 9.5E-07, 9.8E-07, 9.7E-07, 9.7E-07, 1.2E-06, 1.2E-06, 9.5E-07, 9.3E-07, 9.6E-07, 9.9E-07, 1.0E-06, 1.0E-06, 1.0E-06, 9.4E-07, 1.8E-06, 1.1E-06, 1.4E-06, 1.2E-06, 1.2E-06, 1.2E-06, 1.2E-06, 1.2E-06, 1.3E-06, 1.3E-06, 1.3E-06, 1.4E-06, 1.6E-08, 2.2E-08, 2.5E-08, 2.8E-08, 3.1E-08, 3.4E-08, 4.5E-08, 2.1E-06, 2.7E-07, 1.0E+02, 1.0E+02, 1.0E+02, 1.0E+02, 1.0E+02, 1.0E+02, 1.0E+02, 1.0E+02, 1.0E+02, 1.0E+02, 1.0E+02, 1.0E+02, 1.0E+02, 1.0E+02, 1.0E+02, 1.2E+02, 1.2E+02, 1.2E+02, 1.2E+02, 1.2E+02, 1.2E+02, 1.2E+02, 1.2E+02, 1.2E+02, 1.2E+02, 1.2E+02, 1.2E+02, 1.2E+02, 1.2E+02, 1.2E+02, 1.2E+02, 1.2E+02, 1.2E+02, 1.2E+02, 1.2E+02, 1.2E+02, 1.2E+02, 1.2E+02, 3.2E-05, 9.4E-06, 6.6E-06, 5.6E-06, 5.1E-06, 5.0E-06, 4.7E-06, 4.7E-06, 4.7E-06, 5.1E-08, 5.2E-08, 5.4E-08, 6.5E-08, 6.4E-08, 7.5E-08, 1.5E-07, 1.7E-07, 1.4E-07, 3.1E-07, 2.3E-07, 5.6E-07, 4.6E-07, 3.0E-07, 3.0E-07, 2.1E-07, 9.6E-07, 2.3E-07, 2.1E-07, 7.1E-07, 2.0E+01, 2.5E+01, 2.5E+01, 2.5E+01, 2.5E+01, 2.5E+01, 2.5E+01, 2.5E+01, 4.6E+01, 1.2E+02, 1.2E+02, 1.2E+02, 1.2E+02, 1.2E+02, 1.2E+02, 1.2E+02, 1.2E+02, 1.2E+02, 1.2E+02, 1.2E+02, 1.2E+02, 1.2E+02, 1.2E+02, 1.2E+02, 1.2E+02, 1.2E+02, 1.2E+02, 1.2E+02, 2.7E-06, 4.6E-07, 2.8E-07, 2.3E-07, 1.9E-07, 1.7E-07, 1.6E-07, 1.5E-07, 1.4E-07, 1.4E-07, 1.4E-07, 1.3E-07, 1.2E-07, 1.2E-07, 1.2E-07, 1.1E-07, 1.1E-07, 1.2E-07, 1.2E-07, 1.3E-07, 1.4E-07, 1.7E-07, 1.8E-07, 1.9E-07, 1.8E-07, 1.7E-07, 1.5E-07, 1.2E-07, 1.3E-07, 2.2E-07, 3.1E-07, 4.0E-07, 3.6E-07, 3.0E-07, 2.8E-07, 5.7E-07, 5.0E-07, 5.9E-07, 5.7E-07, 6.3E-07, 2.3E-06, 7.7E-07, 8.1E-07, 8.7E-07, 9.2E-07, 9.6E-07, 1.0E-06, 1.0E-06, 1.0E-06, 1.0E-06, 9.9E-07, 8.4E-07, 1.3E-06, 1.8E-06, 2.0E-06, 2.1E-06, 2.2E-06, 1.4E-06, 3.8E-06, 1.7E-05, 1.0E+02, 1.0E+02, 1.0E+02, 1.0E+02, 1.0E+02, 1.0E+02, 1.0E+02, 1.0E+02, 1.0E+02, 1.0E+02, 1.0E+02, 1.0E+02, 1.0E+02, 1.0E+02, 1.0E+02, 1.0E+02, 1.0E+02, 1.0E+02, 1.0E+02, 1.0E+02, 1.0E+02, 1.0E+02, 1.0E+02, 1.0E+02, 1.0E+02, 1.0E+02, 1.0E+02, 1.0E+02, 1.7E-06, 1.5E-06, 7.7E+00, 7.7E+00, 7.7E+00, 7.7E+00, 7.7E+00, 7.7E+00, 7.7E+00, 7.7E+00, 7.7E+00, 7.7E+00, 2.0E-05, 2.5E-06, 1.6E-05, 5.0E-06, 3.7E-06, 2.0E-06, 1.7E-06, 1.7E-06, 1.6E-06, 1.5E-06, 1.6E-07, 1.4E-07, 1.1E-07, 1.1E-07, 1.2E-07, 1.2E-07, 1.3E-07, 1.9E-07, 2.4E-07, 2.9E-07, 3.4E-07, 3.9E-07, 3.0E-07, 3.7E-07, 4.3E-07, 4.8E-07, 5.4E-07, 5.9E-07, 6.5E-07, 7.1E-07, 7.7E-07, 8.3E-07, 1.3E-08, 5.2E-07, 4.7E-07, 4.9E-07, 5.1E-07, 5.3E-07, 5.5E-07, 5.7E-07, 6.0E-07, 6.4E-07, 7.9E-07, 1.8E-08, 1.9E-08, 2.0E-08, 2.1E-08, 7.7E-08, 3.5E-07, 4.0E-07, 4.5E-07, 1.2E-07, 8.4E-08, 5.5E-08, 3.5E-08, 3.0E-08, 3.0E-08, 3.5E-08, 3.8E-08, 2.1E-08, 2.0E-08, 1.6E-06, 1.6E-06, 1.4E-06, 1.3E-06, 1.4E-06, 1.1E-06, 1.2E-06, 1.0E-06, 1.2E-06, 1.5E-08, 1.3E-06, 1.4E-08, 1.6E-08, 2.2E-08, 2.5E-08, 2.9E-08, 3.3E-08, 4.6E-08, 6.1E-08, 1.7E-07, 4.1E-06, 1.1E-05, 1.3E-07, 2.8E-07, 3.4E-07, 3.2E-07, 1.6E-07, 9.1E-08, 2.7E+01, 1.0E+02, 1.0E+02, 1.0E+02, 1.0E+02, 1.0E+02, 1.0E+02, 1.0E+02, 1.0E+02, 1.0E+02, 1.0E+02, 1.0E+02, 1.0E+02, 1.0E+02, 1.0E+02, 1.0E+02, 1.0E+02, 1.0E+02, 1.0E+02, 1.0E+02, 1.0E+02, 1.0E+02, 1.0E+02, 1.0E+02, 1.0E+02, 1.0E+02, 1.0E+02, 1.0E+02, 1.0E+02, 1.0E+02, 1.0E+02, 1.0E+02, 1.2E+02, 1.2E+02, 1.2E+02, 1.2E+02, 1.2E+02, 1.2E+02, 1.2E+02, 1.2E+02, 1.2E+02, 1.2E+02, 1.2E+02, 1.2E+02, 1.2E+02, 1.2E+02, 2.9E-05, 1.0E-05, 9.1E-06, 3.1E-06, 3.1E-06, 2.6E-06, 3.5E-06, 4.0E-06, 4.6E-06, 8.5E-06, 4.6E-06, 1.8E-05, 2.5E+01, 2.2E+01, 2.2E+01, 1.5E+01, 1.5E+01, 1.0E+01, 4.3E+00, 9.2E-01, 1.6E-06, 2.6E-06, 3.3E-06, 2.9E-07, 1.9E-07, 2.2E-07, 2.3E-07, 2.5E+01, 2.5E+01, 2.5E+01, 2.5E+01, 2.5E+01, 1.2E+02, 1.2E+02, 1.2E+02, 1.2E+02, 1.2E+02, 1.2E+02, 1.2E+02, 1.2E+02, 1.2E+02, 1.2E+02, 1.2E+02, 1.2E+02, 1.2E+02, 1.2E+02, 1.2E+02, 1.2E+02, 1.2E+02, 1.2E+02, 1.2E+02, 1.2E+02, 1.2E+02, 2.5E+01, 2.5E+01, 2.5E+01, 2.5E+01, 2.5E+01, 2.5E+01, 2.5E+01, 2.5E+01, 1.2E-07, 1.1E-07, 1.1E-07, 1.1E-07, 1.1E-07, 1.2E-07, 1.2E-07, 1.2E-07, 1.2E-07, 1.2E-07, 1.2E-07, 1.2E-07, 1.1E-07, 1.1E-07, 1.1E-07, 1.1E-07, 1.2E-07, 1.3E-07, 1.8E-07, 1.7E-07, 1.1E-07, 1.1E-07, 1.2E-07, 1.2E-07, 1.2E-07, 1.2E-07, 1.2E-07, 1.3E-07, 1.3E-07, 1.4E-07, 1.5E-07, 1.5E-07, 1.6E-07, 1.7E-07, 2.1E-07, 2.6E-07, 3.2E-07, 3.8E-07, 4.4E-07, 4.9E-07, 5.5E-07, 6.2E-07, 7.6E-07, 9.1E-07, 1.0E-06, 1.2E-06, 1.3E-06, 1.4E-06, 1.5E-06, 1.7E-06, 1.9E-06, 7.3E-07, 7.6E-07, 8.1E-07, 9.0E-07, 9.5E-07, 1.3E-06, 3.5E-06, 6.6E-06, 3.0E+01, 1.0E+02, 1.0E+02, 1.0E+02, 1.0E+02, 1.0E+02, 1.0E+02, 1.0E+02, 1.0E+02, 1.0E+02, 1.0E+02, 1.0E+02, 1.0E+02, 1.0E+02, 1.0E+02, 1.0E+02, 1.0E+02, 1.0E+02, 1.0E+02, 1.0E+02, 1.0E+02, 1.0E+02, 1.0E+02, 1.0E+02, 1.0E+02, 1.0E+02, 1.0E+02, 1.0E+02, 1.0E+02, 9.6E-07, 4.2E-07, 3.4E-07, 3.4E-07, 2.0E-07, 1.8E-07, 1.7E-07, 1.6E-07, 1.6E-07, 1.5E-07, 1.5E-07, 1.5E-07, 1.6E-07, 1.7E-07, 1.8E-07, 1.9E-07, 1.9E-07, 1.8E-07, 1.8E-07, 1.7E-07, 1.6E-07, 1.5E-07, 1.3E-07, 1.1E-07, 1.1E-07, 1.2E-07, 1.2E-07, 1.3E-07, 1.8E-07, 2.3E-07, 2.7E-07, 3.3E-07, 3.8E-07, 4.3E-07, 3.6E-07, 4.2E-07, 4.8E-07, 5.4E-07, 6.0E-07, 6.6E-07, 7.3E-07, 7.9E-07, 5.0E-07, 4.4E-07, 4.6E-07, 4.9E-07, 5.2E-07, 5.5E-07, 5.7E-07, 6.0E-07, 6.3E-07, 1.7E-08, 3.1E-08, 3.2E-08, 9.4E-08, 2.3E-07, 5.8E-07, 6.5E-07, 3.8E-07, 1.5E-07, 4.0E-08, 3.5E-08, 3.7E-08, 5.1E-08, 3.9E-08, 2.1E-08, 2.1E-08, 1.8E-08, 8.5E-08, 1.0E-06, 1.7E-08, 1.3E-06, 1.3E-06, 1.3E-06, 1.0E-06, 1.1E-06, 1.1E-06, 1.1E-06, 1.3E-06, 1.3E-08, 1.6E-08, 1.9E-08, 2.5E-08, 2.7E-08, 3.0E-08, 4.2E-08, 5.6E-08, 1.4E-07, 1.3E-07, 1.3E-07, 9.9E-09, 4.9E-08, 8.5E-07, 3.6E-07, 5.9E-07, 1.0E+02, 1.0E+02, 1.0E+02, 1.0E+02, 1.0E+02, 1.0E+02, 1.0E+02, 1.0E+02, 1.0E+02, 1.0E+02, 1.0E+02, 1.0E+02, 1.0E+02, 1.0E+02, 1.0E+02, 1.0E+02, 1.0E+02, 1.0E+02, 1.0E+02, 1.0E+02, 1.0E+02, 1.0E+02, 1.0E+02, 1.0E+02, 1.0E+02, 1.0E+02, 1.0E+02, 1.0E+02, 1.2E+02, 1.2E+02, 1.2E+02, 1.2E+02, 1.2E+02, 1.2E+02, 1.2E+02, 1.2E+02, 1.2E+02, 1.2E+02, 1.2E+02, 1.2E+02, 1.2E+02, 1.2E+02, 1.2E+02, 1.2E+02, 1.2E+02, 1.2E-05, 6.4E-06, 4.8E-06, 9.5E-08, 1.1E-07, 1.5E-07, 7.9E-07, 2.6E-06, 2.8E-06, 3.9E-06, 3.4E-06, 3.6E-06, 7.5E-06, 6.5E-06, 1.1E-05, 4.8E-06, 4.5E-06, 8.2E-06, 3.8E-06, 6.2E-06, 4.4E-06, 1.0E-06, 4.3E-06, 2.5E+01, 2.5E+01, 2.5E+01, 2.5E+01, 2.5E+01, 2.5E+01, 2.5E+01, 2.5E+01, 2.5E+01, 2.5E+01, 1.4E-07, 8.7E-09, 1.0E+02, 1.0E+02, 1.0E+02, 1.0E+02, 1.0E+02, 1.0E+02, 1.0E+02, 1.0E+02, 1.0E+02, 1.0E+02, 1.0E+02, 1.0E+02, 1.0E+02, 1.0E+02, 1.0E+02, 1.0E+02, 1.0E+02, 1.0E+02, 1.0E+02, 1.0E+02, 1.0E+02, 1.0E+02, 1.8E+01, 7.2E-07, 3.6E-07, 2.7E-07, 2.3E-07, 2.1E-07, 1.9E-07, 1.8E-07, 1.8E-07, 1.8E-07, 1.7E-07, 1.4E-07, 1.4E-07, 1.4E-07, 1.4E-07, 1.4E-07, 1.4E-07, 1.6E-07, 1.8E-07, 1.8E-07, 1.8E-07, 1.8E-07, 1.8E-07, 1.7E-07, 1.5E-07, 1.3E-07, 1.2E-07, 1.6E-07, 1.7E-07, 1.9E-07, 1.7E-07, 9.5E-07, 3.2E-07, 1.5E-07, 7.5E-09, 8.5E-09, 8.7E-09, 8.6E-09, 8.2E-07, 1.5E-08, 2.2E-08, 7.9E-08, 7.4E-06, 1.0E+02, 1.0E+02, 1.0E+02, 1.0E+02, 1.0E+02, 1.0E+02, 1.0E+02, 1.2E+02, 1.2E+02, 1.2E+02, 1.2E+02, 1.2E+02, 1.2E+02, 1.2E+02, 1.2E+02, 1.2E+02, 1.2E+02, 1.2E+02, 1.2E+02, 1.2E+02, 1.2E+02, 1.2E+02, 1.2E+02, 1.2E+02, 1.2E+02, 1.2E+02, 1.2E+02, 1.2E+02, 7.7E+00, 7.7E+00, 7.7E+00, 1.1E-06, 1.7E-06, 1.9E-05, 8.7E-07, 2.6E-05, 4.3E-05, 3.5E-05, 1.0E-06, 5.4E-06, 3.2E-06, 1.2E-07, 1.2E-07, 1.2E-07, 1.1E-07, 1.1E-07, 1.1E-07, 1.1E-07, 1.1E-07, 1.1E-07, 1.1E-07, 1.1E-07, 1.1E-07, 1.2E-07, 1.5E-07, 1.7E-07, 1.6E-07, 1.3E-07, 1.1E-07, 1.2E-07, 1.2E-07, 1.3E-07, 1.5E-07, 1.3E-07, 1.4E-07, 1.5E-07, 2.1E-07, 2.8E-07, 3.5E-07, 4.0E-07, 4.5E-07, 4.9E-07, 5.4E-07, 5.9E-07, 6.4E-07, 6.9E-07, 7.5E-07, 8.1E-07, 9.0E-07, 1.0E-06, 1.1E-06, 1.3E-06, 5.5E-07, 5.9E-07, 6.2E-07, 6.5E-07, 6.8E-07, 7.0E-07, 7.1E-07, 7.3E-07, 7.5E-07, 2.2E-06, 2.2E-06, 2.2E-06, 2.1E-06, 2.2E-07, 2.4E-07, 2.8E-07, 4.8E-08, 3.2E-08, 1.2E-06, 1.2E-06, 1.2E-06, 1.2E-06, 1.2E-06, 1.2E-06, 1.2E-06, 1.2E-06, 1.3E-06, 1.3E-06, 4.6E-08, 5.2E-08, 7.4E-08, 1.1E-07, 1.5E-07, 3.2E-08, 3.2E-08, 3.2E-08, 3.3E-08, 3.3E-08, 3.4E-08, 1.8E-08, 1.2E-06, 1.5E-06, 2.1E-08, 2.2E-08, 3.3E-08, 4.6E-08, 2.1E-07, 1.6E-07, 3.3E-06, 3.5E-05, 5.5E-08, 5.5E-07, 3.3E-07, 3.5E-07, 1.2E-06, 3.9E-06, 6.3E+01, 1.0E+02, 1.0E+02, 1.0E+02, 1.0E+02, 1.0E+02, 1.0E+02, 1.0E+02, 1.0E+02, 1.0E+02, 1.0E+02, 1.0E+02, 1.0E+02, 1.0E+02, 1.0E+02, 1.0E+02, 1.0E+02, 1.2E+02, 1.2E+02, 1.2E+02, 1.2E+02, 1.2E+02, 1.2E+02, 1.2E+02, 1.2E+02, 1.2E+02, 1.2E+02, 1.2E+02, 1.2E+02, 1.2E+02, 1.2E+02, 1.2E+02, 1.2E+02, 1.2E+02, 1.2E+02, 1.2E+02, 1.2E+02, 1.2E+02, 1.9E+01, 1.9E+01, 1.9E+01, 1.9E+01, 1.9E+01, 1.9E+01, 1.9E+01, 1.9E+01, 1.9E+01, 1.9E+01, 1.9E+01, 1.9E+01, 1.9E+01, 1.9E+01, 1.9E+01, 1.9E+01, 1.9E+01, 1.9E+01, 1.9E+01, 1.4E-07, 2.3E-07, 3.9E-06, 5.8E-07, 2.1E-05, 3.4E-06, 2.5E-06, 2.1E-06, 1.7E-06, 1.2E-06, 3.5E-07, 3.6E-07, 3.6E-07, 3.6E-07, 3.7E-07, 3.8E-07, 4.0E-07, 1.0E-05, 4.6E-07, 1.0E-06, 6.2E-06, 1.5E-07, 1.1E-07, 1.1E-07, 1.2E-07, 1.3E-07, 1.8E-07, 2.5E-07, 3.1E-07, 3.9E-07, 8.0E-07, 1.4E-08, 3.5E-08, 2.5E-08, 1.8E-04, 1.0E+02, 1.0E+02, 1.0E+02, 1.0E+02, 1.0E+02, 1.0E+02, 1.0E+02, 1.0E+02, 1.0E+02, 1.0E+02, 1.0E+02, 1.0E+02, 1.0E+02, 1.0E+02, 1.0E+02, 1.0E+02, 1.0E+02, 1.0E+02, 1.0E+02, 1.0E+02, 1.0E+02, 1.0E+02, 1.0E+02, 1.0E+02, 1.0E+02, 1.0E+02, 1.0E+02, 1.0E+02, 1.0E+02, 3.8E-06, 9.5E-07, 5.9E-07, 4.5E-07, 3.8E-07, 3.3E-07, 3.0E-07, 2.7E-07, 2.5E-07, 2.3E-07, 5.1E-07, 1.9E+01, 1.9E+01, 1.9E+01, 1.9E+01, 1.9E+01, 1.9E+01, 1.9E+01, 1.9E+01, 2.5E-07, 1.7E-07, 1.5E-07, 1.3E-07, 1.2E-07, 1.1E-07, 1.2E-07, 1.2E-07, 1.1E-07, 1.1E-07, 1.1E-07, 1.2E-07, 4.7E-09, 1.7E-08, 8.4E-07, 1.0E+02, 1.0E+02, 1.0E+02, 1.0E+02, 1.0E+02, 1.0E+02, 1.2E+02, 1.2E+02, 1.2E+02, 1.2E+02, 1.2E+02, 1.2E+02, 1.2E+02, 1.2E+02, 1.2E+02, 1.2E+02, 1.2E+02, 1.2E+02, 1.2E+02, 1.2E+02, 1.2E+02, 1.2E+02, 1.2E+02, 2.5E+01, 2.5E+01, 2.5E+01, 7.5E-07, 3.5E-06, 5.4E-07, 1.4E-06, 2.6E-05, 7.3E-07, 2.4E-05, 3.1E-05, 1.2E-07, 1.2E-07, 1.1E-07, 1.1E-07, 1.1E-07, 1.1E-07, 1.1E-07, 1.1E-07, 1.1E-07, 1.1E-07, 1.1E-07, 1.1E-07, 1.2E-07, 1.4E-07, 1.7E-07, 1.7E-07, 1.5E-07, 1.2E-07, 1.1E-07, 1.2E-07, 1.3E-07, 1.3E-07, 1.3E-07, 1.3E-07, 1.4E-07, 1.5E-07, 2.2E-07, 2.9E-07, 3.5E-07, 6.3E-07, 4.4E-07, 4.8E-07, 8.7E-07, 9.5E-07, 6.3E-07, 6.8E-07, 7.3E-07, 7.9E-07, 9.0E-07, 1.0E-06, 1.1E-06, 1.3E-06, 1.4E-06, 1.5E-06, 1.7E-06, 1.9E-06, 6.8E-07, 7.0E-07, 7.1E-07, 7.3E-07, 7.4E-07, 7.6E-07, 7.7E-07, 7.8E-07, 7.9E-07, 2.1E-06, 2.0E-06, 3.4E-08, 3.7E-08, 3.3E-07, 7.0E-08, 9.9E-08, 4.0E-08, 3.3E-08, 3.0E-08, 5.2E-08, 4.8E-08, 3.9E-08, 2.2E-08, 2.1E-08, 2.0E-06, 1.8E-06, 1.7E-06, 1.6E-06, 1.5E-06, 1.4E-06, 1.3E-06, 1.6E-06, 1.0E-06, 1.9E-08, 1.1E-06, 1.1E-06, 1.6E-08, 1.3E-06, 2.3E-08, 2.4E-08, 2.9E-08, 3.3E-08, 4.6E-08, 6.0E-08, 4.7E-07, 3.1E-06, 2.5E-08, 5.0E-07, 5.5E-07, 3.8E-07, 2.3E-07, 8.9E-07, 2.0E-06, 1.0E+02, 1.0E+02, 1.0E+02, 1.0E+02, 1.0E+02, 1.0E+02, 1.0E+02, 1.0E+02, 1.0E+02, 1.0E+02, 1.0E+02, 1.0E+02, 1.0E+02, 1.0E+02, 1.0E+02, 1.0E+02, 1.0E+02, 1.0E+02, 1.0E+02, 1.2E+02, 1.2E+02, 1.2E+02, 1.2E+02, 1.2E+02, 1.2E+02, 1.2E+02, 1.2E+02, 1.2E+02, 1.2E+02, 1.2E+02, 1.2E+02, 1.2E+02, 1.2E+02, 1.2E+02, 1.2E+02, 1.2E+02, 1.2E+02, 1.2E+02, 1.2E+02, 1.2E+02, 1.0E+02, 7.1E-06, 5.7E-06, 5.2E-06, 5.0E-06, 4.8E-06, 1.8E-07, 1.8E-07, 1.8E-07, 2.0E-07, 1.4E-07, 1.9E-07, 1.5E-07, 2.1E-07, 2.8E-06, 3.3E-06, 9.2E-08, 1.3E-07, 1.8E-07, 2.4E-07, 8.8E-07, 2.4E-06, 2.9E-06, 3.1E-06, 3.2E-06, 3.4E-06, 3.4E-06, 3.1E-06, 2.5E-06, 1.2E-06, 8.5E-07, 7.0E-07, 5.2E-07, 5.1E-07, 1.0E-06, 5.7E-07, 2.5E+01, 2.5E+01, 2.5E+01, 2.5E+01, 2.5E+01, 2.5E+01, 2.5E+01, 2.5E+01, 2.5E+01, 2.5E+01, 3.9E-07, 4.8E+00, 2.5E+01, 1.2E+02, 1.2E+02, 1.2E+02, 1.2E+02, 1.2E+02, 1.2E+02, 1.2E+02, 1.2E+02, 1.2E+02, 1.2E+02, 1.2E+02, 1.2E+02, 1.2E+02, 1.2E+02, 1.2E+02, 1.2E+02, 1.2E+02, 1.2E+02, 1.2E+02, 1.2E+02, 1.2E+02, 1.2E+02, 1.2E+02, 1.2E+02, 1.2E+02, 1.2E+02, 1.2E+02, 7.1E-05, 1.6E-06, 6.6E-06, 5.2E-05, 2.3E-06, 1.7E-06, 1.9E-06, 2.5E-06, 2.9E-06, 2.9E-07, 3.1E-07, 3.2E-07, 2.9E-07, 3.7E-07, 6.8E-07, 4.7E-07, 4.5E-07, 3.5E-07, 5.9E-06, 1.7E-07, 1.7E-07, 3.6E-06, 3.1E-06, 2.7E-06, 2.0E-06, 1.4E-06, 2.0E-05, 1.2E-07, 1.3E-07, 1.6E-07, 1.7E-07, 1.6E-07, 1.3E-07, 1.1E-07, 1.2E-07, 1.2E-07, 1.3E-07, 1.4E-07, 1.5E-07, 1.2E-07, 1.2E-07, 1.5E-07, 4.4E-07, 4.8E-07, 6.1E-07, 7.7E-07, 9.1E-07, 1.1E-06, 6.4E-08, 1.4E-06, 1.0E+02, 1.0E+02, 1.0E+02, 1.0E+02, 1.0E+02, 1.0E+02, 1.0E+02, 1.0E+02, 1.0E+02, 1.0E+02, 1.0E+02, 1.0E+02, 1.0E+02, 1.0E+02, 1.0E+02, 1.0E+02, 1.0E+02, 1.0E+02, 1.0E+02, 1.0E+02, 1.0E+02, 1.0E+02, 1.0E+02, 1.0E+02, 1.2E+02, 1.2E+02, 1.2E+02, 1.2E+02, 1.2E+02, 1.2E+02, 2.5E-05, 2.5E-05, 2.4E-05, 3.1E-05, 1.2E-05, 3.5E-05, 3.9E-05, 3.9E-05, 3.9E-05, 2.5E-05, 3.1E-05, 3.9E-05, 2.8E-05, 2.5E-05, 2.1E-05, 6.6E-07, 8.1E-06, 1.1E-05, 5.1E-06, 4.6E-06, 5.5E-07, 4.9E-07, 8.2E-06, 6.0E-06, 7.1E-07, 5.1E-06, 1.5E-07, 1.2E-07, 1.1E-07, 1.2E-07, 1.2E-07, 1.3E-07, 1.7E-07, 2.2E-07, 1.4E-07, 1.5E-07, 2.3E-07, 3.1E-07, 2.7E-07, 2.8E-07, 3.0E-07, 3.2E-07, 3.3E-07, 3.4E-07, 3.5E-07, 3.6E-07, 3.8E-07, 8.4E-07, 9.0E-07, 9.9E-07, 1.2E-06, 1.3E-06, 1.3E-06, 1.5E-06, 1.5E-06, 1.7E-06, 1.8E-06, 1.9E-06, 2.0E-06, 4.8E-08, 1.8E-06, 3.5E-08, 2.2E-06, 2.0E-06, 2.2E-06, 1.5E-06, 1.2E-06, 1.2E-06, 1.1E-06, 9.3E-07, 9.4E-07, 1.0E-06, 8.8E-07, 1.1E-06, 9.0E-07, 9.7E-07, 9.3E-07, 1.0E-06, 1.0E-06, 1.0E-06, 1.1E-06, 1.1E-06, 1.1E-06, 1.2E-06, 1.2E-06, 1.2E-06, 1.4E-06, 1.2E-06, 1.8E-08, 1.3E-06, 1.8E-08, 3.3E-08, 2.5E-08, 2.7E-08, 3.3E-08, 3.0E-08, 5.5E-08, 2.2E-07, 3.2E-07, 1.0E+02, 1.0E+02, 1.0E+02, 1.0E+02, 1.0E+02, 1.0E+02, 1.0E+02, 1.0E+02, 1.0E+02, 1.0E+02, 1.0E+02, 1.0E+02, 1.0E+02, 1.0E+02, 1.0E+02, 1.2E+02, 1.2E+02, 1.2E+02, 1.2E+02, 1.2E+02, 1.2E+02, 1.2E+02, 1.2E+02, 1.2E+02, 1.2E+02, 1.2E+02, 1.2E+02, 1.2E+02, 1.2E+02, 1.2E+02, 1.2E+02, 1.2E+02, 1.2E+02, 1.2E+02, 1.2E+02, 1.2E+02, 1.2E+02, 1.2E+02, 1.2E+02, 1.2E+02, 7.2E+01, 2.0E-05, 3.0E-05, 5.6E-06, 1.2E-06, 2.0E-06, 2.4E-06, 1.1E+01, 2.5E+01, 2.5E+01, 2.5E+01, 2.5E+01, 2.5E+01, 2.5E+01, 2.1E+01, 1.7E+01, 1.2E+01, 9.3E+00, 6.4E+00, 4.1E+00, 2.0E+00, 9.3E-01, 3.9E-05, 3.1E-06, 7.2E-07, 2.8E-07, 3.0E-06, 1.9E-06, 8.5E-07, 5.6E-06, 2.5E+01, 2.5E+01, 2.5E+01, 2.5E+01, 1.2E+02, 1.2E+02, 1.2E+02, 1.2E+02, 1.2E+02, 1.0E+02, 1.0E+02, 1.0E+02, 1.0E+02, 1.0E+02, 1.0E+02, 1.0E+02, 1.0E+02, 1.0E+02, 1.0E+02, 1.0E+02, 1.0E+02, 1.0E+02, 1.0E+02, 1.0E+02, 9.7E-07, 4.0E-07, 2.8E-07, 2.4E-07, 2.1E-07, 1.9E-07, 1.7E-07, 1.7E-07, 1.7E-07, 1.7E-07, 1.6E-07, 1.3E-07, 1.3E-07, 1.4E-07, 1.4E-07, 1.5E-07, 1.7E-07, 1.9E-07, 2.0E-07, 2.0E-07, 1.9E-07, 1.8E-07, 1.5E-07, 1.3E-07, 1.2E-07, 1.2E-07, 1.3E-07, 1.3E-07, 1.3E-07, 1.3E-07, 1.3E-07, 1.4E-07, 1.4E-07, 1.4E-07, 2.7E-07, 4.4E-07, 6.5E-07, 7.6E-07, 7.8E-07, 7.9E-07, 7.9E-07, 7.8E-07, 7.6E-07, 7.6E-07, 7.7E-07, 7.9E-07, 8.2E-07, 8.5E-07, 9.3E-07, 1.0E-06, 4.3E-07, 4.7E-07, 7.9E-07, 8.0E-07, 8.1E-07, 8.3E-07, 8.4E-07, 8.5E-07, 8.7E-07, 9.3E-07, 1.0E-06, 2.4E-06, 2.0E-05, 1.7E-04, 1.0E+02, 1.0E+02, 1.0E+02, 1.0E+02, 1.0E+02, 1.0E+02, 1.0E+02, 1.0E+02, 1.0E+02, 1.0E+02, 1.0E+02, 1.0E+02, 1.0E+02, 1.0E+02, 1.0E+02, 1.0E+02, 1.0E+02, 1.0E+02, 1.0E+02, 1.0E+02, 1.0E+02, 1.0E+02, 1.2E+02, 1.2E+02, 1.2E+02, 1.2E+02, 1.2E+02, 1.2E+02, 1.2E+02, 1.2E+02, 1.2E+02, 1.2E+02, 8.1E+01, 1.9E-06, 4.5E-07, 4.5E-07, 4.9E-07, 1.3E-06, 4.2E-07, 1.8E-07, 1.8E-07, 1.8E-07, 4.4E-06, 2.7E-06, 1.1E-06, 4.6E-07, 6.9E-06, 8.4E-07, 3.1E-07, 5.2E-07, 7.8E-06, 2.7E-06, 1.1E-06, 5.2E-07, 2.2E-06, 6.7E-07, 3.2E-07, 1.9E+01, 1.9E+01, 1.9E+01, 1.9E+01, 1.9E+01, 1.3E-07, 1.4E-07, 1.2E-07, 1.6E-07, 2.1E-07, 1.3E-07, 1.4E-07, 1.3E-07, 1.8E-07, 2.2E-07, 2.6E-07, 2.8E-07, 3.0E-07, 3.1E-07, 3.4E-07, 5.5E-07, 5.9E-07, 6.8E-07, 1.1E-06, 1.2E-06, 1.3E-06, 1.4E-06, 1.5E-06, 1.5E-06, 1.2E-06, 4.1E-08, 5.8E-08, 6.8E-08, 7.2E-08, 3.9E-08, 3.3E-08, 3.2E-08, 2.1E-06, 2.1E-06, 1.6E-06, 1.4E-06, 1.1E-06, 9.3E-07, 9.2E-07, 9.5E-07, 8.4E-07, 1.1E-06, 8.6E-07, 9.6E-07, 8.8E-07, 9.4E-07, 9.5E-07, 9.7E-07, 2.1E-06, 9.2E-07, 2.2E-08, 1.3E-06, 1.2E-06, 9.6E-07, 9.6E-07, 2.6E-08, 1.1E-06, 1.3E-06, 1.2E-06, 1.2E-06, 1.3E-06, 1.2E-06, 1.3E-06, 1.4E-06, 1.2E-06, 1.5E-08, 2.7E-08, 5.7E-08, 6.4E-05, 2.4E+01, 1.0E+02, 1.0E+02, 1.0E+02, 1.0E+02, 1.0E+02, 1.0E+02, 1.0E+02, 1.0E+02, 1.0E+02, 1.0E+02, 1.0E+02, 1.0E+02, 1.0E+02, 1.0E+02, 1.0E+02, 1.0E+02, 1.0E+02, 1.0E+02, 1.0E+02, 1.0E+02, 1.0E+02, 1.0E+02, 1.2E+02, 1.2E+02, 1.2E+02, 1.2E+02, 1.2E+02, 1.2E+02, 1.2E+02, 1.2E+02, 1.2E+02, 1.2E+02, 1.2E+02, 1.2E+02, 1.2E+02, 1.2E+02, 1.2E+02, 1.2E+02, 1.2E+02, 1.2E+02, 1.2E+02, 3.2E+01, 1.1E-05, 6.2E-06, 5.3E-06, 4.9E-06, 4.8E-06, 4.7E-06, 4.7E-06, 4.6E-06, 4.6E-06, 5.0E-08, 5.3E-08, 5.7E-08, 5.9E-08, 6.6E-08, 7.7E-08, 1.1E-07, 1.4E-07, 1.4E-07, 1.8E-07, 1.8E-07, 2.1E-07, 3.4E-07, 5.8E-07, 3.9E-07, 6.1E-07, 2.4E-07, 8.8E-07, 3.4E-07, 4.6E-07, 3.4E-07, 9.6E-07, 2.5E+01, 2.5E+01, 2.5E+01, 2.5E+01, 2.5E+01, 2.5E+01, 1.2E+02, 1.2E+02, 1.2E+02, 1.2E+02, 1.2E+02, 1.2E+02, 1.2E+02, 1.2E+02, 1.2E+02, 1.2E+02, 1.2E+02, 1.2E+02, 1.2E+02, 1.2E+02, 1.2E+02, 1.2E+02, 1.2E+02, 1.2E+02, 1.2E+02, 8.8E+01, 2.5E+01, 2.5E+01, 2.5E+01, 2.0E-07, 1.8E-07, 1.6E-07, 1.5E-07, 1.4E-07, 1.4E-07, 1.3E-07, 1.3E-07, 1.2E-07, 1.1E-07, 1.1E-07, 1.1E-07, 1.1E-07, 1.1E-07, 1.1E-07, 1.1E-07, 1.3E-07, 1.9E-07, 1.7E-07, 1.1E-07, 1.2E-07, 1.1E-07, 1.1E-07, 1.1E-07, 1.1E-07, 1.1E-07, 1.1E-07, 1.1E-07, 1.1E-07, 1.2E-07, 1.2E-07, 1.3E-07, 1.3E-07, 1.5E-07, 2.0E-07, 2.6E-07, 3.3E-07, 3.4E-07, 5.9E-07, 7.3E-07, 7.9E-07, 8.2E-07, 8.9E-07, 9.7E-07, 8.0E-07, 8.8E-07, 5.1E-07, 4.3E-07, 4.5E-07, 9.1E-07, 3.6E-08, 6.7E-05, 1.0E+02, 1.0E+02, 1.0E+02, 1.0E+02, 1.0E+02, 1.0E+02, 1.0E+02, 1.0E+02, 1.0E+02, 1.0E+02, 1.0E+02, 1.0E+02, 1.0E+02, 1.0E+02, 1.0E+02, 1.0E+02, 1.0E+02, 1.0E+02, 1.0E+02, 1.0E+02, 1.0E+02, 1.0E+02, 1.0E+02, 1.0E+02, 1.0E+02, 1.0E+02, 1.0E+02, 1.0E+02, 1.0E+02, 1.0E+02, 3.6E-06, 6.8E-05, 1.6E-06, 1.6E-06, 2.2E-06, 5.8E-05, 1.4E-06, 4.6E-05, 5.3E-05, 5.2E-05, 4.5E-05, 4.7E-05, 8.5E-05, 1.7E-06, 1.1E-06, 1.1E-06, 1.1E-07, 1.1E-07, 1.2E-07, 1.2E-07, 1.3E-07, 1.5E-07, 1.7E-07, 1.7E-07, 1.5E-07, 1.2E-07, 1.1E-07, 1.2E-07, 1.2E-07, 1.3E-07, 1.9E-07, 2.4E-07, 3.0E-07, 3.5E-07, 4.0E-07, 2.3E-06, 2.0E-08, 6.4E-07, 7.8E-07, 9.1E-07, 1.0E-06, 1.1E-06, 1.2E-06, 1.2E-08, 1.2E-06, 6.2E-07, 4.5E-07, 4.7E-07, 4.9E-07, 5.1E-07, 5.3E-07, 5.5E-07, 5.9E-07, 1.7E-08, 1.9E-08, 2.4E-08, 3.8E-08, 5.6E-08, 2.4E-07, 2.7E-07, 3.0E-07, 5.6E-08, 3.1E-08, 4.9E-08, 4.6E-08, 4.3E-08, 2.2E-08, 2.2E-08, 2.2E-08, 1.8E-06, 1.5E-06, 1.4E-06, 1.3E-06, 1.1E-06, 1.2E-06, 1.0E-06, 1.1E-06, 1.1E-06, 1.0E-06, 1.3E-06, 1.0E-06, 1.2E-06, 1.2E-06, 1.3E-06, 1.3E-06, 2.2E-08, 1.3E-06, 2.7E-08, 2.6E-08, 3.1E-08, 3.5E-08, 4.7E-08, 9.3E-08, 4.6E-07, 1.5E-05, 1.7E-06, 2.3E-06, 3.6E-07, 5.1E-07, 4.2E-07, 1.0E+02, 1.0E+02, 1.0E+02, 1.0E+02, 1.0E+02, 1.0E+02, 1.0E+02, 1.0E+02, 1.0E+02, 1.0E+02, 1.0E+02, 1.0E+02, 1.0E+02, 1.0E+02, 1.0E+02, 1.0E+02, 1.0E+02, 1.0E+02, 1.0E+02, 1.0E+02, 1.0E+02, 1.2E+02, 1.2E+02, 1.2E+02, 1.2E+02, 1.2E+02, 1.2E+02, 1.2E+02, 1.2E+02, 1.2E+02, 1.2E+02, 1.2E+02, 1.2E+02, 1.2E+02, 1.2E+02, 1.2E+02, 1.2E+02, 1.2E+02, 1.2E+02, 1.2E+02, 1.2E+02, 1.2E+02, 7.6E-04, 7.1E-06, 5.5E-06, 5.5E-06, 5.5E-06, 5.3E-06, 5.2E-06, 5.2E-06, 5.2E-06, 5.1E-06, 5.2E-06, 5.3E-06, 5.6E-06, 6.3E-06, 7.1E-06, 9.3E-08, 1.0E-07, 1.3E-07, 1.6E-07, 2.5E-07, 3.3E-07, 9.4E-07, 4.7E-07, 8.9E-07, 7.9E-07, 8.4E-07, 8.0E-07, 1.5E-06, 1.1E-06, 6.1E-07, 9.4E-07, 5.1E-07, 1.1E-06, 2.5E+01, 2.5E+01, 2.5E+01, 2.5E+01, 2.5E+01, 2.5E+01, 2.5E+01, 2.5E+01, 2.5E+01, 2.5E+01, 2.5E+01, 2.5E+01, 2.5E+01, 2.5E+01, 1.0E+02, 1.0E+02, 1.0E+02, 1.0E+02, 1.0E+02, 1.0E+02, 1.0E+02, 1.0E+02, 1.0E+02, 1.0E+02, 1.0E+02, 1.0E+02, 1.0E+02, 1.0E+02, 1.0E+02, 1.0E+02, 1.0E+02, 1.0E+02, 1.0E+02, 1.2E+02, 1.2E+02, 1.2E+02, 1.2E+02, 1.2E+02, 1.2E+02, 1.2E+02, 1.2E+02, 1.2E+02, 9.5E+01, 5.6E-07, 3.1E-07, 2.5E-07, 2.3E-07, 2.1E-07, 2.0E-07, 2.0E-07, 2.1E-07, 2.1E-07, 2.2E-07, 2.3E-07, 2.3E-07, 2.4E-07, 2.4E-07, 2.5E-07, 2.5E-07, 2.6E-07, 2.6E-07, 2.7E-07, 2.9E-07, 2.8E-07, 3.1E-07, 2.3E-07, 2.2E-07, 1.8E-07, 3.3E-07, 1.2E-07, 1.1E-07, 1.1E-07, 1.1E-07, 1.1E-07, 1.2E-07, 1.2E-07, 3.2E-07, 1.2E-08, 1.1E-07, 1.0E+02, 1.0E+02, 1.0E+02, 1.0E+02, 1.0E+02, 1.0E+02, 1.0E+02, 1.0E+02, 1.0E+02, 1.0E+02, 1.0E+02, 1.0E+02, 1.0E+02, 1.0E+02, 1.0E+02, 1.0E+02, 1.0E+02, 1.0E+02, 1.0E+02, 1.0E+02, 1.0E+02, 1.0E+02, 1.0E+02, 1.0E+02, 1.0E+02, 1.0E+02, 6.9E+01, 6.8E-07, 3.5E-07, 2.6E-07, 2.2E-07, 2.0E-07, 1.8E-07, 1.7E-07, 1.6E-07, 1.6E-07, 1.6E-07, 1.5E-07, 1.2E-07, 1.2E-07, 1.3E-07, 1.3E-07, 1.3E-07, 1.3E-07, 1.3E-07, 1.6E-07, 1.7E-07, 1.8E-07, 1.8E-07, 1.8E-07, 1.8E-07, 1.7E-07, 1.5E-07, 1.2E-07, 1.2E-07, 1.2E-07, 1.2E-07, 1.3E-07, 1.6E-07, 2.1E-07, 1.4E-07, 1.5E-07, 2.3E-07, 3.1E-07, 3.9E-07, 4.5E-07, 5.2E-07, 5.8E-07, 6.3E-07, 6.9E-07, 7.5E-07, 8.0E-07, 8.5E-07, 9.1E-07, 9.2E-07, 7.9E-07, 2.7E-08, 3.6E-08, 2.1E-06, 3.6E-08, 9.1E-08, 1.0E-07, 1.8E-06, 1.9E-06, 2.0E-06, 2.0E-08, 2.1E-08, 2.1E-08, 8.3E-07, 7.8E-07, 7.9E-07, 8.0E-07, 8.2E-07, 8.3E-07, 8.4E-07, 8.5E-07, 8.6E-07, 8.8E-07, 8.9E-07, 3.2E-08, 3.5E-08, 3.6E-08, 3.7E-08, 3.8E-08, 3.9E-08, 4.0E-08, 3.9E-08, 3.9E-08, 3.8E-08, 3.9E-07, 6.6E-07, 1.1E-06, 2.4E-08, 4.5E-08, 3.3E-08, 2.4E-08, 2.8E-08, 2.1E-07, 7.7E-07, 1.3E-08, 1.6E-07, 4.7E-07, 6.4E-07, 1.6E-06, 4.2E-07, 2.4E-06, 6.8E-08, 3.7E-07, 7.5E-07, 2.1E-07, 9.7E+00, 1.0E+02, 1.0E+02, 1.0E+02, 1.0E+02, 1.0E+02, 1.0E+02, 1.0E+02, 1.0E+02, 1.0E+02, 1.0E+02, 1.0E+02, 1.0E+02, 1.0E+02, 1.2E+02, 1.2E+02, 1.2E+02, 1.2E+02, 1.2E+02, 1.2E+02, 1.2E+02, 1.2E+02, 1.2E+02, 1.2E+02, 1.2E+02, 1.2E+02, 1.2E+02, 1.2E+02, 1.2E+02, 1.2E+02, 1.2E+02, 1.2E+02, 1.2E+02, 1.2E+02, 1.2E+02, 1.2E+02, 1.2E+02, 1.2E+02, 2.5E+01, 2.5E+01, 2.5E+01, 2.5E+01, 2.5E+01, 2.5E+01, 2.1E-06, 2.3E-06, 3.3E-06, 2.8E-05, 3.1E-05, 1.2E-06, 7.6E-06, 9.9E-06, 1.2E-05, 1.6E-05, 2.0E-05, 2.2E-05, 2.3E-05, 2.3E-05, 2.2E-05, 2.1E-05, 2.0E-05, 1.8E-05, 1.1E-05, 1.1E-07, 1.2E-07, 1.2E-07, 1.3E-07, 1.5E-07, 1.2E-07, 1.3E-07, 1.4E-07, 1.8E-07, 1.8E-07, 1.7E-07, 1.4E-07, 2.5E-07, 4.2E-09, 1.0E-07, 1.0E-07, 1.0E-07, 1.3E-08, 4.7E-09, 5.0E-09, 5.7E-09, 6.2E-09, 6.7E-09, 7.3E-09, 7.8E-09, 3.7E-07, 4.0E-07, 3.7E-07, 8.5E-09, 2.1E-08, 8.4E-06, 1.0E+02, 1.0E+02, 1.0E+02, 1.0E+02, 1.0E+02, 1.0E+02, 1.0E+02, 1.0E+02, 1.0E+02, 1.0E+02, 1.0E+02, 1.0E+02, 1.0E+02, 1.0E+02, 1.0E+02, 1.2E+02, 1.2E+02, 1.2E+02, 1.2E+02, 1.2E+02, 1.2E+02, 1.2E+02, 1.2E+02, 1.2E+02, 1.2E+02, 1.2E+02, 1.2E+02, 1.2E+02, 1.2E+02, 1.2E+02, 1.2E+02, 1.2E+02, 1.2E+02, 1.2E+02, 2.1E-05, 2.0E-05, 1.8E-05, 1.7E-05, 2.2E-05, 1.0E-05, 2.2E-05, 1.3E-05, 7.4E-06, 5.6E-07, 5.3E-07, 5.1E-07, 8.1E-07, 1.5E-06, 1.2E-06, 6.8E-07, 4.4E-07, 3.6E-07, 3.1E-06, 2.5E+01, 2.5E+01, 2.5E+01, 2.5E+01, 2.5E+01, 2.5E+01, 2.5E+01, 1.9E+01, 7.0E-09, 2.0E-08, 1.0E+02, 1.0E+02, 1.0E+02, 1.0E+02, 1.0E+02, 1.0E+02, 1.0E+02, 1.0E+02, 1.0E+02, 1.0E+02, 1.0E+02, 1.0E+02, 1.0E+02, 1.0E+02, 1.0E+02, 1.0E+02, 3.9E-05, 7.5E-07, 4.6E-07, 5.3E-07, 4.3E-07, 3.4E-07, 3.1E-07, 2.8E-07, 2.6E-07, 2.4E-07, 2.2E-07, 2.1E-07, 1.9E-07, 1.8E-07, 1.6E-07, 1.5E-07, 1.3E-07, 1.3E-07, 1.3E-07, 1.3E-07, 1.3E-07, 1.3E-07, 1.3E-07, 1.3E-07, 1.3E-07, 1.3E-07, 1.3E-07, 1.3E-07, 1.3E-07, 1.4E-07, 1.4E-07, 1.9E-07, 2.5E-07, 3.2E-07, 3.8E-07, 4.5E-07, 5.1E-07, 5.6E-07, 6.2E-07, 6.8E-07, 7.5E-07, 8.2E-07, 8.9E-07, 9.6E-07, 1.0E-08, 1.1E-08, 1.4E-08, 1.4E-08, 1.5E-08, 1.6E-08, 1.8E-08, 1.9E-08, 1.9E-08, 2.0E-08, 2.0E-08, 1.9E-08, 3.7E-08, 2.2E-08, 2.5E-08, 9.0E-07, 9.3E-07, 9.6E-07, 9.9E-09, 1.0E-08, 1.0E-08, 1.1E-08, 1.1E-08, 1.5E-08, 1.3E-07, 5.2E-07, 5.5E-07, 8.2E-08, 2.4E-07, 3.9E-07, 9.8E-08, 1.3E-07, 4.4E-09, 4.7E-08, 3.5E-07, 1.0E+02, 1.0E+02, 1.0E+02, 1.0E+02, 1.0E+02, 1.0E+02, 1.0E+02, 1.0E+02, 1.0E+02, 1.0E+02, 1.0E+02, 1.0E+02, 1.0E+02, 1.0E+02, 4.0E+01, 1.0E-06, 3.2E-07, 1.3E+01, 1.3E+01, 2.2E+01, 1.8E+01, 2.5E+01, 2.0E+01, 2.5E+01, 2.5E+01, 2.4E+01, 2.4E+01, 2.4E+01, 2.5E+01, 2.4E+01, 2.5E+01, 2.4E+01, 2.5E+01, 2.5E+01, 2.5E+01, 2.5E+01, 2.5E+01, 1.1E-08, 1.1E-08, 6.1E-09, 1.1E-08, 4.0E-08, 1.3E-08, 1.6E-08, 3.3E-08, 1.0E+02, 1.0E+02, 1.0E+02, 1.0E+02, 1.0E+02, 1.0E+02, 1.0E+02, 1.0E+02, 1.0E+02, 1.0E+02, 1.0E+02, 1.0E+02, 1.0E+02, 1.0E+02, 1.0E+02, 1.0E+02, 1.0E+02, 1.2E+02, 1.2E+02, 1.2E+02, 1.2E+02, 1.2E+02, 1.2E+02, 1.2E+02, 1.2E+02, 1.2E+02, 1.2E+02, 1.2E+02, 1.2E+02, 1.3E-06, 4.2E-07, 3.6E-07, 1.5E-06, 3.4E-06, 4.6E-06, 5.1E-07, 1.8E-06, 4.6E-06, 3.4E-06, 6.7E-06, 7.5E+00, 2.5E+01, 2.5E+01, 2.5E+01, 2.5E+01, 2.5E+01, 2.5E+01, 2.1E+01, 1.9E+01, 1.7E+01, 1.5E+01, 1.3E+01, 9.3E+00, 7.7E+00, 5.4E+00, 3.0E+00, 8.6E-01, 5.0E-06, 5.4E-06, 1.5E-06, 2.2E-07, 1.5E-07, 1.6E-07, 1.7E-07, 1.6E-07, 1.7E-07, 2.0E-07, 2.4E-07, 3.6E-07, 4.2E-07, 9.5E-09, 3.2E-08, 3.0E-06, 1.0E+02, 1.0E+02, 1.0E+02, 1.0E+02, 1.0E+02, 1.0E+02, 1.2E+02, 1.2E+02, 1.2E+02, 1.2E+02, 1.2E+02, 1.2E+02, 1.2E+02, 1.2E+02, 1.2E+02, 1.2E+02, 1.2E+02, 1.2E+02, 1.2E+02, 1.2E+02, 1.2E+02, 7.8E+01, 2.5E+01, 2.5E+01, 2.5E+01, 2.5E+01, 2.5E+01, 2.5E+01, 1.5E-07, 1.4E-07, 1.4E-07, 1.2E-07, 1.2E-07, 1.1E-07, 1.1E-07, 1.1E-07, 1.1E-07, 1.1E-07, 1.1E-07, 1.1E-07, 1.1E-07, 1.1E-07, 1.1E-07, 1.2E-07, 1.2E-07, 1.6E-07, 1.7E-07, 1.6E-07, 1.4E-07, 1.2E-07, 1.1E-07, 1.1E-07, 1.1E-07, 1.2E-07, 2.4E-07, 4.1E-07, 4.8E-07, 4.9E-07, 4.9E-07, 4.7E-07, 4.6E-07, 4.5E-07, 6.2E-07, 1.1E-06, 1.6E-08, 2.1E-08, 2.1E-06, 5.3E-07, 5.7E-07, 1.0E+02, 1.0E+02, 1.0E+02, 1.0E+02, 1.0E+02, 1.0E+02, 1.0E+02, 1.0E+02, 1.0E+02, 1.0E+02, 1.2E+02, 1.2E+02, 1.2E+02, 1.2E+02, 1.2E+02, 1.2E+02, 1.2E+02, 1.2E+02, 1.2E+02, 1.2E+02, 1.2E+02, 1.2E+02, 1.2E+02, 1.2E+02, 2.5E+01, 2.5E+01, 2.5E+01, 2.5E+01, 2.5E+01, 2.5E+01, 2.5E+01, 2.5E+01, 1.4E-07, 1.2E-07, 1.2E-07, 1.2E-07, 1.1E-07, 1.1E-07, 1.1E-07, 1.1E-07, 1.1E-07, 1.1E-07, 1.1E-07, 1.1E-07, 1.1E-07, 1.1E-07, 1.2E-07, 1.5E-07, 1.7E-07, 1.6E-07, 1.4E-07, 1.1E-07, 1.1E-07, 1.2E-07, 1.2E-07, 1.3E-07, 1.8E-07, 1.3E-07, 1.4E-07, 1.5E-07, 2.2E-07, 2.8E-07, 3.3E-07, 3.8E-07, 4.3E-07, 4.6E-07, 5.0E-07, 5.5E-07, 5.9E-07, 6.4E-07, 6.9E-07, 7.4E-07, 8.1E-07, 9.0E-07, 1.0E-06, 1.1E-06, 1.3E-06, 1.4E-06, 1.5E-06, 1.6E-06, 1.7E-06, 2.0E-06, 1.9E-06, 2.0E-06, 2.1E-06, 2.1E-06, 2.2E-06, 2.2E-06, 2.2E-06, 2.2E-06, 2.2E-06, 2.1E-06, 2.0E-06, 3.5E-08, 9.1E-07, 8.6E-07, 8.7E-07, 8.8E-07, 8.8E-07, 8.9E-07, 9.0E-07, 9.1E-07, 9.2E-07, 3.5E-08, 8.2E-08, 2.0E-07, 1.6E-07, 1.1E-07, 4.4E-08, 3.5E-08, 1.4E-06, 1.4E-06, 1.5E-06, 7.6E-07, 1.4E-06, 2.7E-08, 5.2E-08, 8.3E-08, 8.4E-07, 2.6E-08, 3.0E-08, 3.3E-08, 3.8E-08, 4.4E-08, 8.9E-08, 4.7E-06, 5.3E-06, 1.2E-07, 4.4E-07, 7.9E-08, 2.5E-07, 2.1E-06, 1.9E-07, 2.5E+01, 1.0E+02, 1.0E+02, 1.0E+02, 1.0E+02, 1.0E+02, 1.0E+02, 1.0E+02, 1.0E+02, 1.0E+02, 1.0E+02, 1.0E+02, 1.0E+02, 1.0E+02, 1.0E+02, 1.0E+02, 1.0E+02, 1.0E+02, 1.2E+02, 1.2E+02, 1.2E+02, 1.2E+02, 1.2E+02, 1.2E+02, 1.2E+02, 1.2E+02, 1.2E+02, 1.2E+02, 1.2E+02, 1.2E+02, 1.2E+02, 1.2E+02, 1.2E+02, 1.2E+02, 1.2E+02, 1.2E+02, 1.2E+02, 1.2E+02, 1.2E+02, 2.5E+01, 2.5E+01, 2.5E+01, 2.5E+01, 2.5E+01, 2.5E+01, 2.5E+01, 3.7E-07, 2.1E-07, 1.6E-07, 1.4E-07, 1.4E-07, 1.2E-07, 1.2E-07, 1.7E-07, 2.0E-07, 6.5E-07, 3.4E-06, 2.5E-07, 3.4E-07, 2.9E-06, 2.9E-06, 3.9E-06, 8.5E-06, 2.1E-05, 1.4E-06, 2.2E-06, 3.4E-06, 1.9E-06, 1.7E-06, 2.0E-06, 2.1E-06, 2.6E-06, 5.8E-06, 8.5E-01, 2.5E+01, 2.1E+01, 4.4E-08, 1.0E+02, 1.0E+02, 1.0E+02, 1.0E+02, 1.0E+02, 1.0E+02, 1.2E+02, 1.2E+02, 1.2E+02, 1.2E+02, 1.2E+02, 1.2E+02, 1.2E+02, 1.2E+02, 1.2E+02, 1.2E+02, 1.2E+02, 1.2E+02, 1.2E+02, 1.2E+02, 1.2E+02, 1.2E+02, 2.5E+01, 2.5E+01, 2.5E+01, 2.5E+01, 2.5E+01, 2.5E+01, 2.5E+01, 2.5E+01, 1.2E-07, 1.2E-07, 1.2E-07, 1.2E-07, 1.1E-07, 1.1E-07, 1.0E-07, 1.0E-07, 1.0E-07, 1.0E-07, 1.0E-07, 1.0E-07, 1.1E-07, 1.0E-07, 1.0E-07, 1.1E-07, 1.2E-07, 1.4E-07, 1.7E-07, 1.7E-07, 1.7E-07, 1.6E-07, 1.5E-07, 1.4E-07, 1.3E-07, 1.1E-07, 1.1E-07, 1.2E-07, 1.2E-07, 1.3E-07, 1.3E-07, 1.4E-07, 2.0E-07, 2.6E-07, 3.3E-07, 4.0E-07, 4.7E-07, 5.3E-07, 5.9E-07, 7.6E-07, 9.5E-09, 1.2E-08, 1.4E-08, 1.6E-08, 2.2E-08, 7.5E-08, 4.4E-06, 1.0E+02, 1.0E+02, 1.0E+02, 1.0E+02, 1.0E+02, 1.0E+02, 1.0E+02, 1.0E+02, 1.0E+02, 1.0E+02, 1.0E+02, 1.0E+02, 1.0E+02, 1.0E+02, 1.2E+02, 1.2E+02, 1.2E+02, 1.2E+02, 1.2E+02, 1.2E+02, 1.2E+02, 1.2E+02, 1.2E+02, 1.2E+02, 1.2E+02, 1.2E+02, 1.2E+02, 1.2E+02, 1.2E+02, 1.8E-05, 6.4E-07, 3.8E-07, 3.0E-07, 2.6E-07, 2.5E-07, 2.4E-07, 2.3E-07, 2.3E-07, 2.3E-07, 2.3E-07, 2.3E-07, 2.4E-07, 2.4E-07, 2.4E-07, 2.3E-07, 2.3E-07, 2.4E-07, 2.5E-07, 2.6E-07, 1.3E-07, 1.3E-07, 1.4E-07, 1.4E-07, 1.4E-07, 1.5E-07, 1.5E-07, 1.8E-07, 1.1E-07, 1.1E-07, 1.2E-07, 1.3E-07, 1.3E-07, 1.9E-07, 1.9E-07

Carbohydrate Events (150 total):
  - Week 1 Day 1 07:40: 114.3g (breakfast)
  - Week 1 Day 1 10:21: 10.1g (morning_snack)
  - Week 1 Day 1 12:32: 87.7g (lunch)
  - Week 1 Day 1 15:48: 17.1g (afternoon_snack)
  - Week 1 Day 1 18:48: 86.5g (dinner)
  - Week 1 Day 2 07:11: 94.5g (breakfast)
  - Week 1 Day 2 09:49: 14.7g (morning_snack)
  - Week 1 Day 2 12:53: 80.0g (lunch)
  - Week 1 Day 2 16:17: 15.9g (afternoon_snack)
  - Week 1 Day 2 18:36: 111.5g (dinner)
  - Week 1 Day 3 06:33: 111.5g (breakfast)
  - Week 1 Day 3 10:47: 12.3g (morning_snack)
  - Week 1 Day 3 12:43: 80.8g (lunch)
  - Week 1 Day 3 16:32: 10.2g (afternoon_snack)
  - Week 1 Day 3 19:18: 92.5g (dinner)
  - Week 1 Day 4 06:04: 103.4g (breakfast)
  - Week 1 Day 4 09:03: 11.9g (morning_snack)
  - Week 1 Day 4 13:45: 109.1g (lunch)
  - Week 1 Day 4 16:17: 17.5g (afternoon_snack)
  - Week 1 Day 4 18:00: 92.9g (dinner)
  - Week 1 Day 5 07:57: 86.1g (breakfast)
  - Week 1 Day 5 10:03: 10.5g (morning_snack)
  - Week 1 Day 5 13:44: 88.9g (lunch)
  - Week 1 Day 5 16:32: 14.0g (afternoon_snack)
  - Week 1 Day 5 18:13: 101.8g (dinner)
  - Week 1 Day 6 07:11: 97.0g (breakfast)
  - Week 1 Day 6 09:13: 12.8g (morning_snack)
  - Week 1 Day 6 12:52: 86.1g (lunch)
  - Week 1 Day 6 15:06: 11.1g (afternoon_snack)
  - Week 1 Day 6 19:07: 109.5g (dinner)
  - Week 1 Day 7 07:35: 95.8g (breakfast)
  - Week 1 Day 7 09:16: 13.1g (morning_snack)
  - Week 1 Day 7 12:21: 102.6g (lunch)
  - Week 1 Day 7 16:35: 14.3g (afternoon_snack)
  - Week 1 Day 7 19:55: 117.6g (dinner)
  - Week 2 Day 1 07:50: 118.0g (breakfast)
  - Week 2 Day 1 10:34: 17.1g (morning_snack)
  - Week 2 Day 1 13:13: 98.6g (lunch)
  - Week 2 Day 1 15:30: 19.4g (afternoon_snack)
  - Week 2 Day 1 19:27: 101.0g (dinner)
  - Week 2 Day 2 07:22: 101.8g (breakfast)
  - Week 2 Day 2 10:15: 10.9g (morning_snack)
  - Week 2 Day 2 13:24: 105.9g (lunch)
  - Week 2 Day 2 15:38: 19.4g (afternoon_snack)
  - Week 2 Day 2 18:27: 114.7g (dinner)
  - Week 2 Day 3 06:21: 82.4g (breakfast)
  - Week 2 Day 3 09:01: 10.8g (morning_snack)
  - Week 2 Day 3 12:44: 108.3g (lunch)
  - Week 2 Day 3 16:30: 11.0g (afternoon_snack)
  - Week 2 Day 3 18:16: 111.9g (dinner)
  - Week 2 Day 4 07:58: 96.2g (breakfast)
  - Week 2 Day 4 09:19: 19.5g (morning_snack)
  - Week 2 Day 4 12:27: 88.9g (lunch)
  - Week 2 Day 4 15:42: 11.3g (afternoon_snack)
  - Week 2 Day 4 19:29: 99.0g (dinner)
  - Week 2 Day 5 06:33: 97.4g (breakfast)
  - Week 2 Day 5 10:24: 14.8g (morning_snack)
  - Week 2 Day 5 13:53: 109.5g (lunch)
  - Week 2 Day 5 15:44: 19.1g (afternoon_snack)
  - Week 2 Day 5 18:40: 95.8g (dinner)
  - Week 2 Day 6 07:15: 120.0g (breakfast)
  - Week 2 Day 6 10:17: 11.6g (morning_snack)
  - Week 2 Day 6 13:05: 92.5g (lunch)
  - Week 2 Day 6 15:38: 16.9g (afternoon_snack)
  - Week 2 Day 6 18:09: 95.8g (dinner)
  - Week 2 Day 7 07:10: 82.4g (breakfast)
  - Week 2 Day 7 10:05: 19.7g (morning_snack)
  - Week 2 Day 7 12:33: 105.9g (lunch)
  - Week 2 Day 7 15:19: 18.0g (afternoon_snack)
  - Week 2 Day 7 18:58: 101.8g (dinner)
  - Week 3 Day 1 07:11: 109.1g (breakfast)
  - Week 3 Day 1 10:22: 12.6g (morning_snack)
  - Week 3 Day 1 12:37: 88.5g (lunch)
  - Week 3 Day 1 15:08: 18.5g (afternoon_snack)
  - Week 3 Day 1 19:23: 111.1g (dinner)
  - Week 3 Day 2 07:04: 103.8g (breakfast)
  - Week 3 Day 2 10:33: 18.6g (morning_snack)
  - Week 3 Day 2 13:27: 120.0g (lunch)
  - Week 3 Day 2 16:50: 11.7g (afternoon_snack)
  - Week 3 Day 2 19:11: 82.4g (dinner)
  - Week 3 Day 3 08:00: 94.5g (breakfast)
  - Week 3 Day 3 10:24: 14.1g (morning_snack)
  - Week 3 Day 3 13:17: 95.8g (lunch)
  - Week 3 Day 3 16:03: 10.5g (afternoon_snack)
  - Week 3 Day 3 19:36: 118.0g (dinner)
  - Week 3 Day 4 07:00: 99.8g (breakfast)
  - Week 3 Day 4 09:53: 17.0g (morning_snack)
  - Week 3 Day 4 13:30: 94.1g (lunch)
  - Week 3 Day 4 15:21: 17.4g (afternoon_snack)
  - Week 3 Day 4 19:53: 114.3g (dinner)
  - Week 3 Day 5 07:33: 82.8g (breakfast)
  - Week 3 Day 5 09:42: 13.5g (morning_snack)
  - Week 3 Day 5 12:32: 106.7g (lunch)
  - Week 3 Day 5 15:03: 12.8g (afternoon_snack)
  - Week 3 Day 5 18:58: 105.1g (dinner)
  - Week 3 Day 6 06:59: 92.9g (breakfast)
  - Week 3 Day 6 09:18: 13.8g (morning_snack)
  - Week 3 Day 6 12:42: 82.4g (lunch)
  - Week 3 Day 6 15:36: 12.2g (afternoon_snack)
  - Week 3 Day 6 18:53: 83.6g (dinner)
  - Week 3 Day 7 08:00: 101.8g (breakfast)
  - Week 3 Day 7 10:21: 10.1g (morning_snack)
  - Week 3 Day 7 12:30: 119.2g (lunch)
  - Week 3 Day 7 15:00: 16.6g (afternoon_snack)
  - Week 3 Day 7 19:10: 90.5g (dinner)
  - Week 4 Day 1 07:57: 109.5g (breakfast)
  - Week 4 Day 1 10:46: 16.4g (morning_snack)
  - Week 4 Day 1 12:52: 96.2g (lunch)
  - Week 4 Day 1 16:30: 18.9g (afternoon_snack)
  - Week 4 Day 1 18:06: 108.3g (dinner)
  - Week 4 Day 2 06:47: 81.6g (breakfast)
  - Week 4 Day 2 09:23: 17.4g (morning_snack)
  - Week 4 Day 2 13:20: 91.3g (lunch)
  - Week 4 Day 2 15:42: 17.8g (afternoon_snack)
  - Week 4 Day 2 18:40: 96.6g (dinner)
  - Week 4 Day 3 06:38: 118.8g (breakfast)
  - Week 4 Day 3 11:00: 10.9g (morning_snack)
  - Week 4 Day 3 13:17: 117.6g (lunch)
  - Week 4 Day 3 16:24: 11.0g (afternoon_snack)
  - Week 4 Day 3 19:16: 111.5g (dinner)
  - Week 4 Day 4 07:44: 100.2g (breakfast)
  - Week 4 Day 4 10:34: 15.4g (morning_snack)
  - Week 4 Day 4 12:33: 97.4g (lunch)
  - Week 4 Day 4 15:12: 12.2g (afternoon_snack)
  - Week 4 Day 4 19:12: 102.6g (dinner)
  - Week 4 Day 5 07:35: 116.0g (breakfast)
  - Week 4 Day 5 10:00: 12.7g (morning_snack)
  - Week 4 Day 5 13:10: 83.2g (lunch)
  - Week 4 Day 5 16:10: 18.5g (afternoon_snack)
  - Week 4 Day 5 19:17: 80.4g (dinner)
  - Week 4 Day 6 07:23: 118.0g (breakfast)
  - Week 4 Day 6 09:31: 15.6g (morning_snack)
  - Week 4 Day 6 13:39: 112.3g (lunch)
  - Week 4 Day 6 16:06: 14.0g (afternoon_snack)
  - Week 4 Day 6 18:59: 106.7g (dinner)
  - Week 4 Day 7 06:48: 80.0g (breakfast)
  - Week 4 Day 7 10:45: 12.5g (morning_snack)
  - Week 4 Day 7 13:36: 118.8g (lunch)
  - Week 4 Day 7 15:03: 18.2g (afternoon_snack)
  - Week 4 Day 7 18:46: 89.3g (dinner)
  - Week 5 Day 1 06:46: 98.2g (breakfast)
  - Week 5 Day 1 09:35: 17.3g (morning_snack)
  - Week 5 Day 1 12:25: 87.3g (lunch)
  - Week 5 Day 1 16:49: 16.0g (afternoon_snack)
  - Week 5 Day 1 18:01: 94.1g (dinner)
  - Week 5 Day 2 06:15: 102.6g (breakfast)
  - Week 5 Day 2 10:04: 14.3g (morning_snack)
  - Week 5 Day 2 12:02: 87.7g (lunch)
  - Week 5 Day 2 15:56: 17.9g (afternoon_snack)
  - Week 5 Day 2 18:18: 102.6g (dinner)

Running Events (30 total):
 - Week 1 Day 1 06:22: Running avg speed 5.0 mph for 30 min
 - Week 1 Day 2 06:22: Running avg speed 5.0 mph for 30 min
 - Week 1 Day 3 06:22: Running avg speed 5.0 mph for 30 min
 - Week 1 Day 4 06:22: Running avg speed 5.0 mph for 30 min
 - Week 1 Day 5 06:22: Running avg speed 5.0 mph for 30 min
 - Week 1 Day 6 06:22: Running avg speed 5.0 mph for 30 min
 - Week 1 Day 7 06:22: Running avg speed 5.0 mph for 30 min
 - Week 2 Day 1 06:22: Running avg speed 5.0 mph for 30 min
 - Week 2 Day 2 06:22: Running avg speed 5.0 mph for 30 min
 - Week 2 Day 3 06:22: Running avg speed 5.0 mph for 30 min
 - Week 2 Day 4 06:22: Running avg speed 5.0 mph for 30 min
 - Week 2 Day 5 06:22: Running avg speed 5.0 mph for 30 min
 - Week 2 Day 6 06:22: Running avg speed 5.0 mph for 30 min
 - Week 2 Day 7 06:22: Running avg speed 5.0 mph for 30 min
 - Week 3 Day 1 06:22: Running avg speed 5.0 mph for 30 min
 - Week 3 Day 2 06:22: Running avg speed 5.0 mph for 30 min
 - Week 3 Day 3 06:22: Running avg speed 5.0 mph for 30 min
 - Week 3 Day 4 06:22: Running avg speed 5.0 mph for 30 min
 - Week 3 Day 5 06:22: Running avg speed 5.0 mph for 30 min
 - Week 3 Day 6 06:22: Running avg speed 5.0 mph for 30 min
 - Week 3 Day 7 06:22: Running avg speed 5.0 mph for 30 min
 - Week 4 Day 1 06:22: Running avg speed 5.0 mph for 30 min
 - Week 4 Day 2 06:22: Running avg speed 5.0 mph for 30 min
 - Week 4 Day 3 06:22: Running avg speed 5.0 mph for 30 min
 - Week 4 Day 4 06:22: Running avg speed 5.0 mph for 30 min
 - Week 4 Day 5 06:22: Running avg speed 5.0 mph for 30 min
 - Week 4 Day 6 06:22: Running avg speed 5.0 mph for 30 min
 - Week 4 Day 7 06:22: Running avg speed 5.0 mph for 30 min
 - Week 5 Day 1 06:22: Running avg speed 5.0 mph for 30 min
 - Week 5 Day 2 06:22: Running avg speed 5.0 mph for 30 min

Cycling Events (30 total):
  - Week 1 Day 1 17:38: Cycling avg power 90.0 for 20 min
  - Week 1 Day 2 17:00: Cycling avg power 90.0 for 20 min
  - Week 1 Day 3 16:21: Cycling avg power 90.0 for 20 min
  - Week 1 Day 4 17:07: Cycling avg power 90.0 for 20 min
  - Week 1 Day 5 17:27: Cycling avg power 90.0 for 20 min
  - Week 1 Day 6 16:30: Cycling avg power 90.0 for 20 min
  - Week 1 Day 7 16:10: Cycling avg power 90.0 for 20 min
  - Week 2 Day 1 16:10: Cycling avg power 90.0 for 20 min
  - Week 2 Day 2 17:43: Cycling avg power 90.0 for 20 min
  - Week 2 Day 3 16:56: Cycling avg power 90.0 for 20 min
  - Week 2 Day 4 16:37: Cycling avg power 90.0 for 20 min
  - Week 2 Day 5 17:16: Cycling avg power 90.0 for 20 min
  - Week 2 Day 6 17:23: Cycling avg power 90.0 for 20 min
  - Week 2 Day 7 17:40: Cycling avg power 90.0 for 20 min
  - Week 3 Day 1 17:56: Cycling avg power 90.0 for 20 min
  - Week 3 Day 2 17:43: Cycling avg power 90.0 for 20 min
  - Week 3 Day 3 16:13: Cycling avg power 90.0 for 20 min
  - Week 3 Day 4 16:58: Cycling avg power 90.0 for 20 min
  - Week 3 Day 5 17:43: Cycling avg power 90.0 for 20 min
  - Week 3 Day 6 16:40: Cycling avg power 90.0 for 20 min
  - Week 3 Day 7 16:30: Cycling avg power 90.0 for 20 min
  - Week 4 Day 1 17:36: Cycling avg power 90.0 for 20 min
  - Week 4 Day 2 17:30: Cycling avg power 90.0 for 20 min
  - Week 4 Day 3 16:15: Cycling avg power 90.0 for 20 min
  - Week 4 Day 4 17:12: Cycling avg power 90.0 for 20 min
  - Week 4 Day 5 16:33: Cycling avg power 90.0 for 20 min
  - Week 4 Day 6 17:53: Cycling avg power 90.0 for 20 min
  - Week 4 Day 7 17:57: Cycling avg power 90.0 for 20 min
  - Week 5 Day 1 17:13: Cycling avg power 90.0 for 20 min
  - Week 5 Day 2 17:52: Cycling avg power 90.0 for 20 min



Question: Predict during what time of the day will my blood glucose level be highest?

Instructions: The answer should be morning, afternoon, evening or night where morning is from 6AM to 12PM, afternoon is from 12PM to 6PM, evening is from 6PM to 12AM and night is from 12AM to 6AM

Expected Answer Type: string

Example Answer: afternoon

Please analyze the data carefully and provide your answer as a **json object** in the exact format specified by the answer type. Be precise and base your response only on the data provided.

Conclude your analysis with: 
```json 
{"answer": your answer here}
```