You are a medical AI assistant analyzing diabetes management data. Based on the patient's health data, answer the following question accurately.

PATIENT DATA OVERVIEW:
This data represents a continuous glucose monitoring (CGM) session for a diabetes patient. The data includes:
- Blood glucose readings taken every 5 minutes, begining at Week 1, Day 1, 00:00 (normal range: 70-180 mg/dL)
- Carbohydrate intake events with timing and amounts
- Insulin delivery events (basal background insulin and bolus meal insulin)
- Physical activity events (running/cycling with duration and intensity)

The data may contain various artifacts, sensor issues, or abnormal patterns that need to be identified and analyzed.

Patient Health Data:

Blood Glucose Readings (mg/dL, every 5 minutes): 7080 readings
  Values: 108.0, 108.0, 108.0, 108.0, 108.0, 108.0, 108.0, 108.0, 108.1, 108.1, 108.2, 108.3, 108.4, 108.5, 108.7, 108.9, 109.1, 109.3, 109.5, 109.6, 109.8, 109.9, 110.0, 110.1, 110.2, 110.2, 110.3, 110.3, 110.3, 110.3, 110.3, 110.3, 110.3, 110.3, 110.3, 110.3, 110.2, 110.2, 110.2, 110.2, 110.2, 110.2, 110.2, 110.2, 110.2, 110.2, 110.2, 110.2, 110.2, 110.2, 110.2, 110.2, 110.2, 110.2, 110.2, 110.2, 110.2, 110.2, 110.2, 110.2, 110.2, 110.2, 110.2, 110.2, 110.2, 110.2, 110.2, 110.2, 110.2, 110.2, 110.2, 110.2, 110.2, 110.2, 110.2, 110.2, 110.2, 110.2, 110.2, 110.2, 110.7, 112.1, 114.3, 117.3, 120.9, 125.0, 129.5, 134.2, 139.0, 143.7, 148.2, 152.4, 156.3, 159.8, 162.9, 165.5, 167.6, 169.2, 170.2, 170.8, 170.8, 170.4, 169.5, 168.2, 166.6, 164.7, 162.5, 160.0, 157.4, 154.7, 151.8, 148.9, 145.9, 142.9, 139.9, 137.0, 134.1, 131.3, 128.5, 125.8, 123.2, 120.7, 118.3, 116.0, 113.8, 111.7, 109.8, 108.1, 107.0, 106.3, 105.9, 105.7, 105.5, 105.3, 105.2, 105.0, 104.8, 104.5, 104.3, 104.0, 103.8, 103.5, 103.3, 103.1, 103.0, 102.9, 102.8, 102.8, 102.9, 103.0, 103.1, 103.4, 103.7, 104.0, 104.5, 104.9, 105.5, 106.0, 106.6, 107.2, 107.9, 108.8, 109.9, 111.3, 113.1, 115.3, 118.0, 121.0, 124.4, 128.1, 132.2, 136.5, 140.9, 145.2, 149.2, 153.0, 156.4, 159.4, 161.9, 163.9, 165.5, 166.5, 167.0, 167.1, 166.7, 165.9, 164.7, 163.3, 162.0, 160.7, 159.4, 157.9, 156.2, 154.3, 152.2, 150.0, 147.6, 145.2, 142.6, 140.0, 137.4, 134.8, 132.3, 129.7, 127.2, 124.8, 122.4, 120.1, 117.9, 115.2, 112.4, 109.6, 106.9, 104.8, 103.0, 101.5, 100.1, 98.8, 97.7, 96.6, 95.5, 94.6, 93.7, 93.0, 92.3, 91.7, 91.1, 90.7, 90.3, 90.0, 89.7, 89.6, 89.5, 89.5, 89.6, 90.0, 90.8, 91.9, 93.6, 95.7, 98.3, 101.5, 105.1, 109.3, 113.8, 118.5, 123.4, 128.3, 133.0, 137.5, 141.8, 145.8, 149.4, 152.7, 155.5, 157.8, 159.8, 161.2, 162.2, 162.8, 162.9, 162.7, 162.0, 161.0, 159.6, 157.9, 156.0, 153.8, 151.5, 149.0, 146.3, 143.6, 140.9, 138.1, 135.3, 132.5, 129.7, 127.0, 124.4, 121.8, 119.2, 116.8, 114.4, 112.1, 109.9, 107.9, 105.9, 104.0, 102.1, 100.4, 98.8, 97.3, 95.9, 94.5, 93.3, 92.1, 91.1, 90.1, 89.2, 88.4, 87.6, 86.9, 86.4, 85.8, 85.4, 85.0, 84.7, 84.5, 84.4, 84.3, 84.3, 84.3, 84.4, 84.6, 84.8, 85.1, 85.5, 85.9, 86.4, 86.9, 87.5, 88.2, 88.9, 89.7, 90.6, 91.5, 92.5, 93.5, 94.6, 95.8, 97.0, 98.3, 99.6, 101.0, 102.3, 103.7, 105.0, 106.3, 107.5, 108.7, 109.7, 110.6, 111.3, 112.0, 112.5, 112.9, 113.1, 113.3, 113.4, 113.4, 113.3, 113.2, 113.0, 112.8, 112.6, 112.3, 112.0, 111.7, 111.5, 111.2, 110.9, 110.7, 110.5, 110.3, 110.2, 110.1, 109.9, 109.4, 109.2, 109.2, 109.5, 110.1, 110.7, 111.4, 112.2, 113.3, 114.7, 116.7, 119.4, 123.0, 127.3, 132.4, 138.0, 143.7, 149.5, 155.1, 160.4, 165.3, 169.7, 173.6, 176.9, 179.5, 181.6, 183.0, 183.7, 183.9, 183.5, 182.5, 181.1, 179.2, 177.0, 174.4, 171.5, 168.5, 165.2, 161.8, 158.4, 154.9, 151.3, 147.8, 144.3, 140.8, 137.5, 134.2, 131.0, 128.2, 125.9, 124.1, 122.7, 121.3, 120.1, 118.8, 117.6, 116.3, 115.0, 113.7, 112.4, 111.1, 109.8, 108.5, 107.3, 106.1, 105.0, 104.0, 103.0, 102.0, 101.2, 100.4, 99.7, 99.1, 98.5, 98.1, 97.7, 97.6, 97.7, 98.2, 99.0, 100.2, 101.7, 103.7, 106.0, 108.7, 111.8, 115.1, 118.6, 122.2, 125.8, 129.3, 132.7, 136.0, 139.0, 141.7, 144.2, 146.3, 148.2, 149.7, 150.9, 151.7, 152.1, 152.3, 152.0, 151.5, 150.7, 149.6, 148.2, 146.6, 144.8, 142.9, 140.8, 138.6, 136.4, 134.1, 131.8, 129.4, 127.1, 124.8, 122.5, 120.2, 118.0, 115.9, 114.0, 112.5, 111.4, 110.6, 110.1, 109.7, 109.3, 108.8, 108.4, 107.9, 107.3, 106.8, 106.2, 105.5, 104.9, 103.9, 102.7, 101.5, 100.3, 99.5, 99.4, 99.7, 100.6, 102.1, 104.3, 107.0, 110.4, 114.3, 118.7, 123.2, 127.8, 132.4, 136.9, 141.3, 145.3, 149.1, 152.6, 155.7, 158.4, 160.6, 162.4, 163.8, 164.7, 165.2, 165.2, 164.8, 164.0, 162.8, 161.3, 159.4, 157.2, 154.8, 152.1, 149.3, 146.4, 143.3, 140.2, 137.1, 134.0, 130.9, 127.8, 124.8, 121.8, 118.9, 116.0, 113.3, 110.6, 108.1, 105.6, 103.2, 101.0, 98.8, 96.7, 94.7, 92.8, 91.0, 89.3, 87.7, 86.1, 84.7, 83.4, 82.1, 80.9, 79.9, 78.9, 78.0, 77.1, 76.4, 75.7, 75.1, 74.6, 74.1, 73.7, 73.4, 73.1, 72.9, 72.8, 72.7, 72.7, 72.7, 72.8, 73.0, 73.2, 73.4, 73.7, 74.1, 74.4, 74.8, 75.1, 75.4, 75.7, 76.0, 76.3, 76.5, 76.6, 76.8, 76.9, 77.0, 77.1, 77.2, 77.3, 77.3, 77.4, 77.5, 77.5, 77.6, 77.7, 77.8, 77.9, 78.1, 78.2, 78.4, 78.7, 78.9, 79.2, 79.5, 79.8, 80.2, 80.6, 81.1, 81.5, 82.0, 82.6, 83.1, 83.7, 84.4, 85.1, 85.8, 86.5, 87.3, 88.1, 89.0, 89.9, 90.8, 91.8, 92.8, 93.9, 95.0, 96.1, 97.3, 98.5, 99.8, 101.1, 102.5, 104.2, 106.3, 109.4, 113.7, 119.0, 125.3, 132.3, 139.7, 147.3, 154.9, 162.2, 169.2, 175.7, 181.6, 186.9, 191.5, 195.4, 198.4, 200.7, 202.3, 203.0, 203.0, 202.4, 201.1, 199.2, 196.8, 194.0, 190.8, 187.3, 183.6, 179.7, 175.7, 171.6, 167.4, 163.3, 159.4, 155.9, 152.9, 150.2, 147.6, 145.0, 142.5, 139.9, 137.4, 134.8, 132.3, 129.7, 127.2, 124.8, 122.4, 120.0, 117.8, 115.6, 113.5, 111.5, 109.7, 107.9, 106.2, 104.6, 103.1, 101.8, 100.5, 99.3, 98.2, 97.3, 96.4, 95.6, 94.8, 94.2, 93.7, 93.2, 92.8, 92.5, 92.3, 92.1, 92.0, 92.0, 92.1, 92.2, 92.5, 92.7, 93.1, 93.5, 94.0, 94.5, 95.2, 95.8, 96.6, 97.4, 98.3, 99.2, 100.3, 101.6, 103.3, 105.3, 107.8, 110.7, 114.2, 118.0, 122.4, 127.1, 132.2, 137.7, 143.4, 149.2, 154.8, 160.2, 165.7, 171.3, 176.8, 181.9, 186.4, 190.1, 193.1, 195.3, 196.8, 197.4, 197.3, 196.6, 195.2, 193.4, 191.0, 188.3, 185.2, 181.8, 178.3, 174.6, 170.8, 167.0, 163.1, 159.3, 155.5, 151.7, 148.0, 144.5, 141.0, 137.5, 133.6, 129.6, 125.6, 121.8, 118.7, 116.0, 113.5, 111.1, 108.9, 106.8, 104.8, 102.9, 101.1, 99.4, 97.8, 96.4, 95.3, 94.5, 94.0, 94.0, 94.4, 95.3, 96.6, 98.3, 100.5, 103.1, 106.0, 109.2, 112.4, 115.7, 118.9, 122.0, 125.0, 127.7, 130.2, 132.5, 134.4, 136.1, 137.5, 138.6, 139.3, 139.8, 139.9, 139.8, 139.3, 138.6, 137.6, 136.3, 134.8, 133.1, 131.3, 129.2, 127.1, 124.8, 122.5, 120.2, 117.8, 115.4, 113.1, 110.7, 108.4, 106.1, 103.9, 101.8, 99.6, 97.6, 95.6, 93.7, 91.9, 90.2, 88.5, 86.9, 85.3, 83.9, 82.5, 81.2, 80.0, 78.8, 77.7, 76.7, 75.8, 74.9, 74.1, 73.4, 72.7, 72.1, 71.5, 71.0, 70.6, 70.2, 69.9, 69.6, 69.4, 69.2, 69.1, 69.0, 69.0, 69.1, 69.2, 69.3, 69.5, 69.8, 70.0, 70.3, 70.7, 71.0, 71.3, 71.6, 71.8, 72.0, 72.2, 72.4, 72.5, 72.5, 72.6, 72.6, 72.6, 72.6, 72.5, 72.5, 72.4, 72.3, 72.2, 72.1, 72.1, 72.0, 71.9, 71.8, 71.8, 71.8, 71.7, 71.7, 71.8, 71.8, 71.9, 72.0, 72.1, 72.3, 72.5, 72.7, 73.0, 73.2, 73.6, 73.9, 74.3, 74.7, 75.2, 75.7, 76.2, 76.8, 77.3, 77.9, 78.2, 78.8, 79.9, 81.3, 83.0, 84.8, 86.8, 88.9, 91.4, 94.4, 97.9, 102.2, 107.2, 112.7, 118.5, 124.6, 130.6, 136.6, 142.4, 148.0, 153.2, 158.1, 162.5, 166.4, 169.9, 172.8, 175.1, 177.0, 178.3, 179.0, 179.3, 179.0, 178.3, 177.1, 175.5, 173.6, 171.4, 168.8, 166.1, 163.2, 160.2, 157.1, 154.2, 151.7, 149.8, 148.2, 146.6, 145.0, 143.4, 141.7, 139.9, 138.1, 136.1, 134.2, 132.2, 130.2, 128.3, 126.3, 124.5, 122.6, 120.9, 119.2, 117.6, 116.1, 114.7, 113.3, 112.1, 110.9, 109.8, 108.9, 108.0, 107.2, 106.5, 105.9, 105.3, 104.9, 104.5, 104.2, 104.0, 103.8, 103.8, 103.9, 104.4, 105.3, 106.8, 108.9, 111.6, 115.0, 119.1, 123.9, 129.2, 134.8, 140.6, 146.4, 152.1, 157.5, 162.6, 167.3, 171.5, 175.2, 178.4, 181.0, 183.1, 184.6, 185.6, 186.1, 186.0, 185.4, 184.4, 182.9, 181.0, 178.8, 176.3, 173.5, 170.6, 167.4, 164.1, 160.8, 157.3, 153.9, 150.4, 147.1, 143.9, 140.8, 137.6, 134.5, 131.4, 128.7, 126.4, 124.3, 122.3, 120.3, 118.4, 116.4, 114.5, 112.7, 110.9, 109.2, 107.6, 106.0, 104.5, 103.1, 101.8, 100.6, 99.4, 98.3, 97.4, 96.5, 95.7, 94.9, 94.3, 93.8, 93.4, 93.4, 94.0, 95.1, 97.0, 99.6, 102.9, 107.0, 111.4, 116.2, 121.2, 126.2, 131.2, 136.1, 140.8, 145.2, 149.4, 153.2, 156.6, 159.5, 162.1, 164.2, 165.8, 167.0, 167.8, 168.0, 167.9, 167.3, 166.3, 164.9, 163.2, 161.1, 158.8, 156.2, 153.4, 150.5, 147.4, 144.3, 141.1, 137.9, 134.6, 131.4, 128.3, 125.2, 122.1, 119.1, 116.2, 113.4, 110.7, 108.0, 105.5, 103.0, 100.7, 98.4, 96.2, 94.2, 92.2, 90.3, 88.5, 86.8, 85.2, 83.7, 82.2, 80.9, 79.6, 78.4, 77.4, 76.3, 75.4, 74.6, 73.8, 73.1, 72.5, 71.9, 71.4, 71.0, 70.6, 70.3, 70.1, 69.9, 69.8, 69.7, 69.7, 69.7, 69.8, 70.0, 70.2, 70.5, 70.8, 71.1, 71.4, 71.8, 72.1, 72.4, 72.7, 72.9, 73.1, 73.2, 73.3, 73.3, 73.4, 73.3, 73.3, 73.2, 73.1, 72.9, 72.8, 72.7, 72.5, 72.4, 72.2, 72.1, 72.0, 71.9, 71.8, 71.7, 71.7, 71.6, 71.6, 71.6, 71.7, 71.7, 71.8, 71.9, 72.1, 72.3, 72.5, 72.7, 73.0, 73.3, 73.7, 74.1, 74.5, 74.9, 75.4, 75.9, 76.0, 76.5, 77.4, 78.6, 80.0, 81.7, 83.3, 84.8, 86.2, 87.5, 88.7, 89.8, 91.0, 92.2, 93.4, 94.7, 96.2, 98.0, 100.2, 102.9, 106.1, 109.8, 113.9, 118.6, 123.8, 129.4, 135.4, 141.5, 147.7, 153.7, 159.5, 165.0, 170.0, 174.6, 178.7, 182.1, 185.0, 187.3, 189.0, 190.2, 191.4, 192.8, 194.2, 195.2, 195.8, 195.9, 195.3, 194.2, 192.6, 190.5, 188.1, 185.3, 182.2, 179.0, 175.6, 172.2, 168.7, 165.1, 161.6, 158.2, 154.7, 151.4, 148.2, 145.1, 142.0, 139.1, 136.4, 133.7, 131.2, 128.8, 126.5, 124.4, 122.4, 120.5, 118.7, 117.1, 115.5, 114.1, 112.8, 111.6, 110.5, 109.5, 108.6, 107.8, 107.1, 106.5, 106.0, 105.7, 105.9, 106.7, 108.2, 110.6, 113.8, 117.9, 122.4, 127.3, 132.5, 137.7, 142.8, 147.8, 152.5, 157.0, 161.1, 164.8, 168.1, 170.9, 173.3, 175.2, 176.6, 177.6, 178.1, 178.2, 177.8, 177.0, 175.8, 174.3, 172.4, 170.3, 167.9, 165.3, 162.5, 159.5, 156.5, 153.4, 150.4, 147.7, 145.5, 143.6, 141.8, 139.5, 136.9, 134.3, 131.5, 129.2, 127.2, 125.3, 123.4, 121.5, 119.7, 117.9, 116.1, 114.6, 113.4, 112.5, 112.0, 111.8, 112.1, 112.9, 114.1, 115.6, 117.4, 119.4, 121.4, 123.6, 125.7, 127.7, 129.6, 131.4, 133.0, 134.4, 135.5, 136.5, 137.2, 137.6, 137.8, 137.7, 137.3, 136.7, 135.8, 134.6, 133.2, 131.6, 129.8, 127.8, 125.7, 123.5, 121.2, 118.8, 116.4, 114.0, 111.6, 109.2, 106.8, 104.5, 102.1, 99.9, 97.7, 95.5, 93.4, 91.4, 89.5, 87.6, 85.8, 84.1, 82.4, 80.9, 79.4, 77.9, 76.6, 75.3, 74.1, 72.9, 71.9, 70.9, 69.9, 69.1, 68.2, 67.5, 66.7, 66.0, 65.3, 64.7, 64.0, 63.4, 62.8, 62.2, 61.6, 61.0, 60.4, 59.7, 59.1, 58.5, 57.9, 57.3, 56.7, 56.2, 55.7, 55.2, 54.8, 54.4, 54.0, 53.7, 53.5, 53.3, 53.2, 53.1, 53.1, 53.1, 53.2, 53.3, 53.5, 53.7, 54.0, 54.4, 54.7, 55.1, 55.5, 55.9, 56.3, 56.6, 57.0, 57.4, 57.7, 58.1, 58.5, 58.9, 59.2, 59.7, 60.1, 60.6, 61.1, 61.6, 62.2, 62.9, 63.6, 64.4, 65.2, 66.1, 67.1, 68.1, 69.1, 70.2, 71.3, 72.5, 73.7, 75.0, 76.3, 77.7, 79.0, 80.5, 81.9, 83.5, 85.0, 86.6, 88.3, 90.0, 91.8, 93.6, 95.5, 98.1, 101.4, 105.2, 109.3, 113.5, 117.1, 120.1, 122.5, 124.6, 126.8, 129.4, 132.7, 136.9, 142.0, 148.0, 154.4, 161.0, 167.5, 173.8, 179.6, 184.8, 189.3, 193.1, 196.2, 198.4, 199.9, 200.6, 200.5, 199.8, 198.4, 196.5, 194.1, 191.2, 188.1, 184.6, 180.9, 177.1, 173.1, 169.1, 165.1, 161.0, 157.0, 153.1, 149.2, 145.5, 141.8, 138.5, 135.5, 132.8, 130.4, 128.2, 126.1, 124.0, 122.0, 120.0, 118.1, 116.2, 114.3, 112.6, 110.8, 109.2, 107.7, 106.2, 104.8, 103.5, 102.3, 101.1, 100.1, 99.1, 98.2, 97.5, 96.8, 96.1, 95.7, 95.5, 95.6, 96.1, 97.0, 98.4, 100.3, 102.7, 105.5, 108.7, 112.2, 115.8, 119.5, 123.1, 126.7, 130.1, 133.3, 136.3, 139.0, 141.3, 143.4, 145.0, 146.3, 147.2, 147.8, 147.9, 147.7, 147.1, 146.2, 145.0, 143.6, 141.9, 140.0, 138.1, 136.3, 134.6, 133.1, 131.5, 130.0, 128.4, 126.7, 124.9, 123.0, 121.1, 119.1, 117.1, 115.2, 113.2, 111.2, 109.3, 107.5, 105.7, 103.9, 101.6, 99.2, 96.8, 94.6, 92.9, 91.5, 90.3, 89.2, 88.2, 87.3, 86.4, 85.7, 85.0, 84.3, 83.7, 83.2, 82.8, 82.4, 82.1, 81.9, 81.9, 82.3, 83.1, 84.6, 86.8, 89.8, 93.5, 97.8, 102.7, 107.9, 113.2, 118.5, 123.9, 129.0, 134.0, 138.6, 143.0, 146.9, 150.4, 153.5, 156.2, 158.3, 160.0, 161.2, 161.9, 162.2, 162.0, 161.4, 160.3, 158.9, 157.2, 155.2, 152.9, 150.4, 147.8, 145.0, 142.1, 139.2, 136.2, 133.2, 130.3, 127.3, 124.4, 121.6, 118.8, 116.1, 113.4, 110.9, 108.4, 106.1, 103.8, 101.6, 99.5, 97.5, 95.6, 93.8, 92.0, 90.4, 88.9, 87.4, 86.0, 84.8, 83.6, 82.5, 81.5, 80.6, 79.7, 79.0, 78.3, 77.7, 77.1, 76.7, 76.3, 75.9, 75.7, 75.5, 75.3, 75.3, 75.3, 75.3, 75.4, 75.6, 75.8, 76.1, 76.4, 76.8, 77.1, 77.5, 78.0, 78.4, 78.8, 79.2, 79.6, 80.0, 80.4, 80.8, 81.3, 81.7, 82.1, 82.6, 83.0, 83.5, 84.0, 84.5, 85.0, 85.6, 86.2, 86.8, 87.5, 88.1, 88.9, 89.6, 90.4, 91.2, 92.1, 93.0, 94.0, 95.0, 96.0, 97.1, 98.2, 99.4, 100.6, 101.8, 103.1, 104.3, 105.4, 106.5, 107.5, 108.5, 109.3, 110.0, 110.6, 111.1, 111.5, 111.7, 111.9, 112.1, 112.1, 112.1, 112.0, 111.6, 111.3, 111.3, 111.7, 112.6, 114.1, 116.1, 118.7, 121.8, 125.5, 129.7, 134.5, 139.6, 144.8, 150.0, 155.1, 159.8, 164.2, 168.2, 171.7, 174.7, 177.1, 179.1, 180.4, 181.2, 181.5, 181.3, 180.6, 179.5, 177.9, 176.0, 173.8, 171.3, 168.6, 165.7, 162.9, 160.5, 158.6, 156.8, 155.0, 153.2, 151.3, 149.3, 147.2, 145.1, 142.8, 140.6, 138.3, 136.0, 133.7, 131.4, 129.3, 127.1, 125.1, 123.1, 121.2, 119.4, 117.7, 116.1, 114.6, 113.2, 111.8, 110.6, 109.5, 108.5, 107.5, 106.7, 105.9, 105.3, 104.7, 104.2, 103.8, 103.5, 103.2, 103.1, 103.0, 103.0, 103.0, 103.2, 103.5, 104.1, 105.0, 106.4, 108.3, 110.7, 113.6, 117.0, 120.9, 125.2, 129.8, 134.5, 139.2, 143.7, 148.1, 152.2, 156.0, 159.4, 162.3, 164.8, 166.9, 168.4, 169.4, 170.0, 170.1, 169.7, 168.8, 167.6, 166.1, 164.7, 163.3, 161.9, 160.5, 158.9, 157.1, 155.2, 153.0, 150.6, 148.2, 145.6, 142.9, 140.2, 137.5, 134.8, 132.1, 129.4, 126.8, 124.3, 121.9, 119.5, 117.2, 115.1, 113.0, 111.0, 109.1, 106.8, 104.3, 101.9, 99.7, 97.9, 96.5, 95.4, 94.3, 93.5, 93.0, 92.8, 93.2, 94.0, 95.5, 97.5, 100.1, 103.2, 106.9, 110.8, 115.0, 119.2, 123.4, 127.5, 131.4, 135.1, 138.5, 141.5, 144.3, 146.7, 148.6, 150.2, 151.4, 152.2, 152.5, 152.5, 152.1, 151.3, 150.1, 148.6, 146.8, 144.7, 142.4, 139.8, 137.2, 134.4, 131.5, 128.6, 125.7, 122.7, 119.8, 116.9, 114.1, 111.3, 108.5, 105.9, 103.3, 100.8, 98.4, 96.1, 93.9, 91.8, 89.7, 87.8, 85.9, 84.1, 82.5, 80.9, 79.4, 77.9, 76.6, 75.3, 74.1, 73.0, 71.9, 70.9, 70.0, 69.2, 68.4, 67.7, 67.0, 66.3, 65.7, 65.2, 64.6, 64.1, 63.6, 63.2, 62.7, 62.3, 61.9, 61.5, 61.2, 60.8, 60.5, 60.2, 60.0, 59.8, 59.6, 59.4, 59.3, 59.2, 59.2, 59.2, 59.3, 59.5, 59.7, 60.0, 60.3, 60.7, 61.2, 61.7, 62.3, 63.0, 63.6, 64.4, 65.1, 65.9, 66.8, 67.6, 68.5, 69.5, 70.4, 71.4, 72.4, 73.4, 74.4, 75.5, 76.6, 77.7, 78.8, 79.9, 81.1, 82.3, 83.5, 84.8, 86.1, 87.4, 88.8, 90.2, 91.7, 93.2, 94.7, 96.3, 97.8, 99.4, 101.0, 102.6, 104.2, 105.6, 107.0, 108.3, 109.4, 110.5, 111.3, 111.9, 112.7, 113.8, 115.1, 116.5, 117.9, 118.9, 119.7, 120.2, 120.5, 120.9, 121.7, 123.0, 124.9, 127.6, 130.9, 134.9, 139.2, 143.7, 148.3, 152.7, 156.8, 160.6, 163.9, 166.9, 169.3, 171.2, 172.5, 173.4, 173.7, 173.6, 173.0, 171.9, 170.5, 168.8, 167.2, 165.9, 164.9, 163.7, 162.5, 161.0, 159.3, 157.4, 155.4, 153.1, 150.8, 148.4, 145.9, 143.4, 140.8, 138.3, 135.9, 133.5, 131.1, 128.9, 126.7, 124.6, 122.6, 120.7, 118.9, 117.2, 115.6, 114.1, 112.7, 111.4, 110.1, 109.0, 108.0, 107.1, 106.4, 106.1, 106.1, 106.7, 107.9, 109.7, 112.2, 115.3, 118.9, 123.1, 127.6, 132.3, 137.0, 141.7, 146.1, 150.3, 154.2, 157.8, 160.9, 163.5, 165.8, 167.5, 168.8, 169.6, 169.9, 169.7, 169.2, 168.1, 166.7, 165.0, 162.9, 160.6, 158.0, 155.2, 152.3, 149.3, 146.2, 143.0, 139.9, 136.7, 133.6, 130.6, 127.5, 124.6, 121.7, 118.9, 116.2, 113.6, 111.1, 108.7, 106.4, 104.1, 101.4, 98.6, 95.8, 93.2, 91.3, 90.1, 89.3, 88.6, 88.1, 87.6, 87.1, 86.6, 86.2, 85.7, 85.3, 84.9, 84.5, 84.1, 83.8, 83.5, 83.2, 83.0, 82.8, 82.7, 82.7, 82.8, 83.3, 84.2, 85.7, 87.8, 90.6, 94.1, 98.3, 102.8, 107.7, 112.7, 117.7, 122.7, 127.5, 132.2, 136.5, 140.6, 144.3, 147.7, 150.6, 153.2, 155.3, 157.0, 158.2, 159.1, 159.5, 159.5, 159.2, 158.4, 157.4, 156.0, 154.3, 152.3, 150.2, 147.8, 145.4, 142.8, 140.1, 137.3, 134.6, 131.8, 129.0, 126.3, 123.6, 121.0, 118.4, 115.9, 113.5, 111.1, 108.9, 106.7, 104.6, 102.6, 100.7, 98.9, 97.1, 95.5, 94.0, 92.5, 91.2, 89.9, 88.8, 87.7, 86.7, 85.7, 84.9, 84.1, 83.4, 82.8, 82.3, 81.8, 81.4, 81.1, 80.8, 80.6, 80.5, 80.4, 80.4, 80.5, 80.6, 80.8, 81.0, 81.3, 81.7, 82.1, 82.6, 83.1, 83.6, 84.2, 84.8, 85.5, 86.2, 86.9, 87.7, 88.6, 89.5, 90.4, 91.4, 92.4, 93.5, 94.6, 95.8, 97.0, 98.3, 99.6, 100.9, 102.2, 103.5, 104.8, 106.1, 107.2, 108.3, 109.2, 110.1, 110.8, 111.4, 111.9, 112.2, 112.5, 112.7, 112.7, 112.8, 112.7, 112.6, 112.5, 112.3, 112.1, 111.9, 111.7, 111.5, 111.3, 111.1, 110.9, 110.7, 110.6, 110.5, 110.4, 110.3, 110.3, 110.3, 110.6, 111.3, 112.0, 113.5, 115.8, 119.0, 123.0, 127.5, 132.6, 137.8, 142.9, 147.7, 152.3, 156.4, 160.1, 163.4, 166.1, 168.3, 170.0, 171.1, 171.7, 171.8, 171.4, 170.5, 169.3, 167.6, 165.6, 163.4, 160.9, 158.2, 155.4, 152.5, 149.5, 146.4, 143.3, 140.3, 137.2, 134.2, 131.3, 128.4, 125.7, 123.0, 120.4, 117.8, 115.4, 113.2, 111.4, 110.3, 109.5, 109.0, 108.5, 108.1, 107.6, 107.2, 106.7, 106.2, 105.6, 105.1, 104.5, 103.9, 103.4, 102.9, 102.4, 102.0, 101.6, 101.3, 101.0, 100.8, 100.7, 100.6, 100.6, 100.6, 100.7, 100.9, 101.2, 101.5, 101.9, 102.3, 102.9, 103.5, 104.1, 104.8, 105.5, 106.2, 106.9, 107.6, 108.3, 108.9, 109.4, 109.9, 110.3, 110.6, 110.8, 111.1, 111.6, 112.3, 113.4, 114.9, 116.8, 119.2, 122.0, 125.3, 128.9, 132.6, 136.4, 140.0, 143.5, 146.6, 149.4, 151.9, 154.3, 157.0, 159.6, 161.8, 163.6, 164.8, 165.5, 165.6, 165.2, 164.4, 163.1, 161.4, 159.5, 157.3, 154.9, 152.4, 149.7, 147.0, 144.2, 140.7, 137.1, 133.3, 129.7, 126.7, 124.0, 121.6, 119.2, 117.0, 114.8, 112.8, 110.8, 108.9, 107.1, 105.5, 103.9, 102.4, 101.1, 100.1, 99.4, 99.2, 99.4, 100.1, 101.3, 103.0, 105.3, 107.9, 110.9, 114.0, 117.2, 120.5, 123.6, 126.7, 129.6, 132.3, 134.7, 136.9, 138.8, 140.3, 141.6, 142.5, 143.1, 143.3, 143.2, 142.7, 142.0, 140.9, 139.6, 138.0, 136.1, 134.1, 131.9, 129.6, 127.1, 124.6, 122.1, 119.5, 117.0, 114.4, 111.9, 109.5, 107.0, 104.7, 102.4, 100.1, 98.0, 95.9, 93.9, 91.9, 90.1, 88.3, 86.6, 85.0, 83.5, 82.0, 80.6, 79.4, 78.2, 77.0, 76.0, 75.0, 74.1, 73.3, 72.6, 71.9, 71.3, 70.7, 70.2, 69.8, 69.4, 69.1, 68.9, 68.7, 68.5, 68.4, 68.4, 68.4, 68.5, 68.6, 68.8, 69.1, 69.4, 69.7, 70.0, 70.4, 70.8, 71.1, 71.5, 71.8, 72.1, 72.3, 72.5, 72.7, 72.8, 72.9, 73.0, 73.1, 73.1, 73.2, 73.2, 73.2, 73.3, 73.3, 73.3, 73.4, 73.4, 73.5, 73.6, 73.7, 73.8, 74.0, 74.2, 74.4, 74.7, 75.0, 75.3, 75.7, 76.1, 76.5, 77.0, 77.5, 78.0, 78.6, 79.3, 80.0, 80.7, 81.4, 82.3, 83.1, 84.0, 85.0, 86.0, 87.1, 88.2, 89.4, 90.6, 91.9, 93.2, 94.6, 96.0, 97.5, 99.0, 101.1, 103.7, 106.8, 110.1, 113.4, 116.4, 119.0, 121.3, 123.5, 125.8, 128.1, 130.5, 133.1, 135.9, 138.7, 141.7, 144.8, 147.8, 150.7, 153.4, 155.7, 157.6, 159.0, 160.0, 160.4, 160.5, 160.0, 159.2, 158.0, 156.4, 154.6, 152.6, 150.4, 148.4, 146.7, 145.1, 143.5, 142.0, 140.3, 138.6, 136.7, 134.8, 132.8, 130.8, 128.7, 126.7, 124.6, 122.6, 120.6, 118.7, 116.8, 115.0, 113.3, 111.7, 110.1, 108.6, 107.2, 105.9, 104.7, 103.6, 102.6, 101.6, 100.8, 100.0, 99.3, 98.7, 98.1, 97.7, 97.3, 97.0, 96.8, 96.7, 96.6, 96.6, 96.7, 96.9, 97.1, 97.4, 97.7, 98.2, 98.7, 99.3, 99.9, 100.7, 101.9, 103.6, 105.9, 108.8, 112.5, 116.9, 122.0, 127.8, 134.0, 140.4, 147.0, 153.4, 159.7, 165.7, 171.3, 176.5, 181.2, 185.4, 189.1, 192.2, 194.7, 196.7, 198.0, 198.9, 199.1, 198.9, 198.1, 196.9, 195.2, 193.1, 190.6, 187.8, 184.7, 181.0, 177.1, 173.1, 169.3, 165.9, 162.8, 159.8, 156.8, 153.9, 150.8, 147.8, 144.7, 141.7, 138.7, 135.7, 132.9, 130.0, 127.3, 124.7, 122.1, 119.7, 117.3, 115.1, 113.0, 110.9, 109.0, 107.2, 105.4, 103.8, 102.4, 101.4, 100.8, 100.9, 101.6, 103.0, 105.1, 107.8, 111.0, 114.4, 118.0, 121.7, 125.4, 128.9, 132.4, 135.6, 138.6, 141.2, 143.6, 145.7, 147.4, 148.7, 149.7, 150.3, 150.6, 150.5, 150.0, 149.2, 148.0, 146.6, 144.8, 142.8, 140.6, 138.2, 135.7, 133.0, 130.3, 127.5, 124.7, 121.8, 119.0, 116.2, 113.4, 110.7, 108.1, 105.5, 103.0, 100.5, 98.2, 95.9, 93.7, 91.7, 89.7, 87.7, 85.9, 84.2, 82.5, 80.9, 79.4, 78.0, 76.7, 75.4, 74.2, 73.1, 72.1, 71.1, 70.2, 69.3, 68.6, 67.8, 67.2, 66.5, 65.9, 65.4, 64.8, 64.3, 63.9, 63.4, 63.0, 62.6, 62.3, 61.9, 61.6, 61.3, 61.1, 60.8, 60.6, 60.5, 60.4, 60.3, 60.3, 60.3, 60.4, 60.5, 60.7, 61.0, 61.3, 61.7, 62.1, 62.7, 63.2, 63.8, 64.4, 65.0, 65.6, 66.3, 66.9, 67.5, 68.2, 68.8, 69.4, 70.1, 70.7, 71.3, 71.9, 72.6, 73.2, 73.8, 74.5, 75.2, 75.8, 76.5, 77.2, 77.9, 78.7, 79.4, 80.2, 81.0, 81.9, 82.7, 83.6, 84.6, 85.5, 86.5, 87.6, 88.7, 89.8, 90.9, 92.2, 93.4, 94.7, 96.0, 97.8, 100.2, 103.1, 106.3, 109.7, 112.7, 115.3, 117.4, 119.2, 120.7, 121.8, 122.8, 123.7, 124.6, 125.9, 127.5, 129.7, 132.5, 135.8, 139.8, 144.2, 148.8, 153.5, 158.0, 162.2, 166.0, 169.3, 172.1, 174.3, 175.9, 177.0, 177.5, 177.4, 176.9, 176.3, 176.1, 175.9, 175.6, 174.9, 173.9, 172.5, 170.7, 168.7, 166.4, 163.8, 161.1, 158.2, 155.3, 152.3, 149.3, 146.3, 143.4, 140.5, 137.6, 134.9, 132.2, 129.6, 127.2, 124.8, 122.5, 120.4, 118.4, 116.5, 114.6, 113.0, 111.4, 109.9, 108.5, 107.2, 106.1, 105.0, 104.0, 103.1, 102.4, 101.7, 101.0, 100.5, 100.1, 99.7, 99.4, 99.3, 99.1, 99.1, 99.1, 99.3, 99.5, 100.1, 101.1, 102.6, 104.6, 107.1, 110.3, 114.0, 118.3, 123.1, 128.2, 133.5, 138.8, 144.1, 149.2, 154.1, 158.7, 162.9, 166.8, 170.2, 173.2, 175.7, 177.8, 179.3, 180.4, 181.1, 181.7, 182.4, 182.9, 183.1, 182.9, 182.2, 181.2, 179.7, 177.8, 175.6, 173.1, 170.4, 167.5, 164.4, 161.2, 158.0, 154.7, 151.4, 148.1, 144.8, 140.9, 136.8, 132.8, 128.8, 125.6, 122.7, 120.0, 117.5, 115.0, 112.7, 110.5, 108.4, 106.4, 104.4, 102.6, 100.9, 99.3, 97.8, 96.3, 95.0, 93.8, 92.7, 91.8, 91.2, 90.9, 91.0, 91.4, 92.3, 93.5, 95.0, 97.0, 99.3, 101.9, 104.7, 107.5, 110.4, 113.2, 116.0, 118.6, 121.0, 123.2, 125.2, 126.9, 128.4, 129.6, 130.5, 131.2, 131.5, 131.6, 131.3, 130.8, 130.0, 129.0, 127.7, 126.3, 124.6, 122.7, 120.7, 118.6, 116.5, 114.2, 111.9, 109.6, 107.3, 105.1, 102.8, 100.6, 98.4, 96.3, 94.3, 92.3, 90.3, 88.5, 86.7, 85.0, 83.3, 81.7, 80.3, 78.8, 77.5, 76.2, 75.1, 74.0, 72.9, 72.0, 71.1, 70.2, 69.4, 68.7, 68.0, 67.4, 66.8, 66.3, 65.8, 65.3, 64.9, 64.5, 64.2, 63.8, 63.5, 63.3, 63.0, 62.8, 62.7, 62.6, 62.5, 62.5, 62.6, 62.6, 62.8, 63.0, 63.3, 63.7, 64.1, 64.6, 65.2, 65.9, 66.6, 67.4, 68.3, 69.3, 70.3, 71.4, 72.5, 73.7, 75.0, 76.3, 77.7, 79.2, 80.7, 82.2, 83.9, 85.6, 87.3, 89.1, 91.0, 92.9, 94.9, 96.8, 98.8, 100.8, 102.7, 104.5, 106.3, 108.0, 109.5, 110.9, 112.1, 113.1, 114.0, 114.7, 115.2, 115.5, 115.7, 115.7, 115.6, 115.0, 114.8, 115.1, 116.2, 118.0, 120.7, 124.1, 128.3, 133.2, 138.5, 144.1, 149.8, 155.4, 160.9, 165.9, 170.5, 174.6, 178.1, 181.0, 183.3, 185.0, 186.0, 186.4, 186.2, 185.4, 184.2, 182.4, 180.3, 177.8, 175.0, 172.0, 168.8, 165.4, 162.0, 158.4, 154.9, 151.3, 147.7, 144.2, 140.8, 137.4, 134.2, 131.1, 128.3, 126.0, 124.3, 122.9, 121.6, 120.4, 119.2, 118.0, 116.8, 115.6, 114.3, 113.1, 111.9, 110.7, 109.5, 108.3, 107.2, 106.2, 105.2, 104.3, 103.4, 102.6, 101.9, 101.3, 100.7, 100.2, 99.8, 99.5, 99.2, 99.1, 98.9, 98.9, 99.0, 99.1, 99.2, 99.5, 99.8, 100.2, 100.7, 101.2, 101.8, 102.5, 103.2, 104.0, 104.8, 105.5, 106.3, 107.1, 108.1, 109.2, 110.7, 112.4, 114.5, 116.9, 119.7, 122.7, 126.1, 129.7, 133.5, 137.2, 140.9, 144.3, 147.4, 150.1, 152.4, 154.5, 156.3, 158.0, 159.6, 160.8, 161.6, 161.9, 161.7, 161.1, 159.4, 157.1, 154.4, 151.5, 149.0, 146.5, 144.1, 141.5, 139.0, 136.4, 133.8, 131.2, 128.6, 126.1, 123.6, 121.2, 118.8, 116.5, 114.3, 112.2, 110.2, 108.3, 106.4, 104.7, 103.0, 101.5, 100.0, 98.7, 97.4, 96.2, 95.1, 94.1, 93.2, 92.4, 91.7, 91.4, 91.4, 91.9, 92.8, 94.3, 96.4, 99.0, 102.2, 105.9, 110.0, 114.5, 119.0, 123.7, 128.2, 132.6, 136.8, 140.7, 144.3, 147.5, 150.4, 152.9, 154.9, 156.5, 157.7, 158.4, 158.7, 158.5, 158.0, 157.1, 155.8, 154.1, 152.2, 149.9, 147.5, 144.8, 142.0, 139.2, 136.2, 133.2, 130.2, 127.2, 124.2, 121.2, 118.3, 115.5, 112.7, 110.0, 107.4, 104.9, 102.4, 100.1, 97.8, 95.7, 93.6, 91.7, 89.8, 88.0, 86.3, 84.7, 83.1, 81.7, 80.3, 79.0, 77.8, 76.6, 75.6, 74.6, 73.7, 72.8, 72.1, 71.3, 70.7, 70.1, 69.5, 69.0, 68.6, 68.2, 67.8, 67.5, 67.3, 67.1, 66.9, 66.8, 66.8, 66.8, 66.9, 67.0, 67.1, 67.3, 67.6, 67.9, 68.2, 68.6, 68.9, 69.2, 69.5, 69.8, 70.1, 70.3, 70.4, 70.5, 70.6, 70.6, 70.6, 70.6, 70.5, 70.4, 70.3, 70.1, 70.0, 69.8, 69.7, 69.5, 69.4, 69.2, 69.1, 68.9, 68.8, 68.7, 68.6, 68.5, 68.4, 68.4, 68.4, 68.4, 68.5, 68.6, 68.7, 68.9, 69.1, 69.3, 69.6, 70.0, 70.3, 70.8, 71.2, 71.3, 71.6, 72.4, 73.5, 74.9, 76.5, 78.1, 79.7, 81.1, 82.4, 83.7, 84.9, 86.1, 87.4, 88.7, 90.1, 91.4, 93.0, 94.8, 97.1, 100.0, 103.6, 107.8, 112.8, 118.5, 125.0, 132.1, 139.5, 147.2, 154.9, 162.5, 169.7, 176.6, 183.0, 188.9, 194.1, 198.7, 202.6, 205.9, 208.4, 210.3, 211.4, 211.9, 211.8, 211.0, 209.7, 207.8, 205.5, 202.7, 199.6, 196.2, 192.9, 189.9, 187.4, 185.1, 182.8, 180.3, 177.8, 175.1, 172.3, 169.4, 166.5, 163.4, 160.3, 157.3, 154.2, 151.2, 148.3, 145.4, 142.7, 140.0, 137.4, 135.0, 132.7, 130.5, 128.4, 126.4, 124.6, 122.8, 121.2, 119.8, 118.7, 117.9, 117.5, 117.6, 118.1, 119.0, 120.4, 122.3, 124.5, 127.2, 130.2, 133.4, 136.8, 140.2, 143.5, 146.7, 149.7, 152.3, 154.7, 156.8, 158.4, 159.8, 160.7, 161.3, 161.5, 161.6, 161.9, 162.3, 162.7, 162.8, 162.6, 162.0, 161.1, 159.8, 158.2, 156.4, 154.4, 152.1, 149.8, 147.3, 144.8, 142.2, 139.5, 136.4, 133.0, 129.6, 126.2, 123.4, 120.9, 118.7, 116.6, 114.6, 112.7, 110.8, 109.1, 107.5, 105.9, 104.4, 103.1, 101.8, 100.6, 99.5, 98.5, 97.6, 96.7, 96.0, 95.3, 94.7, 94.2, 93.7, 93.4, 93.3, 93.5, 93.9, 94.7, 95.8, 97.2, 99.1, 101.2, 103.8, 106.6, 109.8, 113.1, 116.6, 120.1, 123.5, 126.8, 130.0, 132.9, 135.5, 137.8, 139.8, 141.4, 142.6, 143.5, 144.0, 144.1, 143.8, 143.2, 142.3, 141.1, 139.7, 138.0, 136.1, 134.1, 132.0, 129.7, 127.4, 125.0, 122.6, 120.2, 117.7, 115.4, 113.0, 110.7, 108.4, 106.2, 104.1, 102.1, 100.1, 98.2, 96.4, 94.7, 93.0, 91.4, 90.0, 88.6, 87.3, 86.0, 84.9, 83.8, 82.8, 81.9, 81.1, 80.3, 79.6, 79.0, 78.5, 78.0, 77.6, 77.2, 77.0, 76.8, 76.6, 76.5, 76.5, 76.5, 76.6, 76.8, 77.0, 77.3, 77.6, 78.0, 78.4, 78.9, 79.5, 80.1, 80.8, 81.5, 82.3, 83.1, 84.0, 85.0, 86.0, 87.1, 88.2, 89.4, 90.7, 92.0, 93.3, 94.8, 96.3, 97.8, 99.4, 100.9, 102.5, 104.0, 105.5, 106.9, 108.2, 109.4, 110.5, 111.4, 112.1, 112.7, 113.2, 113.5, 113.7, 113.9, 113.9, 113.8, 113.6, 113.4, 113.1, 112.8, 112.5, 112.1, 111.8, 111.4, 111.0, 110.7, 110.3, 110.0, 109.7, 109.5, 109.3, 109.0, 108.4, 108.1, 108.1, 108.4, 109.1, 109.9, 110.8, 111.6, 112.2, 112.7, 113.0, 113.3, 113.8, 114.6, 115.8, 117.5, 119.7, 122.4, 125.6, 129.3, 133.4, 138.0, 142.9, 147.8, 152.6, 157.1, 161.3, 165.0, 168.2, 170.8, 172.8, 174.2, 175.0, 175.2, 174.9, 174.3, 173.9, 173.7, 173.3, 172.7, 171.8, 170.5, 168.9, 166.9, 164.7, 162.2, 159.6, 156.8, 153.9, 150.9, 147.9, 145.0, 142.0, 139.1, 136.2, 133.4, 130.7, 128.1, 125.6, 123.1, 120.8, 118.6, 116.5, 114.6, 112.7, 110.9, 109.3, 107.7, 106.3, 105.0, 103.7, 102.6, 101.6, 100.6, 99.8, 99.0, 98.3, 97.7, 97.2, 96.8, 96.5, 96.2, 96.0, 95.9, 95.9, 95.9, 96.0, 96.2, 96.5, 97.1, 97.9, 99.0, 100.5, 102.4, 104.6, 107.2, 110.2, 113.6, 117.3, 121.3, 125.5, 129.9, 134.2, 138.4, 142.5, 146.3, 149.8, 153.0, 155.9, 158.8, 161.8, 164.6, 167.2, 169.4, 171.0, 172.1, 172.6, 172.6, 172.0, 171.0, 169.6, 167.8, 165.7, 163.3, 160.7, 157.9, 155.0, 152.0, 149.0, 145.9, 142.8, 139.8, 136.8, 133.8, 130.9, 128.1, 125.3, 122.1, 118.7, 115.3, 112.1, 109.5, 107.4, 105.4, 103.5, 101.8, 100.2, 98.6, 97.2, 95.9, 94.7, 93.8, 93.2, 93.0, 93.2, 93.9, 95.1, 96.7, 98.8, 101.3, 104.1, 107.1, 110.1, 113.1, 116.1, 119.0, 121.8, 124.4, 126.7, 128.9, 130.8, 132.4, 133.8, 134.8, 135.6, 136.1, 136.3, 136.2, 135.9, 135.2, 134.3, 133.2, 131.9, 130.4, 128.7, 126.8, 124.9, 122.9, 120.8, 118.6, 116.4, 114.2, 112.1, 109.9, 107.8, 105.7, 103.6, 101.7, 99.7, 97.9, 96.1, 94.3, 92.7, 91.1, 89.6, 88.2, 86.9, 85.6, 84.4, 83.3, 82.3, 81.3, 80.4, 79.6, 78.9, 78.2, 77.6, 77.1, 76.6, 76.2, 75.9, 75.6, 75.3, 75.2, 75.1, 75.0, 75.0, 75.0, 75.1, 75.3, 75.5, 75.7, 76.0, 76.3, 76.7, 77.1, 77.6, 78.2, 78.7, 79.4, 80.0, 80.8, 81.5, 82.4, 83.2, 84.2, 85.1, 86.2, 87.3, 88.4, 89.6, 90.9, 92.2, 93.6, 95.0, 96.5, 98.0, 99.6, 101.1, 102.7, 104.2, 105.6, 107.0, 108.3, 109.4, 110.4, 111.3, 112.0, 112.6, 113.0, 113.3, 113.5, 113.5, 113.5, 113.4, 113.2, 112.9, 112.5, 112.1, 111.7, 111.3, 110.8, 110.3, 109.8, 109.5, 109.5, 110.0, 111.1, 112.5, 114.8, 118.1, 122.5, 127.6, 133.3, 139.3, 145.2, 151.0, 156.3, 161.1, 165.4, 169.2, 172.4, 175.0, 176.9, 178.3, 179.0, 179.2, 178.7, 177.8, 176.4, 174.6, 172.4, 169.9, 167.1, 164.2, 161.0, 157.8, 154.4, 151.0, 147.6, 144.2, 140.8, 137.5, 134.2, 131.0, 127.9, 125.0, 122.1, 119.3, 116.6, 114.0, 111.6, 109.2, 107.0, 104.9, 102.9, 101.0, 99.2, 97.5, 96.0, 94.7, 93.8, 93.3, 93.1, 93.0, 92.9, 92.9, 92.9, 92.9, 92.9, 92.8, 92.8, 92.8, 92.8, 92.8, 92.8, 92.9, 93.0, 93.1, 93.3, 93.6, 93.9, 94.2, 94.8, 95.8, 97.5, 99.8, 103.1, 107.2, 112.2, 117.7, 123.6, 129.8, 136.1, 142.4, 148.5, 154.4, 160.0, 165.3, 170.2, 174.6, 178.5, 182.0, 185.0, 187.4, 189.3, 190.7, 191.6, 192.0, 191.9, 191.3, 190.3, 188.8, 187.0, 184.7, 182.2, 179.3, 176.2, 172.9, 169.5, 165.9, 162.3, 158.8, 155.6, 152.1, 148.6, 145.1, 141.7, 138.8, 136.3, 133.8, 131.3, 128.8, 126.4, 123.9, 121.5, 119.2, 116.9, 114.6, 112.4, 110.4, 108.4, 106.5, 104.6, 102.9, 101.3, 99.8, 98.4, 97.1, 95.8, 94.7, 93.7, 92.7, 91.8, 91.1, 90.5, 90.1, 90.2, 90.7, 91.7, 93.2, 95.2, 97.7, 100.6, 103.6, 106.8, 110.1, 113.3, 116.5, 119.5, 122.3, 124.9, 127.3, 129.4, 131.2, 132.7, 133.9, 134.7, 135.2, 135.4, 135.3, 134.8, 134.1, 133.1, 131.8, 130.3, 128.6, 126.8, 124.8, 122.7, 120.5, 118.3, 116.0, 113.7, 111.4, 109.1, 106.9, 104.7, 102.5, 100.4, 98.3, 96.4, 94.4, 92.6, 90.8, 89.1, 87.5, 86.0, 84.5, 83.2, 81.9, 80.7, 79.5, 78.5, 77.5, 76.6, 75.8, 75.0, 74.3, 73.7, 73.1, 72.6, 72.2, 71.8, 71.5, 71.3, 71.1, 71.0, 70.9, 70.9, 70.9, 71.0, 71.2, 71.4, 71.7, 72.0, 72.3, 72.8, 73.2, 73.7, 74.3, 74.9, 75.5, 76.1, 76.8, 77.6, 78.4, 79.2, 80.1, 81.0, 81.9, 82.9, 84.0, 85.0, 86.2, 87.4, 88.6, 89.9, 91.2, 92.6, 94.1, 95.6, 97.1, 98.7, 100.3, 101.8, 103.4, 104.9, 106.3, 107.7, 108.9, 110.0, 111.0, 111.8, 112.4, 113.0, 113.4, 113.6, 113.8, 113.8, 113.8, 113.7, 113.5, 113.3, 113.0, 112.7, 112.3, 112.0, 111.6, 111.2, 110.9, 110.5, 110.2, 109.9, 109.6, 109.3, 108.5, 108.0, 107.9, 108.1, 108.5, 109.1, 109.8, 110.5, 111.1, 111.5, 111.9, 112.1, 112.3, 112.5, 112.6, 112.7, 113.2, 114.0, 115.4, 117.4, 120.1, 123.5, 127.4, 131.8, 136.3, 140.9, 145.3, 149.6, 153.5, 157.1, 160.2, 162.9, 165.1, 166.8, 168.0, 168.6, 168.8, 168.6, 167.9, 166.8, 165.7, 164.8, 163.8, 162.7, 161.5, 159.9, 158.2, 156.2, 154.0, 151.7, 149.3, 146.7, 144.1, 141.5, 138.9, 136.3, 133.7, 131.2, 128.7, 126.4, 124.1, 121.8, 119.7, 117.7, 115.8, 114.0, 112.3, 110.6, 109.1, 107.7, 106.4, 105.2, 104.1, 103.0, 102.1, 101.2, 100.5, 99.8, 99.2, 98.7, 98.3, 97.9, 97.7, 97.5, 97.4, 97.4, 97.4, 97.5, 97.7, 98.0, 98.5, 99.3, 100.4, 101.9, 103.7, 105.9, 108.5, 111.4, 114.7, 118.3, 122.2, 126.3, 130.4, 134.5, 138.5, 142.3, 145.7, 148.9, 151.7, 154.0, 155.9, 157.4, 158.4, 158.9, 159.0, 158.6, 157.9, 157.0, 156.3, 155.6, 155.0, 154.1, 153.1, 151.8, 150.2, 148.5, 146.6, 144.5, 142.2, 139.3, 136.0, 132.7, 129.4, 126.5, 124.0, 121.7, 119.5, 117.4, 115.3, 113.4, 111.5, 109.6, 107.9, 106.3, 104.7, 103.3, 101.9, 100.6, 99.4, 98.3, 97.3, 96.5, 96.0, 95.9, 96.3, 97.3, 98.9, 101.1, 103.8, 107.2, 110.8, 114.8, 118.8, 122.9, 126.9, 130.8, 134.5, 138.1, 141.3, 144.3, 147.0, 149.3, 151.3, 153.0, 154.3, 155.2, 155.8, 156.0, 155.8, 155.3, 154.5, 153.4, 152.1, 150.4, 148.6, 146.5, 144.4, 142.0, 139.6, 137.2, 134.6, 132.1, 129.5, 127.0, 124.5, 122.0, 119.6, 117.2, 114.9, 112.7, 110.6, 108.5, 106.5, 104.6, 102.8, 101.1, 99.5, 97.9, 96.5, 95.1, 93.8, 92.7, 91.5, 90.5, 89.6, 88.7, 87.9, 87.2, 86.6, 86.0, 85.5, 85.1, 84.8, 84.5, 84.3, 84.1, 84.1, 84.1, 84.1, 84.2, 84.4, 84.7, 85.0, 85.3, 85.7, 86.2, 86.7, 87.3, 88.0, 88.7, 89.4, 90.2, 91.1, 92.0, 92.9, 93.9, 95.0, 96.1, 97.3, 98.6, 99.8, 101.1, 102.4, 103.7, 105.0, 106.2, 107.3, 108.4, 109.3, 110.1, 110.8, 111.4, 111.9, 112.2, 112.5, 112.6, 112.7, 112.7, 112.7, 112.5, 112.4, 112.2, 111.9, 111.7, 111.4, 111.1, 110.8, 110.5, 110.3, 110.0, 109.8, 109.6, 109.4, 109.2, 109.1, 109.0, 109.0, 108.9, 108.5, 108.3, 108.4, 109.0, 110.0, 111.5, 113.5, 115.7, 118.4, 121.3, 124.6, 128.3, 132.4, 136.8, 141.3, 145.7, 150.0, 154.0, 157.6, 160.8, 163.6, 165.9, 167.6, 168.9, 169.6, 169.8, 169.6, 168.8, 167.7, 166.2, 164.4, 162.2, 159.9, 157.3, 154.6, 151.7, 148.8, 145.8, 142.7, 139.7, 136.7, 133.7, 130.8, 128.0, 125.2, 122.5, 119.9, 117.4, 115.2, 113.4, 111.9, 110.7, 109.7, 108.7, 107.7, 106.8, 105.9, 105.0, 104.1, 103.2, 102.3, 101.5, 100.7, 99.9, 99.2, 98.6, 98.0, 97.4, 97.0, 96.6, 96.2, 96.0, 95.8, 95.6, 95.6, 95.9, 96.4, 97.2, 98.5, 100.1, 102.2, 104.7, 107.6, 110.9, 114.6, 118.6, 122.7, 126.9, 131.1, 135.1, 138.9, 142.5, 145.7, 148.6, 151.2, 153.3, 154.9, 156.2, 157.0, 157.3, 157.3, 156.8, 156.0, 154.8, 153.3, 151.5, 149.5, 147.4, 145.4, 143.8, 142.6, 141.5, 140.5, 139.3, 138.1, 136.7, 135.2, 133.6, 131.9, 130.1, 128.2, 126.4, 124.5, 122.6, 120.1, 117.6, 114.9, 112.4, 110.4, 108.7, 107.2, 105.9, 104.6, 103.4, 102.3, 101.3, 100.3, 99.4, 98.6, 97.9, 97.3, 96.7, 96.2, 95.8, 95.5, 95.3, 95.5, 96.1, 97.2, 98.8, 101.0, 103.9, 107.4, 111.5, 116.1, 121.0, 126.2, 131.4, 136.5, 141.6, 146.4, 150.9, 155.0, 158.8, 162.1, 165.0, 167.4, 169.3, 170.7, 171.6, 172.1, 172.0, 171.5, 170.6, 169.3, 167.6, 165.6, 163.3, 160.7, 158.0, 155.1, 152.1, 149.0, 145.8, 142.6, 139.4, 136.3, 133.2, 130.2, 127.2, 124.3, 121.5, 118.7, 116.1, 113.6, 111.1, 108.8, 106.6, 104.4, 102.4, 100.4, 98.6, 96.9, 95.2, 93.7, 92.3, 90.9, 89.7, 88.5, 87.4, 86.4, 85.5, 84.7, 84.0, 83.3, 82.7, 82.2, 81.8, 81.4, 81.1, 80.9, 80.7, 80.6, 80.6, 80.7, 80.8, 80.9, 81.1, 81.4, 81.8, 82.1, 82.5, 82.9, 83.4, 83.8, 84.3, 84.8, 85.3, 85.8, 86.4, 86.9, 87.5, 88.1, 88.7, 89.3, 90.0, 90.6, 91.4, 92.1, 92.9, 93.7, 94.5, 95.4, 96.3, 97.3, 98.3, 99.4, 100.5, 101.6, 102.7, 103.8, 104.9, 106.0, 107.0, 107.9, 108.7, 109.5, 110.1, 110.6, 111.1, 111.4, 111.7, 111.9, 112.0, 112.0, 112.0, 112.0, 111.9, 111.8, 111.7, 111.5, 111.4, 111.2, 111.1, 110.9, 110.8, 110.7, 110.5, 109.9, 109.6, 109.6, 109.9, 110.4, 111.0, 111.7, 112.3, 112.7, 113.0, 113.1, 113.2, 113.3, 113.5, 114.1, 115.0, 116.4, 118.3, 120.7, 123.6, 127.0, 130.8, 135.0, 139.3, 143.6, 147.8, 151.8, 155.4, 158.6, 161.4, 163.7, 165.6, 166.9, 167.7, 168.1, 168.0, 167.4, 166.4, 165.0, 163.3, 161.4, 159.1, 156.7, 154.1, 151.3, 148.5, 145.6, 142.7, 139.8, 136.9, 134.0, 131.2, 128.5, 125.8, 123.2, 121.0, 119.3, 118.2, 117.4, 116.8, 116.2, 115.6, 115.0, 114.3, 113.6, 112.9, 112.1, 111.2, 110.4, 109.6, 108.8, 108.1, 107.3, 106.7, 106.0, 105.5, 104.9, 104.5, 104.1, 103.8, 103.6, 103.4, 103.3, 103.2, 103.2, 103.3, 103.5, 103.7, 104.0, 104.5, 105.2, 106.3, 107.8, 109.7, 112.2, 115.1, 118.5, 122.5, 126.9, 131.6, 136.6, 141.6, 146.6, 151.4, 156.0, 160.2, 164.1, 167.5, 170.5, 173.1, 175.1, 176.7, 177.8, 178.4, 178.5, 178.2, 177.4, 176.5, 175.7, 175.1, 174.4, 173.5, 172.3, 170.8, 169.0, 166.9, 164.6, 162.1, 159.3, 156.5, 153.5, 150.6, 147.5, 144.5, 141.6, 138.6, 135.7, 132.9, 129.5, 126.1, 122.6, 119.3, 116.6, 114.4, 112.3, 110.4, 108.6, 106.9, 105.3, 103.8, 102.4, 101.1, 99.8, 98.7, 97.8, 97.1, 96.7, 96.7, 97.1, 97.9, 99.2, 100.9, 103.1, 105.6, 108.6, 112.0, 115.5, 119.1, 122.7, 126.3, 129.6, 132.8, 135.8, 138.5, 140.8, 142.9, 144.6, 145.9, 146.9, 147.6, 147.9, 147.9, 147.5, 146.8, 145.8, 144.5, 143.0, 141.2, 139.3, 137.2, 134.9, 132.6, 130.2, 127.7, 125.2, 122.7, 120.3, 117.8, 115.4, 113.0, 110.7, 108.4, 106.2, 104.1, 102.1, 100.1, 98.2, 96.4, 94.7, 93.0, 91.5, 90.0, 88.6, 87.3, 86.1, 85.0, 83.9, 82.9, 82.0, 81.2, 80.5, 79.8, 79.2, 78.6, 78.2, 77.8, 77.4, 77.2, 77.0, 76.8, 76.8, 76.7, 76.8, 76.9, 77.0, 77.3, 77.5, 77.8, 78.2, 78.6, 78.9, 79.4, 79.8, 80.2, 80.7, 81.1, 81.6, 82.1, 82.6, 83.1, 83.6, 84.2, 84.7, 85.3, 85.9, 86.6, 87.2, 87.9, 88.7, 89.4, 90.2, 91.1, 91.9, 92.9, 93.8, 94.8, 95.9, 96.9, 98.1, 99.2, 100.5, 101.7, 102.9, 104.1, 105.3, 106.4, 107.5, 108.4, 109.3, 110.0, 110.6, 111.1, 111.5, 111.8, 112.1, 112.2, 112.2, 112.2, 111.7, 111.5, 111.5, 111.8, 112.2, 112.7, 113.3, 113.7, 114.0, 114.1, 114.1, 114.1, 113.9, 113.8, 113.6, 113.4, 113.2, 113.0, 112.8, 112.8, 113.1, 113.7, 114.7, 116.1, 117.9, 120.2, 122.8, 125.8, 129.1, 132.8, 136.6, 140.5, 144.3, 147.8, 151.1, 154.1, 156.6, 158.8, 160.7, 162.8, 164.9, 166.9, 168.5, 169.6, 170.1, 170.2, 169.7, 168.8, 167.5, 165.9, 163.9, 161.7, 159.4, 156.9, 154.2, 151.6, 148.8, 146.1, 143.4, 140.7, 138.1, 135.5, 133.0, 130.6, 128.3, 126.1, 123.9, 121.9, 120.0, 118.1, 116.4, 114.9, 113.7, 112.9, 112.6, 112.8, 113.7, 115.0, 116.9, 119.2, 121.7, 124.4, 127.1, 129.9, 132.5, 135.1, 137.4, 139.6, 141.5, 143.2, 144.6, 145.7, 146.4, 146.9, 147.0, 146.8, 146.3, 145.4, 144.3, 143.0, 141.4, 139.6, 137.6, 135.5, 133.3, 131.1, 129.1, 127.3, 125.6, 123.9, 122.2, 120.4, 118.6, 116.8, 114.9, 113.0, 111.1, 109.3, 107.4, 105.6, 103.8, 102.1, 100.4, 98.8, 97.2, 95.8, 94.4, 93.1, 91.8, 90.6, 89.6, 88.5, 87.6, 86.7, 86.0, 85.2, 84.2, 83.1, 81.9, 80.8, 80.1, 79.7, 79.5, 79.4, 79.3, 79.3, 79.4, 79.5, 79.8, 80.3, 81.2, 82.6, 84.5, 86.8, 89.8, 93.3, 97.3, 101.9, 106.9, 112.2, 117.6, 122.9, 128.2, 133.2, 138.0, 142.4, 146.5, 150.0, 153.2, 155.8, 158.0, 159.6, 160.7, 161.4, 161.5, 161.2, 160.4, 159.3, 157.7, 155.9, 153.8, 151.5, 149.0, 146.3, 143.5, 140.6, 137.7, 134.8, 131.9, 129.0, 126.1, 123.3, 120.5, 117.8, 115.1, 112.6, 110.1, 107.7, 105.4, 103.2, 101.1, 99.0, 97.1, 95.2, 93.5, 91.8, 90.2, 88.8, 87.4, 86.1, 84.9, 83.7, 82.7, 81.7, 80.9, 80.1, 79.3, 78.7, 78.1, 77.6, 77.2, 76.8, 76.5, 76.3, 76.1, 76.1, 76.0, 76.0, 76.1, 76.3, 76.5, 76.7, 77.0, 77.4, 77.8, 78.2, 78.6, 79.0, 79.5, 80.0, 80.5, 81.1, 81.6, 82.2, 82.8, 83.4, 84.1, 84.8, 85.5, 86.2, 87.0, 87.8, 88.6, 89.5, 90.4, 91.4, 92.4, 93.4, 94.5, 95.7, 96.8, 98.1, 99.3, 100.6, 101.9, 103.2, 104.4, 105.7, 106.8, 107.9, 108.9, 109.7, 110.5, 111.1, 111.7, 112.1, 112.4, 112.6, 112.7, 112.7, 112.7, 112.6, 112.5, 112.3, 112.1, 111.9, 111.6, 111.3, 110.5, 110.0, 109.8, 109.8, 110.1, 110.6, 111.1, 111.6, 112.0, 112.3, 112.5, 112.9, 113.6, 114.8, 116.3, 118.4, 121.0, 124.1, 127.7, 131.7, 136.1, 140.7, 145.2, 149.6, 153.7, 157.5, 160.9, 163.8, 166.2, 168.1, 169.5, 170.4, 170.7, 170.6, 170.0, 169.0, 167.5, 165.8, 163.7, 161.4, 158.9, 156.2, 153.4, 150.5, 147.6, 144.6, 141.6, 138.9, 136.6, 134.8, 133.2, 131.8, 130.3, 128.9, 127.4, 125.9, 124.3, 122.8, 121.2, 119.6, 118.0, 116.5, 115.0, 113.6, 112.2, 110.8, 109.6, 108.4, 107.3, 106.3, 105.3, 104.5, 103.7, 103.0, 102.3, 101.8, 101.4, 101.1, 101.1, 101.6, 102.7, 104.3, 106.5, 109.4, 112.9, 116.9, 121.3, 125.9, 130.6, 135.3, 139.9, 144.2, 148.3, 152.1, 155.5, 158.5, 161.1, 163.2, 164.9, 166.1, 166.9, 167.1, 167.0, 166.3, 165.3, 163.9, 162.2, 160.2, 157.9, 155.4, 152.7, 149.9, 147.0, 144.0, 141.0, 138.2, 135.9, 133.9, 132.1, 130.5, 128.8, 127.1, 125.4, 123.7, 121.9, 120.0, 118.2, 116.4, 114.5, 112.7, 111.0, 109.3, 107.6, 106.1, 104.5, 102.6, 100.5, 98.4, 96.4, 95.0, 93.9, 93.0, 92.2, 91.4, 90.7, 90.1, 89.6, 89.1, 88.8, 88.7, 89.0, 89.7, 90.8, 92.4, 94.6, 97.2, 100.3, 103.9, 107.7, 111.6, 115.6, 119.6, 123.4, 127.1, 130.5, 133.7, 136.6, 139.2, 141.4, 143.3, 144.9, 146.0, 146.8, 147.3, 147.4, 147.1, 146.5, 145.6, 144.4, 143.0, 141.3, 139.4, 137.4, 135.2, 132.9, 130.6, 128.1, 125.7, 123.2, 120.7, 118.3, 115.9, 113.5, 111.2, 108.9, 106.7, 104.6, 102.5, 100.5, 98.6, 96.8, 95.0, 93.3, 91.7, 90.2, 88.7, 87.4, 86.1, 84.9, 83.7, 82.7, 81.7, 80.8, 80.0, 79.2, 78.5, 77.9, 77.4, 76.9, 76.5, 76.1, 75.8, 75.6, 75.5, 75.4, 75.3, 75.3, 75.4, 75.6, 75.8, 76.0, 76.3, 76.7, 77.1, 77.5, 78.0, 78.5, 79.1, 79.7, 80.3, 81.0, 81.7, 82.5, 83.3, 84.2, 85.1, 86.0, 87.0, 88.1, 89.2, 90.3, 91.5, 92.7, 94.0, 95.4, 96.8, 98.2, 99.7, 101.1, 102.6, 104.0, 105.4, 106.7, 107.9, 109.0, 110.0, 110.8, 111.5, 112.1, 112.6, 112.9, 113.1, 113.2, 113.2, 113.2, 113.0, 112.8, 112.6, 112.3, 112.0, 111.7, 111.3, 110.9, 110.5, 110.2, 109.8, 109.5, 109.0, 108.2, 107.7, 107.8, 108.5, 110.1, 112.4, 115.4, 119.1, 123.3, 127.9, 132.8, 137.7, 142.6, 147.3, 151.8, 155.9, 159.6, 162.8, 165.4, 167.6, 169.1, 170.1, 170.6, 170.5, 170.0, 169.0, 167.5, 165.8, 163.7, 161.3, 158.8, 156.0, 153.1, 150.2, 147.1, 144.1, 141.0, 138.0, 135.0, 132.2, 129.7, 127.8, 126.2, 124.8, 123.5, 122.2, 120.9, 119.6, 118.3, 116.9, 115.6, 114.2, 112.9, 111.6, 110.3, 109.1, 107.9, 106.7, 105.7, 104.7, 103.7, 102.9, 102.1, 101.4, 100.7, 100.2, 99.7, 99.3, 99.0, 98.7, 98.5, 98.4, 98.4, 98.5, 98.6, 98.8, 99.0, 99.4, 99.8, 100.2, 100.8, 101.4, 102.1, 102.8, 103.6, 104.4, 105.2, 106.0, 106.8, 107.6, 108.5, 109.7, 111.5, 114.0, 117.2, 121.2, 126.0, 131.2, 136.7, 142.3, 147.7, 153.0, 157.9, 162.4, 166.4, 169.9, 173.0, 175.8, 178.4, 180.8, 182.8, 184.2, 185.0, 185.2, 184.8, 183.9, 182.5, 180.7, 178.4, 175.9, 173.0, 170.0, 166.8, 163.5, 160.2, 156.8, 153.3, 150.0, 146.6, 143.3, 140.1, 137.0, 133.9, 131.0, 128.1, 125.4, 122.8, 120.2, 117.2, 114.1, 111.1, 108.1, 105.8, 103.8, 102.1, 100.6, 99.1, 97.8, 96.5, 95.4, 94.3, 93.3, 92.4, 91.6, 90.9, 90.4, 90.1, 90.1, 90.6, 91.5, 92.9, 94.7, 97.1, 100.0, 103.3, 107.1, 111.1, 115.2, 119.3, 123.4, 127.4, 131.1, 134.6, 137.9, 140.8, 143.3, 145.5, 147.2, 148.6, 149.6, 150.1, 150.3, 150.1, 149.5, 148.5, 147.2, 145.7, 143.8, 141.8, 139.5, 137.1, 134.6, 132.0, 129.3, 126.6, 124.0, 121.3, 118.6, 116.0, 113.5, 110.9, 108.5, 106.1, 103.9, 101.6, 99.5, 97.5, 95.5, 93.6, 91.8, 90.1, 88.5, 87.0, 85.5, 84.1, 82.9, 81.7, 80.6, 79.6, 78.6, 77.7, 77.0, 76.2, 75.6, 75.0, 74.5, 74.1, 73.7, 73.4, 73.2, 73.0, 72.9, 72.8, 72.8, 72.9, 73.0, 73.2, 73.4, 73.7, 74.0, 74.3, 74.7, 75.0, 75.4, 75.7, 76.0, 76.2, 76.5, 76.7, 76.9, 77.1, 77.3, 77.4, 77.6, 77.7, 77.9, 78.0, 78.2, 78.3, 78.5, 78.7, 78.9, 79.1, 79.3, 79.6, 79.9, 80.2, 80.5, 80.9, 81.3, 81.8, 82.2, 82.7, 83.3, 83.9, 84.5, 85.1, 85.8, 86.5, 87.3, 88.1, 88.9, 89.8, 90.7, 91.6, 92.6, 93.6, 94.6, 95.5, 96.9, 98.8, 101.2, 103.9, 106.7, 109.3, 111.6, 113.7, 115.7, 117.9, 120.3, 123.1, 126.3, 129.9, 133.9, 138.2, 142.7, 147.1, 151.2, 155.1, 158.5, 161.4, 163.8, 165.6, 166.9, 167.5, 167.6, 167.2, 166.2, 164.9, 163.2, 161.1, 158.7, 156.1, 153.4, 150.4, 147.4, 144.4, 141.3, 138.1, 135.0, 132.0, 129.0, 126.1, 123.7, 122.0, 120.7, 119.6, 118.5, 117.5, 116.5, 115.4, 114.3, 113.1, 111.9, 110.7, 109.5, 108.2, 107.1, 105.9, 104.8, 103.7, 102.7, 101.8, 100.9, 100.1, 99.4, 98.7, 98.1, 97.6, 97.1, 96.8, 96.5, 96.3, 96.1, 96.0, 96.0, 96.1, 96.2, 96.5, 96.7, 97.1, 97.5, 97.9, 98.5, 99.2, 100.4, 102.0, 104.3, 107.3, 111.1, 115.6, 120.6, 125.9, 131.5, 137.1, 142.6, 148.0, 153.1, 157.9, 162.4, 166.4, 170.0, 173.0, 175.6, 177.9, 180.2, 182.6, 184.6, 186.2, 187.3, 187.7, 187.5, 186.7, 185.4, 183.6, 181.4, 178.8, 175.9, 172.8, 169.6, 166.1, 162.5, 158.3, 153.8, 149.3, 144.8, 140.9, 137.4, 134.1, 131.0, 127.9, 125.0, 122.2, 119.5, 117.0, 114.5, 112.2, 110.0, 107.9, 105.9, 104.1, 102.3, 100.7, 99.3, 98.1, 97.3, 97.0, 97.1, 97.7, 98.9, 100.5, 102.7, 105.3, 108.2, 111.3, 114.4, 117.6, 120.8, 123.8, 126.7, 129.3, 131.7, 133.9, 135.8, 137.3, 138.6, 139.5, 140.1, 140.3, 140.3, 139.8, 139.1, 138.1, 136.7, 135.2, 133.3, 131.3, 129.0, 126.7, 124.2, 121.6, 119.0, 116.4, 113.8, 111.1, 108.5, 106.0, 103.5, 101.0, 98.6, 96.3, 94.0, 91.9, 89.8, 87.8, 85.8, 84.0, 82.2, 80.5, 78.9, 77.4, 76.0, 74.6, 73.3, 72.1, 70.9, 69.8, 68.7, 67.7, 66.8, 65.8, 64.9, 64.0, 63.1, 62.2, 61.2, 60.2, 59.2, 58.1, 57.0, 55.9, 54.9, 53.8, 52.8, 51.9, 51.0, 50.1, 49.3, 48.6, 47.9, 47.3, 46.8, 46.3, 45.9, 45.6, 45.3, 45.1, 44.9, 44.8, 44.7, 44.7, 44.8, 44.9, 45.0, 45.2, 45.5, 45.7, 46.0, 46.3, 46.6, 46.9, 47.1, 47.3, 47.4, 47.4, 47.4, 47.2, 46.9, 46.6, 46.1, 45.6, 45.0, 44.3, 43.6, 42.8, 42.0, 41.2, 40.3, 39.5, 38.6, 37.7, 36.8, 36.0, 35.2, 34.3, 33.5, 32.8, 32.0, 31.3, 30.6, 29.9, 29.3, 28.7, 28.2, 27.6, 27.0, 25.5, 23.6, 22.0, 20.9, 20.0, 19.5, 19.0, 18.8, 18.5, 18.4, 18.3, 18.2, 18.1, 18.1, 18.1, 18.1, 18.0, 18.0, 18.0, 18.0, 18.1, 18.5, 19.2, 20.2, 21.6, 23.3, 25.4, 27.8, 30.6, 33.7, 37.1, 40.5, 43.8, 47.1, 50.2, 53.2, 56.0, 58.7, 61.3, 63.8, 66.1, 68.3, 70.5, 72.8, 75.3, 77.6, 79.8, 81.6, 83.1, 84.3, 85.1, 85.5, 85.7, 85.5, 85.0, 84.3, 83.4, 82.3, 81.1, 79.7, 78.3, 76.8, 75.2, 73.6, 71.9, 70.3, 68.6, 66.8, 64.9, 62.9, 60.6, 58.1, 55.6, 53.8, 51.5, 49.8, 47.7, 46.1, 44.0, 42.5, 40.6, 39.3, 37.4, 36.4, 34.8, 33.4, 32.3, 31.1, 30.4, 29.5, 29.5, 29.4, 29.5, 29.6, 30.9, 31.6, 32.7, 34.1, 35.3, 36.8, 37.9, 39.5, 40.4, 42.0, 42.6, 44.5, 44.8, 46.5, 46.7, 48.4, 48.4, 50.2, 50.5, 52.8, 53.8, 56.1, 57.5, 59.4, 60.7, 62.0, 63.0, 64.2, 65.4, 66.8, 68.1, 69.5, 70.9, 72.4, 74.1, 75.9, 77.7, 79.5, 81.3, 83.0, 84.6, 86.2, 87.7, 89.1, 90.4, 91.7, 92.8, 93.9, 94.8, 95.6, 96.2, 96.7, 97.1, 97.3, 97.4, 97.3, 97.2, 97.1, 97.3, 97.6, 98.3, 99.4, 100.8, 102.6, 104.8, 107.4, 110.2, 113.2, 116.3, 119.3, 122.1, 124.7, 127.1, 129.3, 131.1, 132.5, 133.7, 134.5, 134.9, 135.0, 134.8, 134.3, 133.4, 132.3, 130.9, 129.3, 127.5, 125.6, 123.5, 121.3, 119.0, 116.7, 114.4, 112.0, 109.7, 107.3, 105.0, 102.8, 100.6, 98.4, 96.3, 94.2, 92.3, 90.4, 88.5, 86.8, 85.1, 83.5, 81.9, 80.5, 79.1, 77.7, 76.5, 75.3, 74.2, 73.2, 72.3, 71.4, 70.6, 69.8, 69.1, 68.5, 67.9, 67.4, 66.9, 66.4, 66.0, 65.7, 65.3, 65.1, 64.8, 64.6, 64.4, 64.3, 64.3, 64.2, 64.3, 64.3, 64.5, 64.7, 64.9, 65.2, 65.6, 66.0, 66.4, 66.8, 67.2, 67.6, 68.0, 68.4, 68.8, 69.2, 69.5, 69.8, 70.1, 70.4, 70.7, 71.0, 71.2, 71.5, 71.8, 72.0, 72.3, 72.6, 72.9, 73.3, 73.6, 74.0, 74.4, 74.8, 75.2, 75.7, 76.2, 76.7, 77.2, 77.8, 78.5, 79.1, 79.8, 80.5, 81.3, 82.1, 82.9, 83.8, 84.7, 85.6, 86.6, 87.6, 88.7, 89.7, 90.9, 92.0, 93.2, 94.4, 95.6, 97.4, 99.7, 102.5, 105.6, 108.8, 111.7, 114.4, 116.9, 119.5, 122.3, 125.6, 129.3, 133.5, 138.3, 143.4, 148.7, 154.0, 159.1, 163.9, 168.2, 172.1, 175.4, 178.0, 180.1, 181.5, 182.3, 182.5, 182.2, 181.3, 179.9, 178.1, 175.9, 173.4, 170.7, 167.7, 164.6, 161.3, 158.0, 154.6, 151.1, 147.7, 144.3, 141.0, 137.7, 134.5, 131.4, 128.4, 125.5, 122.8, 120.1, 117.5, 115.1, 112.8, 110.6, 108.9, 107.8, 107.1, 106.6, 106.1, 105.7, 105.4, 105.0, 104.5, 104.1, 103.7, 103.2, 102.8, 102.4, 102.0, 101.9, 102.2, 102.8, 103.8, 105.3, 107.4, 109.9, 112.9, 116.3, 120.3, 124.5, 129.0, 133.5, 137.9, 142.3, 146.4, 150.2, 153.6, 156.7, 159.4, 161.6, 163.4, 164.7, 165.6, 166.0, 165.9, 165.4, 164.5, 163.2, 161.5, 159.5, 157.3, 154.8, 152.1, 149.3, 146.3, 143.3, 140.2, 137.1, 134.0, 131.0, 127.9, 124.9, 122.0, 119.2, 116.4, 113.7, 111.3, 109.1, 107.4, 105.9, 104.7, 103.5, 102.4, 101.3, 100.2, 99.0, 97.9, 96.8, 95.7, 94.6, 93.6, 92.6, 91.6, 90.7, 89.9, 89.1, 88.3, 87.2, 85.9, 84.7, 83.5, 82.8, 82.4, 82.1, 82.0, 81.8, 81.8, 81.8, 81.9, 82.1, 82.5, 83.1, 84.1, 85.4, 87.0, 89.0, 91.4, 94.1, 97.2, 100.5, 103.9, 107.4, 110.8, 114.0, 117.1, 119.9, 122.4, 124.6, 126.5, 128.0, 129.1, 129.8, 130.2, 130.3, 130.0, 129.4, 128.6, 127.5, 126.2, 124.7, 123.1, 121.4, 119.5, 117.6, 115.7, 113.7, 111.7, 109.7, 107.7, 105.7, 103.8, 101.9, 100.1, 98.3, 96.6, 94.9, 93.3, 91.8, 90.4, 89.0, 87.7, 86.5, 85.3, 84.2, 83.2, 82.3, 81.4, 80.7, 79.9, 79.3, 78.7, 78.2, 77.8, 77.4, 77.1, 76.8, 76.6, 76.5, 76.4, 76.4, 76.5, 76.6, 76.7, 77.0, 77.3, 77.6, 78.0, 78.4, 78.9, 79.5, 80.1, 80.8, 81.5, 82.3, 83.2, 84.1, 85.0, 86.1, 87.1, 88.3, 89.5, 90.7, 92.0, 93.4, 94.9, 96.3, 97.9, 99.4, 101.0, 102.6, 104.1, 105.6, 107.0, 108.3, 109.5, 110.6, 111.5, 112.2, 112.8, 113.3, 113.7, 113.9, 114.0, 114.0, 114.0, 113.8, 113.6, 113.3, 113.0, 112.6, 112.2, 111.8, 111.4, 111.0, 110.6, 110.2, 109.9, 109.5, 109.2, 108.9, 108.7, 108.5, 108.4, 108.3, 108.3, 108.6, 109.3, 110.2, 111.8, 114.4, 118.0, 122.4, 127.5, 133.2, 139.2, 145.4, 151.3, 157.0, 162.4, 167.4, 171.8, 175.8, 179.1, 181.8, 183.9, 185.3, 186.1, 186.3, 185.9, 185.0, 183.5, 181.6, 179.4, 176.7, 173.8, 170.7, 167.4, 164.0, 160.5, 156.9, 153.3, 149.7, 146.1, 142.6, 139.1, 135.7, 132.4, 129.3, 126.2, 123.2, 120.4, 117.7, 115.1, 112.6, 110.3, 108.3, 106.9, 106.0, 105.5, 105.1, 104.8, 104.4, 104.1, 103.7, 103.3, 102.9, 102.5, 102.0, 101.6, 101.1, 100.7, 100.3, 100.0, 99.7, 99.4, 99.2, 99.0, 98.9, 98.9, 98.9, 99.0, 99.2, 99.4, 99.7, 100.0, 100.5, 101.0, 101.5, 102.1, 102.8, 103.6, 104.3, 105.1, 105.9, 106.6, 107.3

Insulin Readings (mU/minute, every 5 minutes): 7080 readings
  Values: 3.3E-05, 3.8E-05, 5.9E-08, 6.9E-07, 1.7E-08, 7.5E-08, 7.5E-08, 1.5E-06, 5.6E-08, 1.2E-06, 8.8E+01, 1.1E+02, 8.3E+01, 4.5E+01, 7.7E+00, 7.7E+00, 9.4E+00, 3.0E+01, 1.6E+00, 4.4E+00, 1.5E+01, 8.9E+00, 1.4E+01, 1.4E+01, 1.5E+01, 1.6E+01, 1.7E+01, 1.7E+01, 1.3E+01, 2.1E+01, 2.0E+01, 2.9E+01, 8.2E+00, 1.2E+01, 1.6E+01, 2.9E+01, 2.1E+01, 3.1E+01, 9.1E+00, 1.8E+01, 1.9E+01, 1.8E+01, 1.7E+01, 2.2E+01, 1.6E+01, 2.2E+01, 1.6E+01, 2.1E+01, 1.7E+01, 2.1E+01, 1.6E+01, 2.3E+01, 1.5E+01, 2.1E+01, 1.8E+01, 1.8E+01, 2.0E+01, 2.0E+01, 1.8E+01, 1.9E+01, 1.7E+01, 2.0E+01, 2.0E+01, 1.8E+01, 1.9E+01, 1.2E+01, 2.5E+01, 1.8E+01, 2.0E+01, 1.9E+01, 2.6E+01, 1.5E+01, 1.5E+01, 1.9E+01, 1.2E+01, 2.4E+01, 2.6E+01, 1.0E+02, 1.0E+02, 1.0E+02, 1.0E+02, 1.0E+02, 1.0E+02, 1.0E+02, 1.0E+02, 1.0E+02, 1.0E+02, 1.0E+02, 1.0E+02, 1.0E+02, 1.0E+02, 1.0E+02, 1.0E+02, 1.0E+02, 1.0E+02, 1.0E+02, 1.0E+02, 4.7E+01, 2.5E-07, 1.1E-07, 7.7E-08, 6.2E-08, 5.5E-08, 5.7E-08, 6.0E-08, 6.4E-08, 6.7E-08, 5.7E-08, 6.0E-08, 6.7E-08, 7.3E-08, 7.8E-08, 8.3E-08, 8.5E-08, 8.4E-08, 8.0E-08, 7.4E-08, 6.4E-08, 5.2E-08, 4.0E-08, 2.8E-08, 5.4E-08, 8.9E-08, 1.1E-07, 1.2E-07, 1.1E-07, 1.1E-07, 2.1E-07, 2.0E-07, 1.3E-07, 1.1E-07, 9.2E-08, 8.3E-08, 8.1E-08, 1.6E-07, 1.9E-07, 1.3E-07, 1.8E-07, 1.9E-07, 3.3E-07, 3.9E-08, 1.1E-08, 2.1E-07, 8.4E-09, 4.6E-09, 9.4E-10, 2.7E-08, 7.1E-08, 1.1E-06, 7.7E+00, 1.7E-07, 1.0E+02, 1.2E+02, 1.2E+02, 1.2E+02, 1.2E+02, 1.2E+02, 1.2E+01, 7.8E+00, 1.2E+02, 1.2E+02, 1.2E+02, 1.0E+02, 1.0E+02, 1.0E+02, 1.0E+02, 1.0E+02, 1.0E+02, 1.0E+02, 1.0E+02, 1.0E+02, 1.0E+02, 1.0E+02, 1.0E+02, 1.0E+02, 1.0E+02, 1.0E+02, 1.0E+02, 1.0E+02, 1.2E+02, 1.3E+01, 4.4E-07, 3.4E-06, 3.0E-06, 2.1E-07, 4.5E-07, 1.3E-06, 3.4E-07, 5.6E-07, 7.2E-07, 6.1E-07, 4.3E-06, 3.7E-06, 8.9E-06, 3.6E-06, 4.0E-06, 2.3E-05, 1.3E-06, 1.9E-06, 2.6E-06, 1.3E-05, 4.2E-07, 1.2E-06, 1.4E-05, 4.6E-06, 8.1E-06, 1.2E-05, 1.7E-05, 2.0E-05, 2.1E-05, 2.1E-05, 2.0E-05, 1.9E-05, 1.7E-05, 1.4E-05, 8.7E-06, 6.4E-06, 7.8E-06, 7.4E-06, 2.3E-06, 6.7E-07, 4.7E-07, 1.9E-06, 1.4E-06, 9.4E-07, 5.9E-07, 3.3E-07, 6.1E-06, 3.3E-07, 3.5E-07, 2.8E-07, 3.5E-07, 4.1E-07, 1.1E-06, 1.2E+02, 1.2E+02, 1.2E+02, 1.2E+02, 1.2E+02, 1.2E+02, 1.2E+02, 1.2E+02, 1.2E+02, 1.2E+02, 1.2E+02, 1.0E+02, 1.0E+02, 1.0E+02, 1.0E+02, 1.0E+02, 1.0E+02, 1.0E+02, 1.0E+02, 1.0E+02, 1.0E+02, 1.0E+02, 1.0E+02, 1.0E+02, 3.4E+01, 5.2E-07, 1.6E-07, 3.8E-08, 1.6E-08, 1.9E-08, 4.0E-08, 6.0E-08, 1.6E-06, 2.8E-06, 5.7E-06, 5.4E-07, 2.2E-06, 6.8E-06, 6.1E-07, 4.1E-06, 2.0E-06, 5.3E-06, 1.5E-05, 4.0E-07, 2.5E-06, 1.3E-05, 1.7E-05, 2.0E-05, 2.0E-05, 2.3E-05, 3.9E-05, 4.0E-05, 3.6E-05, 3.0E-06, 2.4E-06, 1.2E-06, 2.5E-06, 1.0E-06, 2.7E-05, 1.6E-05, 1.0E-05, 8.4E-06, 5.7E-06, 6.2E-07, 5.1E-07, 2.2E-05, 1.7E-06, 1.0E-06, 6.3E-07, 1.1E-06, 2.0E-07, 5.6E-07, 1.9E-07, 1.4E-07, 2.3E-07, 2.9E-07, 1.8E-07, 1.7E-07, 1.5E-07, 8.2E-07, 9.6E-07, 1.6E-06, 5.1E-07, 2.8E-07, 2.2E-07, 1.1E-06, 8.9E-07, 3.7E-07, 2.1E-06, 1.7E-06, 1.7E-07, 2.2E-07, 1.6E-07, 1.2E+02, 1.2E+02, 1.2E+02, 1.2E+02, 1.2E+02, 1.2E+02, 1.2E+02, 1.2E+02, 1.2E+02, 5.6E-01, 3.2E-06, 6.7E-07, 4.0E-07, 3.5E-07, 3.4E-07, 3.4E-07, 3.9E-07, 2.9E-07, 3.0E-07, 3.1E-07, 7.9E-07, 7.7E-07, 2.9E-07, 3.2E-07, 3.1E-07, 3.2E-07, 4.3E-07, 2.4E-07, 4.7E-07, 2.3E-07, 2.4E-07, 4.9E-07, 5.9E-07, 7.0E-07, 1.4E-06, 2.2E+01, 1.2E+02, 1.2E+02, 4.7E-01, 6.0E+01, 1.4E-07, 7.5E+00, 6.2E+01, 4.9E+01, 4.5E+01, 3.3E+01, 1.2E+02, 1.2E+02, 1.2E+02, 1.2E+02, 1.2E+02, 1.2E+02, 1.2E+02, 1.2E+02, 1.2E+02, 1.2E+02, 1.2E+02, 1.2E+02, 1.2E+02, 1.2E+02, 1.2E+02, 1.2E+02, 1.0E+02, 1.0E+02, 1.0E+02, 9.8E+01, 1.2E-07, 6.6E-08, 4.7E-08, 3.9E-08, 3.4E-08, 3.1E-08, 2.9E-08, 2.7E-08, 2.3E-08, 1.6E-08, 3.4E-08, 2.2E-08, 2.6E-08, 8.3E-08, 6.3E-07, 3.0E-06, 5.5E-08, 4.1E-07, 2.9E-06, 5.2E-06, 3.8E-07, 1.7E-06, 6.6E-06, 1.5E-06, 5.9E-06, 1.5E-05, 9.0E-07, 1.2E-06, 1.2E-06, 9.2E-06, 3.5E-06, 3.9E-06, 7.9E-06, 5.9E-06, 4.6E-06, 7.1E-06, 4.5E-06, 1.9E-05, 8.2E-07, 2.9E-06, 2.1E-05, 1.0E-05, 1.3E-06, 1.1E-06, 1.9E-07, 7.3E-06, 6.7E-07, 1.8E-07, 7.2E-08, 3.1E-06, 2.0E-05, 1.0E+02, 1.0E+02, 1.0E+02, 1.0E+02, 1.0E+02, 1.0E+02, 1.0E+02, 1.0E+02, 1.0E+02, 1.0E+02, 1.0E+02, 1.0E+02, 1.0E+02, 1.0E+02, 1.0E+02, 1.0E+02, 1.0E+02, 1.0E+02, 1.0E+02, 1.0E+02, 1.0E+02, 1.0E+02, 1.0E+02, 1.5E-05, 7.7E+00, 7.7E+00, 1.5E-05, 1.3E-06, 1.6E-07, 8.2E-07, 4.5E-07, 1.6E-07, 4.1E-07, 6.8E-06, 6.1E-06, 1.1E-05, 2.7E-07, 3.0E-06, 2.7E-06, 4.8E-06, 1.3E-05, 5.7E-07, 6.5E-06, 2.5E-06, 2.0E-06, 2.0E-06, 2.2E-06, 7.7E+00, 7.7E+00, 7.7E+00, 7.7E+00, 7.7E+00, 2.2E-06, 2.0E-06, 1.8E-06, 1.7E-06, 1.5E-06, 1.2E-06, 8.7E-07, 5.8E-07, 2.9E-07, 8.1E-06, 6.0E-06, 1.7E-06, 2.1E-07, 4.1E-06, 1.2E+02, 1.2E+02, 1.2E+02, 1.2E+02, 1.2E+02, 1.2E+02, 1.2E+02, 1.2E+02, 1.2E+02, 1.2E+02, 1.2E+02, 1.2E+02, 1.2E+02, 1.2E+02, 1.2E+02, 1.2E+02, 1.2E+02, 1.2E+02, 1.2E+02, 1.2E+02, 1.2E+02, 1.2E+02, 1.2E+02, 7.7E+00, 7.7E+00, 7.7E+00, 7.7E+00, 7.7E+00, 7.7E+00, 7.7E+00, 7.7E+00, 1.8E-06, 1.7E-06, 1.7E-05, 1.5E-06, 2.3E-05, 3.3E-05, 3.5E-06, 9.4E-07, 5.8E-06, 8.2E-07, 3.7E-06, 1.5E-06, 2.1E-06, 2.5E-06, 5.4E-08, 3.9E-08, 4.0E-07, 1.1E-06, 2.0E-06, 4.8E-06, 3.5E-06, 8.0E-07, 4.1E-06, 8.3E-07, 8.8E-07, 2.3E-06, 9.1E-08, 1.2E-07, 2.5E-08, 5.6E-07, 1.1E-07, 2.0E-07, 4.3E-08, 4.3E-06, 2.8E-06, 1.4E-06, 4.6E-07, 7.1E-06, 8.5E-07, 1.7E-07, 4.2E-07, 8.2E-08, 2.7E-06, 6.4E-07, 3.1E-07, 1.4E-06, 4.4E-07, 1.0E+02, 1.0E+02, 1.0E+02, 1.2E+02, 1.2E+02, 1.2E+02, 1.2E+02, 1.7E-05, 9.5E-07, 7.1E-07, 1.5E-06, 3.7E-07, 5.6E-07, 2.7E-07, 2.8E-07, 4.5E-07, 5.7E-07, 5.5E-07, 5.3E-07, 5.3E-07, 4.8E-07, 4.9E-07, 4.9E-07, 5.0E-07, 5.2E-07, 5.6E-07, 6.5E-07, 6.2E-07, 6.5E-07, 6.8E-07, 7.7E+00, 7.7E+00, 7.7E+00, 7.7E+00, 7.7E+00, 7.7E+00, 7.7E+00, 7.7E+00, 7.7E+00, 7.7E+00, 7.7E+00, 7.7E+00, 2.6E-07, 1.0E-06, 4.6E-07, 1.7E-06, 5.2E-07, 1.4E-06, 3.1E-07, 1.6E-06, 1.2E-06, 7.7E+00, 7.7E+00, 7.7E+00, 7.7E+00, 7.7E+00, 7.7E+00, 7.7E+00, 7.7E+00, 1.2E+02, 1.2E+02, 1.2E+02, 1.2E+02, 1.2E+02, 1.2E+02, 1.2E+02, 1.2E+02, 1.2E+02, 1.2E+02, 1.2E+02, 1.2E+02, 1.2E+02, 1.2E+02, 1.2E+02, 1.2E+02, 1.2E+02, 1.2E+02, 1.2E+02, 1.2E+02, 1.2E+02, 1.2E+02, 1.2E+02, 1.2E+02, 1.2E+02, 6.9E-06, 3.9E-07, 7.7E+00, 7.7E+00, 7.7E+00, 7.7E+00, 7.7E+00, 7.7E+00, 7.7E+00, 7.7E+00, 7.7E+00, 7.7E+00, 7.7E+00, 7.7E+00, 7.7E+00, 7.7E+00, 7.0E-08, 7.8E-08, 1.4E-06, 2.8E-06, 5.9E-06, 1.5E-07, 3.1E-06, 1.8E-05, 6.3E-07, 1.5E-06, 2.1E-06, 4.1E-06, 9.8E-06, 2.0E-05, 5.5E-07, 1.2E-06, 2.3E-06, 1.3E-05, 4.3E-06, 5.5E-06, 6.8E-06, 6.6E-06, 8.5E-06, 7.4E-06, 6.0E-06, 2.2E-06, 4.7E-07, 3.7E-07, 1.8E-05, 7.6E-06, 1.4E-06, 1.0E-06, 2.3E-06, 1.9E-07, 6.9E-06, 2.1E-06, 1.2E-07, 5.6E-08, 2.9E-08, 7.5E-08, 9.5E-08, 2.3E-07, 2.5E-09, 2.1E-07, 7.8E-08, 4.4E-08, 7.7E+00, 7.7E+00, 7.7E+00, 5.1E-07, 9.4E-07, 1.8E-07, 1.6E-07, 8.8E+01, 1.2E+02, 1.2E+02, 1.2E+02, 1.2E+02, 1.2E+02, 1.2E+02, 1.2E+02, 1.2E+02, 1.2E+02, 1.2E+02, 1.2E+02, 1.2E+02, 1.2E+02, 1.2E+02, 1.2E+02, 1.2E+02, 1.2E+02, 1.2E+02, 1.2E+02, 1.2E+02, 1.2E+02, 1.2E+02, 1.2E+02, 1.2E+02, 1.2E+02, 2.7E+01, 8.0E-07, 2.4E-06, 2.7E-07, 2.5E-07, 2.4E-07, 2.2E-07, 2.0E-07, 2.0E-07, 2.1E-07, 2.3E-07, 2.6E-07, 4.2E-06, 3.3E-06, 4.1E-07, 3.5E-06, 9.6E-06, 8.4E-07, 2.4E-06, 2.7E-06, 9.2E-06, 6.7E-07, 1.5E-06, 1.5E-05, 1.3E-05, 7.7E+00, 7.7E+00, 7.7E+00, 7.7E+00, 7.7E+00, 7.7E+00, 7.7E+00, 1.5E-06, 2.2E-06, 2.1E-06, 2.0E-06, 1.6E-06, 7.7E+00, 7.7E+00, 7.7E+00, 7.7E+00, 7.7E+00, 7.7E+00, 1.2E+02, 1.2E+02, 1.0E+02, 1.0E+02, 1.0E+02, 1.0E+02, 1.0E+02, 1.0E+02, 1.0E+02, 1.0E+02, 1.0E+02, 1.0E+02, 1.0E+02, 1.0E+02, 1.0E+02, 1.0E+02, 1.0E+02, 1.0E+02, 1.0E+02, 1.0E+02, 1.0E+02, 1.0E+02, 1.0E+02, 1.0E+02, 1.7E-07, 4.9E-07, 9.7E-06, 6.9E-06, 3.9E-07, 1.1E-05, 3.1E-05, 3.1E-05, 4.0E-05, 2.5E-07, 1.6E-05, 1.3E-06, 1.9E-06, 2.5E-06, 2.8E-06, 3.2E-06, 4.3E-08, 1.2E-07, 2.2E-06, 4.8E-08, 2.1E-07, 1.3E-06, 7.7E+00, 7.7E+00, 7.7E+00, 7.7E+00, 7.7E+00, 7.7E+00, 7.7E+00, 7.7E+00, 7.7E+00, 9.3E-07, 1.5E-07, 9.0E-07, 1.4E-07, 9.6E-07, 6.3E-07, 2.8E-07, 3.4E-06, 3.7E-06, 1.6E-06, 6.0E-07, 5.7E-06, 3.5E-06, 1.3E-05, 8.3E-07, 4.3E-07, 6.3E-06, 1.8E-06, 7.2E-07, 4.0E-07, 7.3E-07, 4.6E-07, 1.2E+02, 1.2E+02, 1.2E+02, 1.2E+02, 1.2E+02, 1.2E+02, 1.2E+02, 2.4E-06, 7.4E-01, 7.7E+00, 7.7E+00, 7.7E+00, 7.7E+00, 7.7E+00, 7.7E+00, 7.7E+00, 7.7E+00, 3.7E-07, 7.7E+00, 7.7E+00, 7.7E+00, 7.7E+00, 7.7E+00, 7.7E+00, 7.7E+00, 7.7E+00, 7.7E+00, 3.6E-07, 3.5E-07, 8.0E-07, 7.0E-07, 3.8E-07, 4.0E-07, 4.0E-07, 4.5E-07, 4.8E-07, 7.7E+00, 7.7E+00, 7.7E+00, 7.7E+00, 7.7E+00, 7.7E+00, 7.7E+00, 7.7E+00, 7.7E+00, 7.7E+00, 7.7E+00, 7.7E+00, 7.7E+00, 7.7E+00, 7.7E+00, 7.7E+00, 7.7E+00, 7.7E+00, 7.7E+00, 1.9E-07, 2.7E-07, 4.1E-07, 5.0E-08, 1.8E-05, 7.1E-06, 3.1E+01, 1.2E+02, 1.2E+02, 1.2E+02, 1.2E+02, 1.0E+02, 1.0E+02, 1.0E+02, 1.0E+02, 1.0E+02, 1.0E+02, 1.0E+02, 1.0E+02, 1.0E+02, 1.0E+02, 1.0E+02, 1.0E+02, 1.0E+02, 1.0E+02, 1.0E+02, 1.0E+02, 1.0E+02, 1.0E+02, 1.0E+02, 5.4E-07, 1.4E-07, 8.3E-08, 6.3E-08, 5.4E-08, 4.8E-08, 4.9E-08, 5.4E-08, 5.9E-08, 6.3E-08, 6.7E-08, 5.8E-08, 6.5E-08, 7.2E-08, 7.9E-08, 8.6E-08, 9.1E-08, 9.3E-08, 9.2E-08, 8.4E-08, 7.0E-08, 5.2E-08, 4.5E-08, 5.2E-08, 7.5E-08, 8.5E-08, 8.2E-08, 7.6E-08, 8.4E-08, 8.1E-08, 8.7E-08, 7.3E-08, 7.4E-08, 9.0E-08, 2.6E-07, 2.7E-07, 7.7E+00, 3.6E-07, 2.7E-07, 3.0E-07, 3.6E-07, 4.0E-07, 7.7E+00, 7.7E+00, 7.7E+00, 7.7E+00, 7.7E+00, 7.7E+00, 7.7E+00, 7.7E+00, 7.7E+00, 1.2E+02, 1.2E+02, 1.2E+02, 1.2E+02, 1.2E+02, 1.2E+02, 1.2E+02, 1.2E+02, 1.2E+02, 1.2E+02, 1.2E+02, 1.2E+02, 1.2E+02, 1.2E+02, 1.0E+02, 1.0E+02, 1.0E+02, 1.0E+02, 1.0E+02, 1.0E+02, 1.0E+02, 1.0E+02, 1.0E+02, 1.0E+02, 1.0E+02, 5.2E-06, 2.4E-07, 1.0E-07, 3.8E-08, 1.9E-08, 2.1E-08, 2.7E-08, 5.1E-08, 6.9E-07, 3.4E-06, 5.2E-06, 1.2E-06, 3.1E-06, 8.7E-06, 5.5E-07, 1.7E-06, 6.1E-06, 3.2E-07, 1.4E-06, 5.1E-06, 5.3E-05, 1.5E-05, 2.4E-05, 3.6E-05, 3.7E-05, 1.5E-06, 4.0E-05, 4.3E-05, 5.4E-05, 7.2E-07, 7.6E-07, 7.5E-07, 7.6E-07, 6.9E-05, 5.8E-05, 4.2E-05, 3.1E-05, 2.5E-05, 1.8E-05, 1.6E-06, 5.4E-06, 5.1E-06, 6.5E-07, 5.6E-07, 1.4E-05, 1.3E-06, 7.9E-07, 8.2E-07, 1.2E+02, 1.2E+02, 1.2E+02, 1.2E+02, 1.2E+02, 1.2E+02, 1.2E+02, 1.2E+02, 1.2E+02, 1.2E+02, 1.2E+02, 1.2E+02, 1.2E+02, 1.2E+02, 1.2E+02, 1.2E+02, 1.2E+02, 1.2E+02, 1.2E+02, 1.2E+02, 1.2E+02, 1.2E+02, 1.2E+02, 1.2E+02, 6.3E-07, 1.5E-07, 7.7E+00, 7.7E+00, 7.7E+00, 7.7E+00, 7.7E+00, 7.7E+00, 7.7E+00, 7.7E+00, 7.7E+00, 7.7E+00, 7.7E+00, 7.7E+00, 7.7E+00, 7.7E+00, 7.7E+00, 7.7E+00, 2.0E-06, 3.2E-06, 5.7E-06, 1.2E-06, 1.4E-05, 2.5E-06, 4.7E-06, 1.7E-05, 4.1E-06, 7.3E-05, 1.7E-06, 6.5E-05, 3.7E-06, 1.0E-05, 1.4E-06, 1.3E-06, 6.4E-05, 4.9E-05, 8.5E-05, 1.3E-06, 1.3E-06, 7.2E-07, 9.2E-07, 1.0E-06, 5.8E-07, 6.9E-07, 2.7E-07, 3.6E-06, 1.3E-06, 5.4E-07, 3.2E-07, 3.1E-07, 1.1E-06, 8.3E-07, 4.3E-06, 2.0E-06, 7.3E-07, 6.1E-07, 2.5E-06, 1.2E+02, 1.2E+02, 1.2E+02, 1.2E+02, 1.2E+02, 1.2E+02, 1.2E+02, 1.2E+02, 3.4E-05, 7.6E-07, 5.4E-07, 1.1E-06, 4.8E-07, 1.9E-07, 2.0E-07, 4.6E-07, 4.1E-07, 7.8E-07, 6.8E-06, 1.1E-06, 7.4E-07, 8.0E-06, 7.7E+00, 7.7E+00, 7.7E+00, 7.7E+00, 7.7E+00, 7.7E+00, 7.7E+00, 7.7E+00, 7.7E-07, 6.7E-07, 5.6E-07, 4.0E-07, 3.9E-07, 7.7E+00, 7.7E+00, 7.7E+00, 7.7E+00, 7.7E+00, 7.7E+00, 7.7E+00, 7.7E+00, 7.1E-07, 7.1E-07, 8.5E-07, 4.8E-07, 7.7E+00, 7.7E+00, 7.7E+00, 7.7E+00, 7.7E+00, 7.7E+00, 7.7E+00, 7.7E+00, 8.9E-09, 1.8E-08, 2.0E-08, 1.9E-08, 2.2E-07, 6.7E-07, 2.8E-08, 1.8E-07, 8.2E-07, 1.4E-06, 1.6E-07, 2.8E-07, 8.1E-06, 1.0E+02, 1.0E+02, 1.0E+02, 1.0E+02, 1.0E+02, 1.0E+02, 1.0E+02, 1.0E+02, 1.0E+02, 1.0E+02, 1.0E+02, 1.0E+02, 1.0E+02, 1.0E+02, 1.0E+02, 1.0E+02, 1.0E+02, 1.0E+02, 1.0E+02, 1.0E+02, 1.0E+02, 1.0E+02, 1.0E+02, 1.0E+02, 1.0E+02, 7.5E+01, 1.9E-07, 9.5E-08, 7.1E-08, 6.2E-08, 5.8E-08, 5.7E-08, 6.0E-08, 6.4E-08, 6.8E-08, 7.4E-08, 9.3E-08, 1.2E-07, 1.5E-07, 1.9E-07, 2.4E-07, 2.8E-07, 3.2E-07, 3.3E-07, 2.2E-07, 2.1E-07, 1.8E-07, 1.5E-07, 1.3E-07, 1.2E-07, 1.4E-07, 6.3E-08, 8.0E-08, 5.4E-07, 8.8E-07, 7.2E-07, 1.1E-06, 5.0E-06, 2.3E-06, 9.2E-06, 1.5E-05, 2.0E-06, 6.9E-07, 9.5E-07, 2.2E-07, 6.1E-07, 4.5E-07, 7.7E+00, 7.7E+00, 7.7E+00, 7.7E+00, 7.7E+00, 1.2E+02, 1.2E+02, 1.2E+02, 1.2E+02, 1.2E+02, 1.2E+02, 1.0E+02, 1.0E+02, 1.0E+02, 1.0E+02, 1.0E+02, 1.0E+02, 1.0E+02, 1.0E+02, 1.0E+02, 1.0E+02, 1.0E+02, 1.0E+02, 1.0E+02, 1.0E+02, 1.0E+02, 1.0E+02, 1.0E+02, 1.0E+02, 1.0E+02, 7.5E-07, 1.1E-07, 3.2E-08, 2.1E-08, 2.7E-08, 4.6E-08, 6.2E-08, 2.7E-06, 2.9E-06, 6.3E-06, 1.1E-07, 3.1E-06, 4.4E-06, 4.0E-07, 2.3E-06, 2.0E-06, 6.0E-06, 1.4E-05, 3.7E-07, 7.7E+00, 7.7E+00, 7.7E+00, 7.7E+00, 7.7E+00, 2.3E-05, 2.6E-05, 3.9E-05, 1.2E-06, 4.1E-05, 4.1E-05, 2.3E-05, 1.4E-05, 4.6E-06, 5.6E-07, 1.2E-07, 1.2E+02, 1.2E+02, 1.2E+02, 1.2E+02, 1.2E+02, 1.2E+02, 1.2E+02, 1.2E+02, 1.2E+02, 1.2E+02, 1.2E+02, 1.2E+02, 1.2E+02, 1.2E+02, 1.2E+02, 1.2E+02, 1.2E+02, 1.2E+02, 1.2E+02, 7.7E+00, 7.7E+00, 7.7E+00, 7.7E+00, 7.7E+00, 7.7E+00, 7.7E+00, 7.7E+00, 7.7E+00, 7.7E+00, 7.7E+00, 7.7E+00, 7.7E+00, 7.7E+00, 3.1E-06, 5.1E-06, 7.4E-07, 8.9E-08, 1.3E-07, 1.0E-06, 1.8E-06, 5.3E-05, 2.9E-06, 1.9E-05, 3.5E-05, 3.9E-05, 4.1E-05, 3.2E-07, 4.1E-07, 4.1E-05, 3.8E-07, 3.8E-07, 4.0E-05, 4.0E-05, 3.6E-05, 1.1E-05, 7.1E-07, 6.0E-05, 9.7E-07, 5.6E-07, 5.1E-07, 8.5E-07, 3.6E-07, 6.3E-08, 1.9E-07, 4.0E-07, 4.1E-06, 3.2E-06, 4.0E-06, 3.5E-06, 2.4E-06, 2.1E-06, 1.8E-06, 1.4E-06, 1.4E-06, 1.4E-06, 1.2E-06, 5.1E-07, 1.0E-05, 8.7E-06, 5.1E-06, 2.9E-06, 3.0E-06, 2.0E-05, 3.6E-07, 1.1E-05, 4.9E-06, 1.0E-06, 1.3E-06, 3.0E-07, 6.3E-07, 3.1E-06, 2.4E-07, 1.2E+02, 1.2E+02, 1.2E+02, 1.2E+02, 7.6E-04, 2.2E-06, 9.3E-07, 1.8E-07, 2.0E-06, 5.2E-07, 8.7E-07, 6.8E-07, 2.0E-07, 2.0E-07, 4.2E-07, 4.1E-07, 4.5E-07, 5.0E-07, 5.3E-07, 5.3E-07, 5.3E-07, 5.3E-07, 5.3E-07, 5.2E-07, 4.9E-07, 4.6E-07, 5.2E-07, 5.3E-07, 5.7E-07, 6.4E-07, 1.0E-06, 4.4E-07, 5.0E-07, 6.2E-07, 7.2E-07, 9.3E-08, 6.4E-08, 2.0E-08, 3.0E-08, 1.8E-07, 2.0E-07, 4.3E-06, 7.6E-07, 1.7E-06, 3.1E-06, 7.2E+01, 1.2E+02, 1.2E+02, 1.2E+02, 1.2E+02, 1.2E+02, 1.2E+02, 1.2E+02, 1.2E+02, 1.2E+02, 1.0E+02, 1.0E+02, 4.6E+01, 1.0E+02, 1.0E+02, 1.0E+02, 1.0E+02, 1.0E+02, 1.0E+02, 1.2E+02, 1.2E+02, 1.2E+02, 1.2E+02, 1.2E+02, 1.2E+02, 1.2E+02, 1.2E+02, 1.2E+02, 1.2E+02, 4.2E+01, 7.7E+00, 7.7E+00, 7.7E+00, 4.7E-08, 4.2E-08, 4.0E-08, 4.1E-08, 2.3E-08, 2.3E-08, 2.4E-08, 2.4E-08, 2.3E-08, 2.0E-08, 3.4E-08, 1.4E-08, 5.3E-08, 7.6E-08, 9.2E-08, 2.9E-06, 3.5E-06, 7.6E-08, 1.9E-06, 2.1E-06, 6.1E-06, 3.6E-07, 1.1E-06, 1.7E-06, 2.1E-06, 3.5E-06, 7.3E-06, 1.4E-05, 2.2E-05, 3.5E-07, 4.8E-07, 8.0E-06, 4.5E-07, 4.8E-07, 4.1E-07, 2.3E-05, 1.7E-05, 9.9E-06, 1.6E-06, 1.6E-06, 1.3E-06, 7.7E-07, 4.0E-07, 2.1E-07, 3.8E-07, 2.4E-06, 1.6E-07, 1.0E-07, 1.2E+02, 1.2E+02, 1.2E+02, 1.2E+02, 1.2E+02, 1.2E+02, 1.2E+02, 1.2E+02, 1.2E+02, 1.2E+02, 1.2E+02, 1.2E+02, 1.2E+02, 1.2E+02, 1.2E+02, 1.2E+02, 1.2E+02, 1.2E+02, 1.2E+02, 1.2E+02, 7.7E+00, 7.7E+00, 7.7E+00, 7.7E+00, 7.7E+00, 7.7E+00, 7.7E+00, 7.7E+00, 7.7E+00, 7.7E+00, 7.7E+00, 7.7E+00, 3.5E-06, 2.6E-07, 3.1E-06, 1.5E-06, 1.0E-06, 1.5E-05, 3.7E-07, 2.1E-06, 1.5E-05, 2.3E-05, 2.4E-05, 2.5E-05, 3.8E-05, 1.8E-06, 3.6E-05, 2.9E-05, 3.1E-05, 3.7E-05, 3.9E-05, 3.7E-05, 2.5E-05, 3.8E-05, 3.0E-05, 2.5E-05, 2.2E-05, 1.7E-05, 2.4E-06, 1.0E-05, 7.2E-06, 1.5E-06, 3.8E-07, 2.5E-05, 7.7E-06, 9.4E-07, 5.7E-07, 2.8E-07, 5.2E-06, 3.6E-07, 1.7E-07, 1.2E+02, 1.2E+02, 1.2E+02, 1.2E+02, 1.2E+02, 1.2E+02, 1.2E+02, 1.2E+02, 1.2E+02, 1.2E+02, 1.2E+02, 1.2E+02, 1.2E+02, 1.2E+02, 1.2E+02, 1.2E+02, 1.2E+02, 1.2E+02, 1.2E+02, 1.2E+02, 1.2E+02, 1.2E+02, 1.2E+02, 7.7E+00, 7.7E+00, 7.7E+00, 7.7E+00, 7.7E+00, 7.7E+00, 7.2E-06, 7.1E-07, 7.7E+00, 7.7E+00, 7.7E+00, 7.7E+00, 1.0E-05, 4.4E-07, 1.1E-06, 1.9E-05, 3.2E-05, 5.1E-06, 5.5E-05, 3.4E-06, 1.4E-05, 8.8E-07, 3.9E-06, 1.8E-06, 1.6E-06, 2.0E-06, 2.4E-06, 2.5E-06, 2.7E-06, 2.7E-06, 2.8E-06, 2.8E-06, 2.8E-06, 2.9E-06, 3.2E-06, 3.1E-06, 3.0E-06, 2.6E-06, 1.6E-06, 1.0E-06, 4.1E-05, 1.2E-05, 2.1E-07, 4.2E-06, 8.5E-05, 3.6E-07, 2.8E-07, 8.8E-06, 3.2E-06, 7.9E-07, 5.5E-07, 1.1E-06, 5.6E-07, 2.2E-07, 4.0E-07, 2.0E-06, 1.2E+02, 1.2E+02, 1.2E+02, 1.2E+02, 4.7E-04, 7.6E-07, 1.4E-06, 2.5E-07, 1.1E-06, 2.8E-07, 6.1E-07, 1.6E-07, 6.7E-07, 1.8E-07, 1.7E-07, 1.6E-07, 1.6E-07, 4.5E-07, 1.9E-07, 1.8E-07, 1.9E-07, 2.5E-07, 2.7E-07, 2.8E-07, 2.9E-07, 3.0E-07, 6.1E-07, 8.7E-07, 3.0E-07, 5.2E-07, 9.3E-07, 8.7E-07, 8.6E-07, 4.9E-07, 5.6E-07, 6.6E-07, 2.2E-06, 1.1E-06, 1.1E+02, 1.2E+02, 1.2E+02, 1.2E+02, 1.2E+02, 1.2E+02, 1.2E+02, 5.9E+01, 5.3E-06, 1.8E-06, 6.9E-06, 3.5E-05, 6.3E-07, 5.2E-07, 8.4E-07, 4.9E-07, 4.9E-06, 1.7E+00, 5.5E+00, 5.4E+00, 7.7E+00, 7.7E+00, 7.7E+00, 7.7E+00, 7.7E+00, 2.0E+01, 1.2E+02, 1.0E+02, 1.0E+02, 1.0E+02, 1.0E+02, 1.0E+02, 1.0E+02, 1.0E+02, 1.0E+02, 1.0E+02, 1.0E+02, 1.0E+02, 1.0E+02, 1.0E+02, 1.0E+02, 1.0E+02, 1.0E+02, 1.0E+02, 1.0E+02, 1.0E+02, 1.0E+02, 1.0E+02, 1.8E-06, 1.7E-07, 9.3E-08, 6.9E-08, 5.7E-08, 5.1E-08, 5.3E-08, 5.7E-08, 6.0E-08, 6.2E-08, 6.3E-08, 6.3E-08, 5.0E-08, 4.2E-08, 2.5E-08, 1.7E-08, 4.0E-08, 7.5E-08, 7.3E-08, 8.7E-08, 2.7E-06, 3.7E-06, 3.0E-06, 3.9E-06, 6.4E-06, 9.3E-06, 2.7E-07, 1.0E-06, 2.2E-06, 2.6E-06, 2.9E-06, 2.9E-06, 2.9E-06, 2.8E-06, 2.3E-06, 1.4E-06, 4.3E-07, 1.1E-07, 7.6E-08, 5.3E-08, 3.2E-06, 3.1E-06, 3.5E-06, 6.8E-07, 5.9E-08, 8.5E-08, 2.6E-07, 5.4E-07, 6.9E-07, 6.8E-07, 8.9E-08, 9.0E-08, 1.1E-06, 8.2E-07, 1.2E+02, 1.2E+02, 1.2E+02, 1.2E+02, 1.2E+02, 1.2E+02, 1.2E+02, 1.2E+02, 1.2E+02, 1.2E+02, 1.2E+02, 1.2E+02, 1.2E+02, 1.2E+02, 1.2E+02, 1.2E+02, 1.2E+02, 1.2E+02, 1.2E+02, 1.2E+02, 1.2E+02, 1.2E+02, 4.6E+01, 7.7E+00, 7.7E+00, 7.7E+00, 5.3E-08, 4.1E-08, 2.8E-08, 2.6E-08, 1.6E-08, 2.1E-08, 3.9E-08, 6.3E-08, 2.2E-07, 3.5E-06, 3.6E-06, 9.3E-06, 2.8E-06, 2.9E-06, 1.4E-05, 8.5E-07, 2.2E-06, 2.0E-06, 4.3E-06, 2.2E-05, 2.1E-05, 4.6E-07, 1.7E-06, 6.0E-06, 7.5E-06, 9.7E-06, 8.1E-06, 9.6E-06, 8.0E-06, 9.1E-06, 2.2E-05, 1.1E-05, 7.5E-06, 8.4E-07, 6.1E-07, 5.5E-07, 1.7E-06, 1.3E-05, 1.3E-06, 3.3E-07, 1.2E+02, 1.2E+02, 1.2E+02, 1.2E+02, 1.2E+02, 1.2E+02, 1.2E+02, 1.2E+02, 1.2E+02, 1.2E+02, 1.2E+02, 1.2E+02, 1.2E+02, 1.2E+02, 1.2E+02, 1.2E+02, 1.2E+02, 1.2E+02, 1.2E+02, 1.2E+02, 1.2E+02, 1.2E+02, 1.2E+02, 1.2E+02, 2.2E-07, 2.4E-07, 1.3E-06, 2.8E-07, 1.5E-06, 1.6E-06, 9.8E-07, 1.1E-05, 2.8E-05, 4.2E-05, 8.0E-05, 7.3E-06, 2.9E-06, 1.8E-06, 2.9E-06, 4.0E-06, 3.0E-07, 2.7E-06, 3.0E-07, 6.5E-07, 4.8E-05, 4.6E-06, 3.5E-05, 6.0E-07, 4.8E-07, 5.3E-07, 5.5E-07, 1.1E-07, 1.1E-07, 1.1E-07, 1.2E-07, 6.5E-07, 1.2E-07, 1.4E-07, 7.8E-07, 7.0E-07, 3.7E-05, 4.3E-05, 1.5E-05, 1.2E-06, 7.8E-05, 7.6E-07, 8.6E-07, 8.2E-07, 6.4E-07, 2.1E-07, 2.4E-07, 5.1E-07, 4.2E-06, 1.5E-06, 7.4E-07, 4.5E-07, 4.9E-06, 4.1E-06, 1.2E-06, 1.9E-05, 4.7E-07, 1.1E-06, 4.8E-07, 3.9E-07, 6.2E-06, 2.2E-06, 8.8E-07, 2.3E-06, 1.4E-05, 5.1E-07, 2.5E-07, 8.5E-07, 3.7E-07, 1.0E+02, 1.0E+02, 1.0E+02, 1.0E+02, 7.5E-05, 7.7E-06, 3.2E-06, 4.6E-08, 1.8E-08, 3.1E-07, 2.2E-08, 3.2E-08, 1.4E-08, 6.8E-07, 2.2E-07, 2.1E-07, 2.1E-07, 2.3E-07, 3.6E-07, 6.9E-09, 6.4E-09, 7.2E-09, 8.6E-09, 9.8E-09, 9.7E-09, 3.4E-08, 3.6E-06, 4.3E-08, 9.9E-07, 5.0E-08, 5.4E-07, 2.3E-06, 6.5E-07, 4.5E-08, 2.1E+01, 1.0E+02, 1.0E+02, 1.0E+02, 1.0E+02, 1.0E+02, 1.0E+02, 1.0E+02, 1.0E+02, 1.0E+02, 8.4E+01, 2.4E-07, 7.4E-07, 3.1E-07, 1.8E-07, 1.2E-07, 1.3E-07, 1.8E-07, 6.3E-07, 7.1E-06, 4.1E+01, 4.4E+01, 3.4E+01, 2.0E+01, 1.2E+01, 1.0E+02, 1.0E+02, 1.0E+02, 1.0E+02, 1.0E+02, 1.0E+02, 1.0E+02, 1.0E+02, 1.0E+02, 1.0E+02, 1.0E+02, 1.0E+02, 1.0E+02, 1.0E+02, 1.0E+02, 1.0E+02, 1.0E+02, 1.0E+02, 1.0E+02, 1.3E+01, 2.6E-07, 1.2E-07, 8.0E-08, 6.4E-08, 6.1E-08, 6.3E-08, 6.6E-08, 6.9E-08, 7.4E-08, 8.5E-08, 9.7E-08, 1.1E-07, 9.0E-08, 8.7E-08, 7.5E-08, 6.2E-07, 4.9E-07, 4.7E-07, 5.2E-07, 6.0E-07, 6.2E-07, 4.8E-07, 8.9E-07, 5.1E-06, 4.4E-06, 4.5E-06, 3.8E-06, 3.4E-06, 3.4E-06, 4.1E-06, 4.5E-06, 4.6E-06, 4.3E-06, 3.8E-06, 3.0E-06, 3.5E-06, 4.2E-06, 4.2E-06, 3.3E-06, 6.2E-07, 3.1E-07, 1.2E+02, 1.2E+02, 1.2E+02, 1.2E+02, 1.2E+02, 1.2E+02, 1.2E+02, 1.2E+02, 1.2E+02, 1.2E+02, 1.2E+02, 1.2E+02, 1.2E+02, 1.2E+02, 1.2E+02, 1.2E+02, 1.2E+02, 1.2E+02, 1.2E+02, 1.2E+02, 1.2E+02, 1.2E+02, 1.2E+02, 7.7E+00, 7.7E+00, 7.7E+00, 7.3E-08, 3.0E-06, 5.7E-08, 1.1E-07, 3.4E-06, 1.0E-05, 1.3E-05, 2.0E-06, 1.5E-05, 1.2E-06, 1.3E-05, 2.6E-05, 3.7E-05, 5.0E-05, 3.3E-06, 2.1E-05, 1.1E-06, 5.9E-05, 1.4E-06, 1.9E-06, 2.3E-06, 3.3E-06, 5.3E-08, 5.0E-06, 4.3E-08, 3.7E-07, 8.6E-07, 2.1E-07, 1.6E-07, 7.9E-08, 4.2E-08, 4.2E-08, 4.0E-08, 4.3E-08, 3.1E-06, 2.8E-06, 2.3E-06, 3.1E-06, 8.9E-07, 9.5E-06, 8.6E-06, 7.7E+00, 7.7E+00, 7.7E+00, 7.7E+00, 7.7E+00, 5.6E-07, 4.8E-07, 6.7E-07, 4.5E-07, 3.4E-06, 1.2E+02, 1.2E+02, 1.2E+02, 1.2E+02, 1.2E+02, 1.2E+02, 1.2E+02, 1.2E+02, 1.2E+02, 1.0E+02, 1.0E+02, 1.0E+02, 1.0E+02, 1.0E+02, 1.0E+02, 1.0E+02, 1.0E+02, 1.0E+02, 1.0E+02, 1.0E+02, 1.0E+02, 1.0E+02, 1.0E+02, 1.0E+02, 1.0E+02, 4.8E-07, 2.4E-08, 6.9E-08, 3.7E-07, 3.1E-06, 6.8E-08, 1.1E-06, 3.7E-06, 2.4E-07, 1.6E-06, 1.5E-06, 7.1E-06, 2.8E-05, 1.4E-06, 1.6E-05, 2.0E-05, 2.6E-05, 4.3E-06, 3.0E-05, 5.9E-05, 2.5E-06, 5.3E-06, 1.1E-05, 2.9E-05, 4.0E-05, 2.2E-06, 1.4E-05, 4.1E-06, 2.0E-06, 1.7E-06, 1.5E-06, 1.4E-06, 1.4E-06, 1.4E-06, 1.1E-05, 4.9E-06, 1.9E-06, 9.3E-05, 3.2E-05, 1.4E-05, 1.4E-05, 6.4E-06, 6.0E-06, 4.9E-07, 4.7E-07, 3.6E-06, 7.9E-07, 5.1E-07, 3.5E-07, 4.3E-07, 3.2E-07, 1.6E-07, 1.9E-07, 1.1E+02, 2.2E+01, 4.9E-06, 2.0E-06, 5.3E-07, 3.6E-07, 1.8E-07, 4.3E-07, 2.7E-07, 1.8E-07, 2.0E-07, 1.9E-07, 3.4E-07, 1.0E-06, 1.5E-06, 9.5E-07, 3.5E-06, 1.3E-06, 2.7E-07, 2.8E-07, 3.9E-07, 9.4E+01, 1.2E+02, 1.2E+02, 1.2E+02, 1.2E+02, 1.2E+02, 1.2E+02, 1.2E+02, 6.0E+01, 1.0E-06, 3.8E-07, 2.8E-07, 2.5E-07, 5.1E-07, 6.2E-07, 7.0E-07, 8.2E-07, 9.4E-07, 2.8E-06, 2.7E-07, 2.0E-07, 1.7E-07, 5.4E-04, 1.8E-07, 1.3E-07, 3.5E-07, 1.8E-05, 4.0E-08, 1.2E+01, 1.4E+01, 1.6E+01, 1.5E+01, 2.5E+01, 3.5E+01, 3.1E+01, 3.1E+01, 2.8E+01, 2.5E+01, 2.4E+01, 1.2E+02, 1.2E+02, 1.2E+02, 1.2E+02, 1.2E+02, 1.2E+02, 1.2E+02, 1.2E+02, 1.2E+02, 1.0E+02, 1.0E+02, 1.0E+02, 1.0E+02, 1.0E+02, 1.0E+02, 1.0E+02, 1.0E+02, 1.0E+02, 1.0E+02, 1.0E+02, 5.3E+01, 2.2E-07, 1.0E-07, 6.9E-08, 5.5E-08, 5.3E-08, 5.4E-08, 5.5E-08, 5.5E-08, 5.5E-08, 4.6E-08, 4.3E-08, 3.7E-08, 2.5E-08, 1.9E-08, 3.0E-08, 7.4E-08, 9.1E-08, 1.8E-07, 2.8E-06, 3.5E-06, 5.3E-08, 9.2E-08, 4.6E-07, 2.7E-06, 2.6E-06, 3.2E-06, 4.3E-06, 6.0E-06, 9.5E-06, 1.3E-05, 1.5E-05, 1.5E-05, 1.5E-05, 1.2E-05, 8.0E-06, 5.3E-06, 4.6E-06, 4.0E-06, 2.3E-06, 2.4E-06, 3.9E-07, 8.2E-08, 5.1E-08, 2.7E-06, 3.3E-06, 2.9E-07, 9.7E-08, 1.2E-07, 4.7E-07, 1.8E-07, 1.5E-08, 1.3E-08, 2.0E-08, 1.7E-08, 1.8E-08, 9.3E-07, 6.7E+01, 1.2E+02, 1.2E+02, 1.2E+02, 1.2E+02, 1.2E+02, 1.2E+02, 5.4E+01, 1.5E-06, 2.2E+00, 4.1E+00, 4.9E+00, 5.6E+00, 4.9E+00, 5.6E+00, 5.6E+00, 7.7E+00, 1.2E+02, 1.2E+02, 1.2E+02, 1.2E+02, 1.2E+02, 1.2E+02, 1.2E+02, 1.2E+02, 1.2E+02, 1.2E+02, 1.2E+02, 1.2E+02, 1.2E+02, 1.2E+02, 1.2E+02, 1.2E+02, 1.0E+02, 1.0E+02, 4.3E-07, 1.6E-07, 1.1E-07, 9.0E-08, 1.0E-07, 8.2E-08, 6.1E-08, 3.2E-08, 2.8E-08, 4.1E-08, 1.3E-07, 6.0E-08, 7.4E-08, 3.4E-06, 2.7E-06, 7.4E-06, 2.0E-06, 2.0E-06, 6.1E-06, 3.3E-07, 1.2E-06, 1.7E-06, 2.0E-06, 4.3E-06, 1.0E-05, 1.8E-05, 3.3E-07, 5.6E-07, 1.6E-06, 6.6E-06, 6.9E-06, 6.8E-06, 6.4E-06, 3.5E-06, 1.7E-06, 9.5E-07, 7.3E-07, 1.3E-05, 7.2E-07, 6.7E-07, 1.2E+02, 1.2E+02, 1.2E+02, 1.2E+02, 1.2E+02, 1.2E+02, 1.2E+02, 1.2E+02, 1.2E+02, 1.2E+02, 1.2E+02, 1.2E+02, 1.2E+02, 1.2E+02, 1.2E+02, 1.2E+02, 1.2E+02, 1.2E+02, 1.2E+02, 1.2E+02, 1.0E+02, 7.3E+00, 6.4E-08, 1.3E-07, 6.9E-06, 4.3E-07, 1.3E-06, 9.8E-06, 4.1E-07, 8.2E-06, 3.2E-05, 2.2E-06, 2.6E-05, 1.2E-06, 6.5E-06, 1.1E-06, 1.7E-06, 1.7E-06, 2.5E-06, 2.6E-06, 5.9E-06, 4.3E-08, 3.4E-07, 1.1E-06, 3.4E-06, 6.0E-08, 1.3E-06, 4.8E-06, 1.7E-06, 5.0E-06, 1.8E-06, 2.3E-06, 2.1E-06, 3.1E-08, 3.8E-06, 2.0E-06, 1.5E-06, 1.4E-07, 2.2E-07, 1.5E-07, 4.4E-06, 2.4E-06, 7.4E-07, 2.0E-06, 5.5E-06, 6.4E-07, 2.8E-07, 1.6E-06, 1.4E-06, 3.1E-06, 9.5E-07, 4.9E-07, 2.1E-06, 5.7E-07, 6.7E-07, 1.2E+02, 1.2E+02, 1.2E+02, 1.2E+02, 1.2E+02, 1.2E+02, 1.2E+02, 1.6E-06, 5.5E-07, 1.9E-07, 2.9E-06, 4.7E-07, 1.7E-07, 1.7E-07, 3.1E-07, 4.3E-07, 3.7E-07, 3.7E-07, 3.8E-07, 3.9E-07, 4.0E-07, 4.2E-07, 4.4E-07, 4.5E-07, 4.6E-07, 4.7E-07, 4.8E-07, 4.8E-07, 4.8E-07, 4.9E-07, 5.2E-07, 4.9E-07, 5.3E-07, 5.4E-07, 5.5E-07, 5.5E-07, 5.4E-07, 5.2E-07, 7.2E-07, 4.4E-07, 4.4E-07, 4.8E-07, 3.4E-07, 1.7E-08, 2.4E-08, 2.9E-08, 2.5E-08, 4.3E-08, 1.9E-08, 6.2E-08, 5.3E-08, 7.6E-08, 2.8E-07, 6.9E-07, 4.7E-07, 1.7E-07, 1.5E-07, 8.7E-07, 3.1E-06, 4.8E+01, 1.2E+02, 1.2E+02, 1.2E+02, 1.2E+02, 1.2E+02, 1.2E+02, 1.2E+02, 1.0E+02, 1.0E+02, 1.0E+02, 1.0E+02, 1.0E+02, 1.0E+02, 1.0E+02, 1.0E+02, 1.0E+02, 1.0E+02, 1.0E+02, 1.0E+02, 1.0E+02, 1.0E+02, 1.0E+02, 1.0E+02, 1.0E+02, 1.0E+02, 1.0E+02, 2.1E-05, 2.1E-07, 9.5E-08, 6.5E-08, 5.1E-08, 4.8E-08, 4.7E-08, 4.8E-08, 5.0E-08, 5.1E-08, 5.3E-08, 5.6E-08, 6.1E-08, 6.5E-08, 6.8E-08, 6.8E-08, 6.3E-08, 5.1E-08, 3.5E-08, 3.7E-08, 5.2E-08, 8.8E-08, 8.7E-08, 9.5E-08, 1.3E-06, 3.1E-06, 3.0E-06, 3.1E-06, 4.1E-06, 5.6E-08, 6.7E-08, 7.3E-08, 7.8E-08, 8.0E-08, 7.8E-08, 7.1E-08, 6.3E-08, 5.3E-08, 4.3E-08, 3.2E-06, 2.9E-06, 2.9E-06, 8.8E-07, 9.0E-08, 6.9E-08, 6.5E-08, 7.4E-08, 1.0E-07, 1.8E-07, 4.1E-08, 1.7E-07, 3.8E-08, 1.7E-07, 4.7E-08, 2.5E-07, 1.3E-06, 3.8E-07, 1.5E-06, 1.1E-07, 8.8E-08, 8.9E+01, 1.0E+02, 1.0E+02, 1.0E+02, 1.0E+02, 1.0E+02, 1.0E+02, 1.0E+02, 1.0E+02, 1.0E+02, 1.0E+02, 1.0E+02, 1.0E+02, 1.0E+02, 1.0E+02, 1.0E+02, 1.0E+02, 1.0E+02, 1.0E+02, 1.0E+02, 1.0E+02, 1.0E+02, 1.0E+02, 1.0E+02, 1.0E+02, 1.0E+02, 1.2E+02, 1.2E+02, 6.1E+01, 7.7E+00, 7.7E+00, 7.7E+00, 4.1E-06, 1.4E-06, 1.3E-07, 1.4E-07, 1.9E-07, 1.8E-07, 1.7E-07, 1.7E-07, 3.9E-06, 1.6E-07, 2.9E-06, 3.8E-06, 3.5E-06, 7.7E+00, 7.7E+00, 7.7E+00, 7.7E+00, 7.7E+00, 7.7E+00, 7.7E+00, 7.7E+00, 7.7E+00, 7.7E+00, 7.7E+00, 7.7E+00, 7.7E+00, 7.7E+00, 7.7E+00, 7.7E+00, 4.2E-06, 2.9E-05, 8.2E-06, 6.3E-06, 4.4E-06, 3.0E-06, 1.2E-05, 7.3E-07, 1.2E+02, 1.2E+02, 1.2E+02, 1.2E+02, 1.2E+02, 1.2E+02, 1.2E+02, 1.2E+02, 1.2E+02, 1.2E+02, 1.2E+02, 1.2E+02, 1.2E+02, 1.2E+02, 1.2E+02, 1.2E+02, 1.2E+02, 1.2E+02, 1.2E+02, 1.2E+02, 1.2E+02, 1.2E+02, 7.7E+00, 7.7E+00, 7.7E+00, 7.7E+00, 7.7E+00, 7.7E+00, 4.2E-05, 3.7E-05, 9.2E-07, 9.5E-06, 4.5E-06, 1.7E-06, 2.4E-06, 5.5E-08, 2.9E-07, 3.7E-06, 2.5E-06, 1.9E-06, 1.6E-06, 2.9E-05, 4.0E-07, 3.7E-07, 1.1E-07, 1.1E-07, 1.1E-07, 1.1E-07, 1.1E-07, 1.1E-07, 1.1E-07, 1.1E-07, 1.1E-07, 1.2E-07, 1.2E-07, 1.2E-07, 1.2E-07, 1.3E-07, 7.8E-07, 7.8E-07, 6.2E-07, 3.7E-05, 1.7E-06, 4.1E-05, 9.3E-07, 7.0E-07, 1.0E-06, 6.2E-07, 2.3E-07, 1.9E-07, 3.3E-07, 2.7E-06, 1.3E-06, 7.0E-07, 3.9E-07, 6.8E-06, 1.9E-07, 4.0E-07, 3.2E-07, 3.8E-07, 3.8E-07, 1.5E-06, 3.5E-06, 1.2E-06, 7.2E-07, 9.2E-06, 9.4E-07, 4.4E-07, 3.1E-07, 1.2E+02, 1.2E+02, 1.2E+02, 1.2E+02, 1.2E+02, 4.2E+01, 5.3E-07, 6.0E-08, 2.1E-06, 5.6E-08, 3.4E-07, 6.0E-08, 1.2E-07, 2.6E-07, 2.1E-07, 3.3E-07, 7.7E-07, 3.7E-07, 3.5E-07, 7.7E-07, 1.0E-06, 7.9E-07, 4.7E-07, 6.2E-07, 6.7E-07, 4.6E-07, 6.6E-07, 7.7E+00, 1.8E-07, 3.1E-07, 5.1E-07, 6.8E-09, 9.8E-09, 2.0E-08, 1.7E-08, 3.1E-07, 7.3E-07, 5.0E-07, 7.3E-07, 1.6E-07, 1.1E-06, 9.0E-07, 1.2E-07, 9.6E-08, 4.4E-08, 4.6E+00, 1.0E+02, 1.0E+02, 1.0E+02, 1.0E+02, 1.0E+02, 1.0E+02, 1.0E+02, 1.0E+02, 1.0E+02, 1.0E+02, 1.0E+02, 1.0E+02, 6.2E+01, 1.4E-07, 4.1E-08, 1.0E+02, 1.0E+02, 1.0E+02, 1.0E+02, 1.0E+02, 1.0E+02, 1.0E+02, 1.0E+02, 1.0E+02, 1.0E+02, 1.0E+02, 1.0E+02, 1.0E+02, 1.0E+02, 1.0E+02, 1.0E+02, 1.0E+02, 1.0E+02, 2.0E-07, 8.6E-08, 5.9E-08, 4.7E-08, 4.1E-08, 3.8E-08, 3.7E-08, 3.8E-08, 4.4E-08, 4.9E-08, 5.0E-08, 4.5E-08, 2.9E-08, 2.6E-08, 2.5E-08, 4.9E-08, 7.4E-08, 7.4E-08, 2.7E-06, 3.5E-06, 3.5E-06, 7.9E-06, 7.8E-07, 3.0E-06, 1.9E-06, 4.1E-06, 7.7E-06, 2.2E-07, 3.3E-07, 4.8E-07, 6.0E-07, 7.4E-07, 7.8E-07, 7.5E-07, 5.6E-07, 4.0E-07, 1.4E-06, 2.1E-07, 9.7E-06, 7.9E-06, 4.7E-06, 2.0E-06, 2.6E-06, 3.4E-07, 7.2E-08, 4.5E-08, 2.6E-06, 1.9E-06, 6.1E-08, 5.3E-08, 8.2E-08, 1.6E-07, 9.0E-08, 1.2E-07, 7.1E-07, 1.0E+02, 1.0E+02, 1.0E+02, 1.0E+02, 1.0E+02, 1.0E+02, 1.0E+02, 1.0E+02, 1.0E+02, 1.0E+02, 1.0E+02, 1.0E+02, 1.0E+02, 1.0E+02, 1.0E+02, 1.0E+02, 1.0E+02, 1.0E+02, 1.0E+02, 1.0E+02, 1.0E+02, 1.0E+02, 1.0E+02, 1.0E+02, 1.2E+02, 1.2E+02, 1.2E+02, 3.0E-06, 4.4E-07, 2.6E-07, 2.0E-07, 7.7E+00, 7.7E+00, 7.7E+00, 7.7E+00, 7.7E+00, 7.7E+00, 7.7E+00, 7.7E+00, 7.7E+00, 7.7E+00, 7.7E+00, 7.7E+00, 7.7E+00, 7.7E+00, 7.7E+00, 7.7E+00, 7.7E+00, 7.7E+00, 7.7E+00, 3.0E-06, 2.3E-06, 7.4E-06, 1.0E-05, 1.0E-05, 1.4E-05, 2.0E-05, 2.3E-05, 2.6E-05, 2.4E-05, 7.7E+00, 7.7E+00, 7.7E+00, 7.7E+00, 7.7E+00, 7.7E+00, 7.7E+00, 7.7E+00, 7.7E+00, 7.7E+00, 7.7E+00, 2.0E-07, 1.0E+02, 1.0E+02, 1.0E+02, 1.0E+02, 1.0E+02, 1.0E+02, 1.0E+02, 1.0E+02, 1.0E+02, 1.0E+02, 1.0E+02, 1.0E+02, 1.0E+02, 1.0E+02, 1.0E+02, 1.0E+02, 1.0E+02, 1.0E+02, 1.2E+02, 1.2E+02, 1.2E+02, 1.2E+02, 1.2E+02, 2.0E-07, 7.1E-08, 8.3E-08, 2.0E-06, 1.3E-07, 7.2E-07, 1.5E-06, 8.0E-06, 4.0E-07, 4.0E-06, 4.2E-05, 3.5E-05, 4.3E-05, 4.7E-05, 1.5E-06, 6.2E-06, 2.7E-05, 2.4E-06, 1.9E-06, 1.9E-06, 2.7E-06, 3.1E-06, 3.2E-06, 3.3E-06, 3.6E-06, 3.7E-06, 5.9E-08, 6.1E-08, 7.9E-08, 6.1E-08, 6.8E-08, 7.0E-08, 1.7E-07, 5.6E-08, 3.5E-06, 3.2E-06, 2.4E-06, 1.1E-06, 1.3E-06, 1.1E-05, 5.9E-07, 3.4E-06, 7.5E-07, 2.5E-06, 7.6E-09, 2.1E-07, 1.3E-07, 8.2E-06, 3.8E-06, 4.9E-06, 1.4E-05, 1.5E-06, 4.1E-07, 4.0E-07, 1.2E-06, 1.8E-07, 3.6E-07, 1.8E-07, 1.1E-08, 4.0E-07, 4.5E-06, 7.0E-09, 1.1E-07, 7.7E-07, 5.9E-07, 6.2E-07, 3.5E-07, 4.0E-08, 5.4E-08, 2.8E-07, 8.7E-08, 5.8E-09, 6.6E-09, 1.7E-07, 2.0E-08, 1.5E-06, 8.5E-08, 8.4E-08, 1.7E-08, 1.5E-07, 1.0E-06, 2.0E-07, 1.3E-06, 1.0E+02, 1.0E+02, 1.0E+02, 1.0E+02, 1.0E+02, 1.0E+02, 1.0E+02, 1.0E+02, 1.0E+02, 1.0E+02, 1.0E+02, 1.0E+02, 2.9E+01, 6.5E-07, 1.3E-07, 4.8E-08, 2.4E-07, 1.7E-07, 7.7E+00, 7.7E+00, 7.7E+00, 7.7E+00, 7.7E+00, 7.7E+00, 7.7E+00, 1.2E+02, 1.0E+02, 1.0E+02, 1.0E+02, 1.0E+02, 1.0E+02, 1.0E+02, 1.0E+02, 1.0E+02, 1.2E+02, 1.2E+02, 1.2E+02, 1.2E+02, 1.2E+02, 1.2E+02, 1.2E+02, 1.2E+02, 1.2E+02, 1.2E+02, 1.2E+02, 3.4E-07, 8.6E-08, 5.5E-08, 4.3E-08, 3.7E-08, 3.4E-08, 3.2E-08, 3.1E-08, 2.9E-08, 2.9E-08, 2.5E-08, 1.4E-08, 1.9E-08, 1.3E-08, 5.7E-08, 8.5E-08, 1.4E-06, 2.8E-06, 5.3E-06, 1.5E-07, 3.0E-06, 3.2E-06, 1.4E-05, 5.7E-07, 1.3E-06, 1.9E-06, 3.0E-06, 8.8E-06, 1.2E-05, 1.6E-05, 2.6E-07, 3.2E-07, 3.3E-07, 3.2E-07, 2.8E-07, 2.3E-05, 1.7E-05, 1.4E-05, 7.2E-06, 1.3E-06, 1.4E-06, 1.1E-06, 7.2E-07, 3.5E-07, 1.0E-07, 1.1E-07, 2.5E-06, 1.4E-07, 5.5E-08, 3.2E-06, 1.1E-06, 3.2E-07, 6.8E-06, 5.8E-07, 4.0E-07, 9.6E-07, 8.9E-07, 3.7E-06, 8.0E-06, 6.8E+00, 1.2E+02, 1.2E+02, 1.2E+02, 1.2E+02, 1.2E+02, 1.2E+02, 1.2E+02, 7.1E-07, 7.7E+00, 1.2E+02, 1.2E+02, 1.2E+02, 1.2E+02, 1.2E+02, 1.2E+02, 1.2E+02, 1.2E+02, 1.2E+02, 1.0E+02, 1.0E+02, 1.0E+02, 1.0E+02, 1.0E+02, 1.0E+02, 1.0E+02, 1.0E+02, 1.0E+02, 1.0E+02, 4.4E-07, 1.7E-07, 1.2E-07, 9.6E-08, 7.1E-08, 4.2E-08, 1.9E-08, 2.0E-08, 3.2E-08, 6.1E-08, 1.6E-06, 2.7E-06, 6.5E-06, 2.2E-06, 3.3E-06, 2.5E-07, 2.1E-06, 1.9E-06, 4.9E-06, 1.5E-05, 4.5E-07, 5.9E-06, 1.4E-05, 1.6E-05, 2.0E-05, 2.8E-05, 3.6E-05, 4.1E-05, 2.4E-06, 3.9E-05, 3.7E-05, 4.0E-05, 4.4E-05, 3.7E-05, 3.1E-05, 2.2E-05, 9.6E-07, 1.7E-05, 6.0E-06, 6.4E-06, 3.7E-06, 4.9E-07, 2.9E-05, 4.1E-06, 7.7E+00, 1.2E+02, 1.2E+02, 1.2E+02, 1.2E+02, 1.2E+02, 1.2E+02, 1.2E+02, 1.2E+02, 1.2E+02, 1.2E+02, 1.2E+02, 1.2E+02, 1.2E+02, 1.2E+02, 1.2E+02, 1.2E+02, 1.2E+02, 1.2E+02, 1.2E+02, 1.2E+02, 1.2E+02, 1.2E+02, 1.2E+02, 1.2E+02, 7.7E+00, 7.7E+00, 7.7E+00, 4.4E-06, 1.9E-06, 2.3E-06, 2.0E-06, 3.1E-05, 6.9E-06, 2.9E-05, 3.3E-05, 4.9E-05, 4.5E-06, 5.6E-05, 2.1E-06, 2.4E-06, 2.9E-06, 2.7E-07, 2.3E-07, 2.5E-06, 6.8E-06, 3.8E-06, 4.7E-05, 5.7E-05, 1.5E-05, 7.7E+00, 7.7E+00, 7.7E+00, 7.7E+00, 7.7E+00, 7.7E+00, 7.7E+00, 7.7E+00, 7.7E+00, 7.7E+00, 7.7E+00, 7.7E+00, 7.7E+00, 2.2E-05, 6.0E-05, 8.3E-07, 8.7E-07, 9.0E-07, 4.9E-07, 2.1E-07, 6.1E-07, 4.2E-06, 1.1E-06, 5.2E-07, 6.3E-06, 2.1E-06, 7.1E-07, 3.3E-06, 9.2E-06, 6.4E-06, 1.3E-06, 6.8E-07, 1.5E-06, 8.3E-07, 1.2E+02, 1.2E+02, 1.2E+02, 1.2E+02, 1.2E+02, 1.2E+02, 1.2E+02, 1.2E+02, 8.6E-06, 2.3E-06, 3.7E-07, 4.0E-07, 6.3E-07, 2.5E-06, 9.8E-07, 5.1E-07, 7.7E+00, 7.7E+00, 7.7E+00, 7.7E+00, 7.7E+00, 7.7E+00, 7.7E+00, 7.7E+00, 7.7E+00, 7.7E+00, 4.6E-07, 4.4E-07, 1.2E-07, 1.3E-07, 1.3E-07, 1.4E-07, 1.4E-07, 1.5E-07, 2.9E-07, 3.4E-07, 4.1E-07, 4.4E-07, 4.6E-07, 1.8E-07, 1.9E-07, 2.2E-07, 2.5E-07, 2.7E-07, 3.8E-07, 3.6E-07, 3.7E-07, 3.9E-07, 3.8E-07, 1.9E-08, 3.6E-07, 2.1E-07, 3.5E-07, 3.8E-07, 1.0E-08, 1.6E-08, 1.8E-08, 2.2E-08, 4.3E-08, 7.8E-09, 3.8E-07, 3.2E-07, 3.3E-07, 1.1E-07, 1.2E-07, 2.2E-07, 1.2E-06, 1.0E+02, 1.0E+02, 1.0E+02, 1.0E+02, 1.0E+02, 1.0E+02, 1.0E+02, 1.0E+02, 1.0E+02, 1.0E+02, 1.0E+02, 1.0E+02, 1.0E+02, 1.0E+02, 1.0E+02, 1.0E+02, 1.0E+02, 1.0E+02, 1.0E+02, 1.0E+02, 1.0E+02, 1.0E+02, 1.0E+02, 1.0E+02, 1.0E+02, 1.0E+02, 1.0E+02, 2.7E+01, 1.6E-07, 7.6E-08, 5.9E-08, 5.3E-08, 4.1E-08, 3.9E-08, 3.9E-08, 4.0E-08, 4.2E-08, 4.5E-08, 5.5E-08, 7.5E-08, 9.7E-08, 1.3E-07, 1.8E-07, 2.4E-07, 3.0E-07, 4.0E-07, 4.8E-07, 4.9E-07, 2.0E-07, 1.2E-07, 1.4E-07, 1.4E-07, 1.3E-07, 1.2E-07, 1.0E-07, 8.9E-08, 8.0E-08, 8.2E-08, 7.8E-08, 7.6E-08, 7.4E-08, 7.4E-08, 7.6E-08, 8.1E-08, 1.6E-05, 1.0E+02, 1.0E+02, 1.0E+02, 1.0E+02, 1.0E+02, 1.0E+02, 1.0E+02, 1.0E+02, 1.0E+02, 1.0E+02, 1.0E+02, 1.0E+02, 1.0E+02, 1.0E+02, 1.0E+02, 1.0E+02, 1.0E+02, 1.0E+02, 1.0E+02, 1.0E+02, 1.0E+02, 1.0E+02, 1.0E+02, 1.0E+02, 5.9E+01, 3.3E-07, 4.7E-08, 5.9E-08, 3.1E-06, 2.4E-06, 7.3E-06, 2.7E-06, 3.3E-06, 1.7E-07, 1.6E-06, 1.8E-06, 5.4E-06, 2.0E-05, 8.9E-07, 1.1E-05, 1.2E-05, 1.7E-05, 2.6E-05, 4.3E-06, 3.4E-05, 5.6E-05, 9.7E-07, 2.5E-06, 3.8E-06, 5.4E-06, 6.8E-06, 8.0E-06, 8.5E-06, 1.5E-05, 7.3E-06, 6.5E-06, 5.0E-06, 3.1E-06, 1.4E-06, 8.4E-07, 3.9E-05, 2.7E-05, 1.9E-05, 8.9E-06, 1.7E-05, 3.2E-06, 7.6E-07, 2.6E-05, 2.1E-06, 8.5E-07, 5.1E-07, 1.4E-06, 1.7E-07, 1.2E+02, 1.2E+02, 1.2E+02, 1.2E+02, 1.2E+02, 1.2E+02, 1.2E+02, 1.2E+02, 1.2E+02, 1.2E+02, 1.2E+02, 1.2E+02, 1.2E+02, 1.2E+02, 1.2E+02, 1.2E+02, 1.2E+02, 1.2E+02, 1.2E+02, 1.2E+02, 6.8E+01, 7.7E+00, 7.7E+00, 7.7E+00, 7.7E+00, 7.7E+00, 7.7E+00, 2.1E-06, 3.4E-06, 7.2E-08, 1.2E-06, 3.8E-06, 1.6E-05, 2.1E-06, 2.0E-06, 5.7E-06, 2.0E-05, 5.5E-07, 1.1E-05, 2.4E-05, 2.5E-05, 3.3E-05, 1.7E-06, 3.3E-05, 3.7E-05, 5.3E-05, 9.2E-07, 1.9E-06, 2.9E-06, 2.8E-06, 3.0E-06, 3.0E-06, 3.9E-06, 2.1E-06, 1.2E-06, 7.8E-07, 6.4E-05, 3.3E-05, 2.5E-05, 2.1E-05, 1.4E-05, 3.8E-07, 5.1E-06, 3.4E-06, 3.9E-07, 2.3E-05, 1.3E-06, 1.4E-05, 3.1E-07, 8.6E-08, 2.2E-07, 8.6E-08, 6.1E-07, 5.4E-07, 1.2E-06, 1.5E-06, 4.6E-07, 1.8E-06, 5.0E-07, 6.1E-07, 3.2E-07, 2.0E-07, 4.9E-07, 2.0E-07, 2.4E-07, 2.6E-07, 1.4E-06, 9.9E-07, 2.2E-07, 1.7E-07, 6.0E-07, 1.8E-07, 1.6E-06, 8.1E-07, 2.6E-06, 1.2E+02, 1.2E+02, 1.2E+02, 1.2E+02, 1.2E+02, 1.2E+02, 1.2E+02, 1.2E+02, 1.2E+02, 5.4E+01, 5.0E-07, 2.4E-07, 6.4E-07, 4.1E-07, 3.6E-07, 3.2E-07, 3.2E-07, 3.5E-07, 3.9E-07, 4.1E-07, 4.6E-07, 5.3E-07, 3.8E-07, 3.3E-07, 4.4E-07, 7.7E-07, 2.8E-07, 2.8E-07, 3.0E-07, 1.5E-06, 3.7E-07, 4.2E-07, 4.8E-07, 5.8E-07, 5.9E-07, 6.4E-07, 8.4E-07, 8.3E-07, 1.6E-06, 9.5E-07, 8.2E+01, 1.2E+02, 1.2E+02, 9.4E+01, 3.4E+01, 3.2E+01, 6.7E+01, 1.2E+01, 1.0E+01, 7.0E+00, 1.2E+02, 1.2E+02, 1.2E+02, 1.2E+02, 1.2E+02, 1.2E+02, 1.2E+02, 1.2E+02, 1.2E+02, 1.2E+02, 1.2E+02, 1.2E+02, 1.2E+02, 1.2E+02, 1.2E+02, 1.2E+02, 1.2E+02, 1.2E+02, 1.2E+02, 3.2E+01, 2.4E-07, 8.7E-08, 5.7E-08, 4.5E-08, 3.8E-08, 3.5E-08, 3.3E-08, 3.2E-08, 3.1E-08, 2.4E-08, 4.8E-08, 2.4E-08, 5.0E-08, 6.8E-08, 4.6E-07, 3.6E-06, 2.7E-06, 7.1E-06, 2.1E-06, 2.1E-06, 7.1E-06, 3.9E-07, 1.4E-06, 1.7E-06, 2.2E-06, 6.3E-06, 1.2E-05, 2.1E-05, 4.4E-07, 1.0E-06, 9.2E-07, 2.8E-06, 4.2E-06, 1.8E-05, 7.3E-07, 1.1E-05, 1.4E-06, 4.6E-07, 2.4E-06, 9.8E-07, 1.4E-06, 9.6E-07, 5.4E-07, 2.1E-07, 1.0E-07, 2.0E-06, 2.8E-07, 1.2E-07, 4.9E-08, 3.0E-06, 1.3E-06, 5.6E-08, 7.2E-08, 1.9E-07, 1.0E-07, 1.2E-07, 1.7E-07, 1.0E+02, 1.0E+02, 1.0E+02, 1.0E+02, 1.0E+02, 1.0E+02, 1.0E+02, 1.0E+02, 1.0E+02, 1.0E+02, 1.0E+02, 1.0E+02, 1.0E+02, 1.0E+02, 1.0E+02, 1.0E+02, 1.0E+02, 1.0E+02, 1.0E+02, 1.0E+02, 1.2E+02, 1.2E+02, 1.2E+02, 1.2E+02, 1.2E+02, 1.2E+02, 7.4E-07, 2.9E-07, 2.2E-07, 1.8E-07, 1.8E-07, 1.5E-07, 1.5E-07, 1.6E-07, 1.7E-07, 2.0E-07, 2.5E-07, 2.0E-06, 4.2E-06, 4.6E-06, 3.4E-07, 3.6E-06, 3.9E-06, 1.5E-05, 6.8E-07, 1.7E-06, 2.3E-06, 2.2E-06, 2.1E-05, 1.8E-05, 5.0E-07, 7.9E-07, 1.4E-06, 1.0E-05, 5.6E-06, 7.7E+00, 7.7E+00, 2.5E-05, 2.8E-05, 7.7E+00, 7.7E+00, 7.7E+00, 7.7E+00, 7.7E+00, 7.7E+00, 7.7E+00, 4.1E-08, 1.0E+02, 1.0E+02, 1.0E+02, 1.0E+02, 1.0E+02, 1.0E+02, 1.0E+02, 1.0E+02, 1.0E+02, 1.0E+02, 1.0E+02, 1.0E+02, 1.0E+02, 1.0E+02, 1.0E+02, 1.0E+02, 1.0E+02, 1.0E+02, 1.0E+02, 1.0E+02, 1.0E+02, 1.0E+02, 2.1E-06, 2.8E-08, 5.4E-08, 8.3E-08, 2.0E-06, 1.2E-07, 6.6E-07, 7.5E-06, 2.8E-06, 1.5E-05, 7.7E-07, 4.9E-06, 2.4E-05, 2.5E-05, 3.5E-05, 3.8E-05, 2.7E-05, 5.2E-05, 9.2E-07, 2.3E-06, 4.1E-06, 6.3E-06, 9.3E-06, 1.3E-05, 1.5E-05, 2.1E-05, 1.8E-05, 7.4E-07, 1.1E-05, 1.3E-05, 4.3E-07, 4.3E-06, 2.5E-06, 1.3E-06, 2.8E-05, 3.2E-05, 7.7E+00, 7.7E+00, 7.7E+00, 7.7E+00, 7.7E+00, 7.7E+00, 7.7E+00, 7.7E+00, 7.7E+00, 7.7E+00, 7.7E+00, 3.5E-07, 2.5E-07, 4.4E-07, 2.1E-07, 1.6E-06, 1.4E-06, 2.9E-07, 5.3E-07, 5.6E-07, 2.7E-07, 2.5E-07, 6.2E-07, 8.5E-07, 3.6E-07, 7.0E-07, 3.3E-07, 5.4E-07, 5.2E-07, 5.2E-07, 1.8E-06, 3.9E-07, 5.2E-07, 4.9E-07, 5.8E-07, 1.6E-06, 3.5E-07, 3.5E-07, 3.5E-06, 1.2E+02, 1.2E+02, 1.2E+02, 1.2E+02, 1.2E+02, 1.2E+02, 1.2E+02, 1.2E+02, 1.2E+02, 1.3E+01, 7.7E+00, 7.7E+00, 7.7E+00, 7.7E+00, 7.7E+00, 7.7E+00, 7.7E+00, 7.7E+00, 7.7E+00, 7.7E+00, 7.7E+00, 7.7E+00, 4.3E-07, 2.7E-06, 1.9E-06, 3.0E-07, 8.0E-06, 7.7E+00, 7.7E+00, 7.7E+00, 7.7E+00, 7.7E+00, 1.2E+02, 1.2E+02, 1.2E+02, 1.2E+02, 1.2E+02, 1.2E+02, 1.2E+02, 1.2E+02, 1.2E+02, 1.2E+02, 1.2E+02, 1.2E+02, 1.2E+02, 1.2E+02, 1.2E+02, 1.2E+02, 1.2E+02, 1.2E+02, 1.2E+02, 1.2E+02, 7.7E+00, 7.7E+00, 7.7E+00, 7.7E+00, 7.7E+00, 3.4E-08, 3.1E-08, 2.9E-08, 2.7E-08, 2.3E-08, 5.3E-08, 2.7E-08, 1.6E-08, 4.0E-08, 4.7E-07, 2.4E-06, 4.2E-08, 7.0E-08, 2.4E-06, 2.4E-06, 8.1E-06, 4.2E-07, 1.3E-06, 2.4E-06, 6.4E-06, 1.3E-05, 3.4E-07, 6.5E-07, 1.1E-06, 1.2E-06, 1.5E-06, 7.9E-06, 7.6E-06, 1.0E-05, 1.0E-05, 7.4E-06, 7.3E-06, 4.2E-06, 6.9E-07, 4.0E-07, 2.9E-07, 1.7E-05, 3.9E-06, 1.4E-06, 9.4E-07, 5.0E-07, 1.6E-07, 6.3E-06, 2.1E-06, 1.1E-07, 5.6E-08, 3.0E-08, 7.4E-08, 9.5E-08, 2.0E-08, 1.2E-06, 7.7E+00, 7.7E+00, 7.7E+00, 1.2E+02, 1.2E+02, 1.2E+02, 1.2E+02, 1.0E+02, 1.0E+02, 1.0E+02, 1.0E+02, 1.0E+02, 1.0E+02, 1.0E+02, 1.0E+02, 1.0E+02, 1.0E+02, 1.0E+02, 1.0E+02, 1.0E+02, 1.0E+02, 1.0E+02, 1.0E+02, 1.0E+02, 1.2E+02, 1.2E+02, 1.2E+02, 1.2E+02, 1.2E+02, 1.2E+02, 7.7E+00, 7.7E+00, 7.7E+00, 7.7E+00, 7.7E+00, 7.7E+00, 7.7E+00, 7.7E+00, 7.7E+00, 7.7E+00, 3.6E-06, 7.0E-06, 5.2E-06, 3.4E-06, 8.9E-06, 5.5E-06, 2.5E-06, 2.0E-06, 1.4E-05, 6.1E-07, 3.4E-06, 7.6E-06, 1.6E-05, 2.6E-05, 4.6E-05, 3.0E-06, 4.1E-05, 8.2E-07, 1.9E-06, 3.5E-06, 3.6E-06, 4.1E-06, 4.4E-06, 4.4E-06, 3.8E-06, 4.4E-06, 1.3E-06, 1.1E-06, 6.3E-05, 3.5E-05, 2.6E-05, 1.8E-05, 7.9E-06, 6.8E-06, 7.7E+00, 7.7E+00, 7.7E+00, 7.7E+00, 1.2E+02, 1.2E+02, 1.2E+02, 1.2E+02, 1.2E+02, 1.2E+02, 1.2E+02, 1.2E+02, 1.2E+02, 1.2E+02, 1.2E+02, 1.2E+02, 1.2E+02, 1.2E+02, 1.2E+02, 1.0E+02, 1.0E+02, 1.0E+02, 1.0E+02, 1.0E+02, 1.0E+02, 1.1E-05, 2.2E-08, 4.7E-07, 4.2E-08, 6.6E-08, 2.4E-06, 5.9E-06, 7.7E-07, 1.5E-06, 1.2E-06, 1.7E-05, 1.5E-06, 1.2E-05, 2.8E-05, 3.8E-05, 1.6E-06, 2.5E-05, 5.8E-05, 2.2E-06, 5.3E-06, 9.9E-06, 2.5E-05, 3.3E-06, 5.0E-06, 1.6E-06, 1.8E-06, 1.7E-06, 1.7E-06, 1.7E-06, 1.2E-06, 1.2E-06, 1.3E-06, 1.1E-05, 1.0E-06, 1.5E-05, 1.2E-05, 6.5E-06, 1.5E-08, 4.6E-05, 3.7E-07, 2.0E-05, 1.0E-05, 5.0E-06, 1.1E-06, 6.1E-07, 1.5E-06, 3.0E-06, 5.6E-07, 2.3E-07, 4.1E-07, 2.3E-07, 1.5E-07, 9.0E-04, 1.2E+02, 2.8E-04, 5.4E-06, 1.1E-06, 3.7E-07, 8.9E-07, 4.6E-07, 1.2E-06, 2.1E-07, 5.4E-07, 2.0E-07, 5.8E-06, 3.5E-07, 2.7E-07, 4.0E-07, 6.5E-07, 2.8E-07, 3.7E-07, 2.7E-07, 2.8E-07, 6.8E-07, 4.8E-07, 2.3E-06, 6.6E-07, 3.4E-07, 7.3E-07, 3.9E+01, 1.2E+02, 1.2E+02, 1.2E+02, 1.2E+02, 1.2E+02, 1.2E+02, 1.2E+02, 1.2E+02, 4.1E+01, 7.7E+00, 7.7E+00, 7.7E+00, 7.7E+00, 7.7E+00, 7.7E+00, 3.9E-07, 1.1E-06, 6.2E-07, 5.2E-07, 4.9E-07, 8.3E-07, 9.0E-07, 3.1E-07, 1.1E-06, 4.5E-07, 7.7E+00, 7.7E+00, 7.7E+00, 7.7E+00, 7.7E+00, 7.7E+00, 7.7E+00, 7.7E+00, 7.7E+00, 7.7E+00, 6.4E-07, 6.3E-07, 7.7E+00, 7.7E+00, 7.7E+00, 1.3E-07, 3.4E-06, 1.2E+02, 1.2E+02, 1.2E+02, 4.4E+01, 1.2E+01, 5.3E+01, 1.4E+00, 2.9E+00, 2.6E+00, 3.1E+00, 1.0E+02, 1.0E+02, 1.0E+02, 1.0E+02, 1.0E+02, 1.0E+02, 1.0E+02, 1.0E+02, 1.0E+02, 1.0E+02, 1.0E+02, 1.0E+02, 1.0E+02, 1.0E+02, 1.0E+02, 1.0E+02, 1.0E+02, 1.0E+02, 1.0E+02, 1.0E+02, 3.6E-07, 1.3E-07, 8.2E-08, 6.5E-08, 6.2E-08, 6.2E-08, 6.3E-08, 6.6E-08, 7.0E-08, 7.6E-08, 6.5E-08, 7.3E-08, 7.9E-08, 8.0E-08, 7.5E-08, 6.1E-08, 4.2E-08, 2.9E-08, 3.5E-08, 7.4E-08, 8.2E-08, 8.0E-08, 1.0E-07, 1.5E-06, 3.2E-06, 3.4E-06, 2.7E-06, 3.1E-06, 3.8E-06, 4.5E-06, 5.3E-08, 4.7E-06, 4.8E-06, 4.5E-06, 4.0E-06, 3.4E-06, 3.4E-06, 4.2E-06, 3.7E-06, 1.3E-06, 3.2E-07, 3.2E-07, 2.9E-07, 4.3E-07, 5.2E-07, 9.9E-06, 5.7E-07, 3.1E-07, 3.6E-07, 1.4E-07, 1.7E-07, 1.3E-06, 2.7E-07, 3.8E-07, 3.7E-07, 1.2E+02, 1.2E+02, 1.2E+02, 1.2E+02, 1.2E+02, 1.2E+02, 1.2E+02, 1.2E+02, 1.2E+02, 1.2E+02, 1.2E+02, 1.2E+02, 1.2E+02, 1.2E+02, 1.2E+02, 1.2E+02, 1.2E+02, 1.2E+02, 1.2E+02, 1.2E+02, 1.0E+02, 3.3E+01, 2.4E-07, 1.3E-07, 9.2E-08, 7.6E-08, 6.6E-08, 5.9E-08, 5.4E-08, 4.8E-08, 3.9E-08, 2.5E-08, 3.7E-08, 2.7E-08, 4.0E-08, 7.3E-08, 7.9E-08, 2.8E-06, 3.1E-06, 3.9E-06, 7.7E-06, 4.4E-07, 2.9E-06, 2.9E-06, 5.0E-06, 7.7E-06, 2.2E-07, 4.1E-07, 6.3E-07, 9.3E-07, 1.2E-06, 1.2E-06, 1.2E-06, 1.2E-06, 1.1E-06, 9.9E-07, 8.3E-07, 6.0E-07, 5.9E-07, 2.3E-07, 9.3E-06, 6.3E-06, 7.7E+00, 1.3E-07, 1.0E+02, 1.0E+02, 1.0E+02, 1.0E+02, 1.0E+02, 1.0E+02, 1.0E+02, 1.0E+02, 1.0E+02, 1.0E+02, 1.0E+02, 1.0E+02, 1.0E+02, 1.0E+02, 1.0E+02, 1.0E+02, 1.0E+02, 1.0E+02, 1.0E+02, 1.0E+02, 1.2E+02, 1.2E+02, 1.2E+02, 3.4E+00, 1.5E-06, 1.3E-07, 1.1E-06, 7.7E+00, 3.6E-06, 3.0E-06, 2.2E-07, 1.8E-06, 4.0E-06, 1.3E-05, 4.6E-06, 2.1E-06, 2.3E-06, 1.1E-05, 2.6E-05, 8.2E-07, 8.4E-06, 1.4E-05, 1.2E-05, 2.1E-05, 2.5E-05, 3.1E-05, 4.0E-05, 4.7E-05, 4.0E-05, 2.9E-05, 3.5E-05, 3.9E-05, 3.5E-05, 3.0E-05, 4.6E-05, 3.2E-05, 2.8E-05, 2.2E-05, 2.2E-05, 2.2E-05, 6.6E-06, 5.2E-06, 7.3E-07, 6.2E-07, 1.4E-05, 1.4E-06, 9.2E-07, 5.7E-07, 3.8E-07, 1.5E-06, 3.4E-07, 2.9E-07, 7.7E+00, 7.7E+00, 7.7E+00, 7.7E+00, 7.7E+00, 7.7E+00, 7.7E+00, 6.3E-07, 8.4E-07, 8.7E-07, 1.8E-07, 1.4E-06, 2.2E-07, 6.0E-07, 4.6E-07, 7.4E-07, 4.2E-07, 1.8E-07, 2.1E-07, 2.5E-06, 1.2E+02, 1.2E+02, 1.2E+02, 1.2E+02, 1.2E+02, 1.2E+02, 1.2E+02, 1.2E+02, 5.4E+01, 1.4E-06, 4.6E-07, 3.6E-07, 3.3E-07, 4.4E-06, 7.7E+00, 7.7E+00, 7.7E+00, 7.7E+00, 7.7E+00, 7.7E+00, 7.7E+00, 8.1E-01, 1.7E-06, 2.8E-07, 2.2E-07, 3.4E-07, 1.5E-07, 1.6E-07, 2.2E-07, 7.7E+00, 7.7E+00, 7.7E+00, 7.7E+00, 7.7E+00, 7.7E+00, 7.7E+00, 7.7E+00, 7.7E+00, 7.7E+00, 7.7E+00, 7.7E+00, 6.5E+01, 1.2E+02, 1.2E+02, 1.0E+01, 1.2E+02, 1.2E+02, 1.2E+02, 1.0E+02, 1.0E+02, 1.0E+02, 1.0E+02, 1.0E+02, 1.0E+02, 1.0E+02, 1.0E+02, 1.0E+02, 1.0E+02, 1.0E+02, 1.0E+02, 1.0E+02, 1.0E+02, 1.0E+02, 1.0E+02, 1.0E+02, 1.0E+02, 2.4E-07, 1.3E-07, 7.0E-08, 5.5E-08, 5.3E-08, 5.3E-08, 5.4E-08, 5.4E-08, 5.4E-08, 4.5E-08, 4.1E-08, 3.5E-08, 2.4E-08, 1.8E-08, 1.3E-08, 7.3E-08, 9.1E-08, 1.8E-07, 3.1E-06, 3.6E-06, 5.9E-08, 1.0E-07, 1.0E-06, 3.0E-06, 2.4E-06, 3.8E-06, 5.4E-06, 1.0E-05, 1.7E-05, 2.4E-07, 2.9E-07, 3.0E-07, 2.6E-07, 2.3E-07, 1.7E-07, 1.2E-05, 6.6E-06, 4.8E-06, 4.4E-06, 2.0E-06, 2.3E-06, 2.2E-07, 7.6E-08, 5.1E-08, 2.8E-06, 2.6E-06, 8.3E-08, 6.2E-08, 7.0E-08, 1.2E-07, 3.7E-07, 1.4E+01, 1.0E+02, 1.0E+02, 1.2E+02, 1.2E+02, 1.2E+02, 1.2E+02, 1.2E+02, 1.2E+02, 1.2E+02, 1.2E+02, 1.2E+02, 1.2E+02, 1.2E+02, 1.2E+02, 1.2E+02, 1.2E+02, 1.2E+02, 1.2E+02, 1.2E+02, 1.2E+02, 1.2E+02, 2.0E+00, 3.6E-07, 1.8E-07, 1.2E-07, 9.5E-08, 6.2E-08, 3.5E-08, 1.6E-08, 1.4E-08, 2.8E-08, 6.7E-08, 7.4E-08, 2.9E-06, 3.0E-06, 6.2E-08, 1.6E-07, 2.9E-06, 3.1E-06, 8.6E-06, 3.9E-07, 1.2E-06, 1.8E-06, 1.9E-06, 1.8E-06, 5.3E-06, 8.6E-06, 1.4E-05, 1.8E-05, 2.1E-05, 2.2E-05, 2.3E-05, 2.2E-05, 2.3E-05, 2.1E-05, 1.8E-05, 1.3E-05, 5.9E-06, 1.7E-06, 1.4E-06, 1.0E-06, 6.9E-07, 3.4E-07, 2.4E-07, 1.5E-07, 2.8E-06, 1.4E-07, 1.7E-07, 5.3E-06, 7.7E+00, 2.4E+01, 1.2E+02, 1.2E+02, 1.2E+02, 1.2E+02, 1.2E+02, 1.2E+02, 1.2E+02, 1.2E+02, 1.2E+02, 1.2E+02, 1.2E+02, 1.2E+02, 1.2E+02, 1.2E+02, 1.2E+02, 1.2E+02, 1.2E+02, 1.2E+02, 1.2E+02, 1.2E+02, 1.2E+02, 1.2E+02, 1.2E+02, 9.7E-06, 4.7E-07, 1.2E-07, 9.6E-08, 1.1E-07, 1.2E-07, 3.6E-06, 3.2E-06, 9.5E-06, 2.9E-06, 4.1E-06, 5.3E-07, 2.5E-06, 3.1E-06, 2.0E-05, 9.3E-07, 1.1E-05, 1.5E-05, 2.7E-05, 5.0E-06, 4.5E-05, 2.2E-06, 5.6E-06, 1.3E-05, 5.1E-05, 1.6E-06, 5.9E-05, 1.7E-06, 1.4E-06, 1.6E-06, 1.5E-06, 1.5E-06, 1.4E-06, 1.4E-06, 1.2E-06, 1.3E-06, 5.0E-05, 1.7E-05, 1.0E-06, 6.3E-06, 1.6E-06, 2.5E-05, 2.4E-05, 1.6E-05, 7.4E-06, 3.6E-06, 9.2E-07, 5.1E-07, 1.1E-05, 7.7E-07, 4.2E-07, 2.5E-07, 4.4E-07, 2.5E-07, 2.4E-07, 1.2E+02, 1.2E+02, 1.2E+02, 5.8E-07, 3.8E-07, 9.4E-07, 2.8E-07, 7.3E-07, 2.3E-07, 7.0E-07, 2.3E-07, 2.9E-07, 2.7E-07, 4.1E-07, 4.0E-07, 4.6E-07, 3.1E-06, 1.3E-06, 2.8E-07, 3.3E-07, 4.8E-07, 1.4E-06, 2.7E-07, 1.1E-06, 3.7E-07, 2.1E-07, 4.3E-07, 3.1E-07, 2.6E-07, 1.1E+02, 1.2E+02, 1.2E+02, 1.2E+02, 1.2E+02, 1.2E+02, 1.2E+02, 3.3E+01, 6.5E-06, 2.7E-07, 3.5E-06, 7.8E-07, 6.0E-06, 7.4E-01, 4.7E+00, 4.0E+00, 4.4E+00, 4.9E+00, 5.1E+00, 5.5E+00, 5.5E+00, 5.9E+00, 6.4E+00, 6.7E+00, 7.5E+00, 8.5E+00, 9.3E+00, 1.0E+01, 1.3E+01, 1.4E+01, 1.5E+01, 1.1E+01, 3.8E+01, 1.7E+01, 7.6E+01, 6.0E-05, 4.9E+01, 6.0E+01, 5.1E+01, 4.7E+01, 3.4E+01, 2.4E+01, 1.9E+01, 1.4E+01, 8.7E+00, 5.8E+00, 1.0E+02, 1.0E+02, 1.0E+02, 1.0E+02, 1.0E+02, 1.0E+02, 1.0E+02, 1.0E+02, 1.0E+02, 1.0E+02, 1.0E+02, 1.0E+02, 1.0E+02, 1.0E+02, 1.0E+02, 1.0E+02, 1.0E+02, 1.0E+02, 1.0E+02, 1.0E+02, 1.0E+02, 1.1E-06, 1.7E-07, 9.4E-08, 7.6E-08, 7.0E-08, 6.7E-08, 6.6E-08, 6.6E-08, 5.4E-08, 5.4E-08, 5.3E-08, 4.9E-08, 3.9E-08, 2.5E-08, 1.6E-08, 2.4E-08, 8.3E-08, 9.0E-08, 3.2E-07, 2.9E-06, 3.4E-06, 6.0E-08, 9.5E-08, 4.0E-07, 2.4E-06, 3.1E-06, 2.8E-06, 2.2E-06, 3.0E-06, 3.7E-06, 4.1E-06, 4.0E-06, 3.9E-06, 3.7E-06, 3.0E-06, 2.1E-06, 3.0E-06, 2.3E-06, 6.0E-06, 4.0E-06, 7.7E+00, 7.7E+00, 7.7E+00, 4.4E-08, 2.7E-08, 4.5E-08, 9.7E-08, 5.5E-07, 9.1E-07, 2.8E-07, 2.5E-07, 7.5E-07, 1.6E-08, 5.2E-10, 1.0E+02, 1.0E+02, 1.0E+02, 1.0E+02, 1.0E+02, 1.0E+02, 1.0E+02, 1.0E+02, 1.0E+02, 1.0E+02, 1.0E+02, 1.0E+02, 1.0E+02, 1.0E+02, 1.0E+02, 1.0E+02, 1.0E+02, 1.0E+02, 1.0E+02, 1.0E+02, 1.0E+02, 1.2E+02, 1.2E+02, 1.2E+02, 1.2E+02, 1.2E+02, 1.2E+02, 6.2E-07, 2.0E-07, 1.5E-07, 1.4E-07, 1.2E-07, 9.7E-08, 9.5E-08, 1.0E-07, 1.2E-07, 1.4E-07, 7.1E-07, 4.3E-06, 3.5E-06, 2.7E-07, 3.7E-06, 2.4E-06, 8.9E-06, 5.6E-07, 1.6E-06, 2.2E-06, 6.1E-06, 1.5E-05, 4.5E-07, 1.4E-06, 1.6E-06, 2.9E-06, 8.4E-06, 7.3E-06, 9.4E-06, 1.1E-05, 1.3E-05, 1.3E-05, 1.3E-05, 1.1E-05, 9.0E-06, 7.0E-06, 6.6E-06, 7.9E-06, 4.7E-06, 1.1E-06, 4.4E-07, 1.0E-06, 7.7E+00, 7.7E+00, 1.2E+02, 1.2E+02, 1.2E+02, 1.2E+02, 1.2E+02, 1.2E+02, 1.2E+02, 1.2E+02, 1.2E+02, 1.0E+02, 1.0E+02, 1.0E+02, 1.0E+02, 1.0E+02, 1.0E+02, 1.0E+02, 1.0E+02, 1.0E+02, 1.0E+02, 1.0E+02, 1.0E+02, 1.0E+02, 1.0E+02, 1.5E-05, 2.6E-07, 5.6E-08, 6.1E-08, 1.9E-06, 5.7E-06, 6.3E-07, 1.5E-06, 3.6E-06, 2.8E-05, 2.1E-06, 2.4E-05, 2.4E-05, 3.9E-05, 2.6E-05, 7.9E-07, 2.6E-06, 7.1E-06, 3.5E-05, 2.1E-06, 4.6E-06, 1.4E-06, 1.4E-06, 1.7E-06, 2.0E-06, 2.2E-06, 2.3E-06, 2.4E-06, 2.4E-06, 2.3E-06, 2.0E-06, 7.7E+00, 1.3E-06, 1.1E-06, 5.4E-05, 1.5E-05, 6.3E-06, 9.4E-07, 1.1E-06, 2.7E-05, 3.6E-07, 3.9E-07, 8.7E-06, 3.8E-06, 7.8E-07, 6.2E-07, 1.5E-05, 6.3E-07, 3.3E-07, 1.2E-06, 2.8E-07, 5.3E-07, 1.2E+02, 1.2E+02, 1.2E+02, 1.9E+01, 1.6E-06, 5.7E-07, 1.3E-06, 4.8E-07, 5.1E-07, 2.0E-07, 4.3E-07, 1.7E-07, 1.3E-06, 1.9E-07, 1.8E-07, 1.8E-07, 1.8E-07, 1.9E-07, 2.2E-07, 2.2E-07, 2.5E-07, 3.9E-07, 2.2E-06, 2.5E-07, 2.9E-07, 3.9E-07, 1.5E-06, 4.7E-07, 5.9E-07, 2.7E-07, 3.3E-07, 3.2E-07, 4.9E-06, 7.5E+01, 1.2E+02, 1.2E+02, 1.2E+02, 1.2E+02, 1.2E+02, 1.2E+02, 1.1E+02, 1.6E-06, 9.7E-07, 9.8E-07, 1.6E-07, 1.5E-07, 1.7E-07, 1.0E-06, 6.8E-08, 6.1E-07, 1.4E-08, 1.0E-07, 1.1E-06, 2.9E-07, 2.8E-05, 2.1E+01, 6.4E+00, 3.0E+01, 4.7E+01, 4.9E+01, 9.3E+00, 3.7E+01, 2.7E+01, 2.2E+01, 1.7E+01, 1.4E+01, 1.2E+01, 1.0E+01, 9.8E+00, 1.0E+01, 1.0E+01, 3.7E+01, 1.2E+00, 1.0E+02, 1.0E+02, 1.0E+02, 1.0E+02, 1.0E+02, 1.0E+02, 1.0E+02, 1.0E+02, 1.0E+02, 1.0E+02, 1.0E+02, 1.0E+02, 1.0E+02, 1.0E+02, 1.0E+02, 1.0E+02, 1.0E+02, 1.0E+02, 1.0E+02, 1.0E+02, 1.0E+02, 5.1E-06, 8.3E-07, 2.2E-07, 1.6E-07, 1.4E-07, 1.3E-07, 1.3E-07, 1.3E-07, 1.5E-07, 1.6E-07, 1.7E-07, 1.7E-07, 1.5E-07, 1.0E-07, 7.6E-08, 3.9E-08, 5.0E-08, 6.8E-08, 9.3E-08, 1.0E-07, 7.4E-08, 5.0E-07, 3.2E-06, 3.7E-06, 3.2E-06, 2.6E-06, 4.1E-06, 5.4E-06, 6.6E-06, 7.4E-08, 7.8E-08, 7.8E-08, 7.4E-06, 4.6E-06, 5.0E-06, 1.2E-05, 1.0E+02, 1.0E+02, 1.2E+02, 1.2E+02, 1.2E+02, 1.2E+02, 1.2E+02, 1.2E+02, 1.2E+02, 1.2E+02, 1.2E+02, 1.2E+02, 1.2E+02, 1.2E+02, 1.2E+02, 1.2E+02, 1.2E+02, 1.2E+02, 6.1E+01, 7.9E-06, 7.7E+00, 7.7E+00, 7.7E+00, 7.7E+00, 7.7E+00, 7.7E+00, 7.7E+00, 7.7E+00, 7.7E+00, 7.7E+00, 7.7E+00, 6.4E-06, 2.5E-05, 5.6E-07, 1.4E-05, 2.8E-05, 1.0E-07, 3.6E-06, 3.9E-05, 3.7E-05, 2.8E-05, 3.1E-06, 5.4E-06, 7.8E-06, 1.8E-05, 2.4E-05, 2.6E-05, 1.5E-05, 2.1E-05, 2.2E-05, 1.7E-05, 1.1E-05, 6.8E-06, 3.9E-06, 2.0E-06, 8.2E-07, 2.1E-05, 2.9E-05, 2.1E-05, 1.3E-05, 5.3E-06, 2.6E-06, 4.1E-07, 6.3E-06, 5.6E-07, 3.7E-07, 1.0E-07, 9.4E-07, 1.9E-07, 7.4E-08, 2.9E-07, 2.4E-06, 3.3E-04, 1.0E+02, 1.0E+02, 1.0E+02, 1.2E+02, 1.2E+02, 1.2E+02, 1.2E+02, 1.2E+02, 1.2E+02, 1.2E+02, 1.2E+02, 1.2E+02, 1.2E+02, 1.2E+02, 1.2E+02, 1.2E+02, 1.2E+02, 1.2E+02, 1.2E+02, 1.2E+02, 1.2E+02, 1.2E+02, 1.2E+02, 1.2E+02, 2.2E-06, 3.2E-06, 9.5E-07, 1.8E-06, 1.1E-06, 4.9E-06, 7.1E-06, 7.7E+00, 7.7E+00, 7.7E+00, 7.7E+00, 7.7E+00, 7.7E+00, 7.7E+00, 7.7E+00, 7.7E+00, 7.7E+00, 1.0E-05, 3.3E-07, 3.1E-05, 3.6E-05, 3.3E-05, 1.5E-06, 4.2E-06, 1.2E-05, 4.4E-05, 1.2E-06, 9.7E-06, 2.9E-06, 1.5E-06, 1.9E-06, 1.4E-06, 1.4E-06, 1.3E-06, 1.3E-06, 1.1E-06, 1.1E-06, 1.0E-06, 1.6E-05, 1.1E-05, 1.4E-05, 1.9E-06, 6.7E-05, 3.6E-05, 2.4E-05, 2.0E-05, 9.0E-06, 3.9E-06, 7.7E-07, 4.0E-07, 6.3E-06, 5.0E-07, 2.1E-07, 9.4E-07, 2.3E-07, 4.9E-09, 1.0E+02, 1.0E+02, 1.0E+02, 1.6E-06, 4.2E-07, 1.7E-07, 2.3E-08, 2.9E-07, 2.9E-07, 2.9E-06, 3.0E-07, 1.5E-08, 5.5E-07, 6.1E-08, 2.6E-08, 2.3E-08, 2.5E-08, 2.3E-08, 4.6E-08, 3.0E-07, 7.1E-07, 4.4E-10, 1.6E-06, 1.1E-06, 1.3E-07, 7.9E-07, 1.6E-06, 1.9E-07, 2.6E-06, 7.2E-07, 7.3E+01, 1.0E+02, 1.0E+02, 1.0E+02, 1.0E+02, 1.0E+02, 1.0E+02, 1.0E+02, 1.0E+02, 7.4E+01, 2.5E-07, 1.8E-07, 7.1E-08, 2.4E-07, 2.8E-07, 7.6E-08, 1.5E-07, 7.7E+00, 7.7E+00, 7.7E+00, 7.7E+00, 7.7E+00, 2.1E-07, 1.4E-10, 1.5E-09, 1.3E-09, 7.3E-07, 1.9E-08, 5.1E-09, 6.8E-07, 3.5E-07, 1.0E-06, 9.3E-08, 1.2E-05, 1.0E+02, 1.0E+02, 1.0E+02, 4.7E+01, 1.6E+01, 1.3E+01, 1.0E+02, 1.0E+02, 1.0E+02, 1.0E+02, 1.0E+02, 1.0E+02, 1.0E+02, 1.0E+02, 1.0E+02, 1.0E+02, 1.0E+02, 1.0E+02, 1.0E+02, 1.0E+02, 1.0E+02, 1.0E+02, 1.0E+02, 1.0E+02, 1.0E+02, 1.0E+02, 1.0E+02, 1.5E-06, 1.7E-07, 9.4E-08, 6.8E-08, 6.3E-08, 6.2E-08, 6.2E-08, 6.2E-08, 6.2E-08, 5.2E-08, 5.0E-08, 4.7E-08, 3.8E-08, 2.3E-08, 1.4E-08, 3.3E-08, 8.3E-08, 8.9E-08, 4.2E-07, 3.1E-06, 3.0E-06, 4.6E-06, 7.8E-08, 1.5E-07, 1.9E-06, 2.9E-06, 2.6E-06, 2.4E-06, 3.4E-06, 3.9E-06, 4.2E-06, 4.4E-06, 4.4E-06, 4.2E-06, 3.9E-06, 3.3E-06, 2.1E-06, 3.0E-06, 2.0E-06, 2.8E-07, 8.4E-08, 5.4E-08, 3.2E-06, 3.4E-06, 1.6E-06, 6.9E-08, 6.0E-07, 1.2E+02, 1.2E+02, 1.2E+02, 1.2E+02, 1.2E+02, 1.2E+02, 1.2E+02, 1.2E+02, 1.2E+02, 1.2E+02, 1.2E+02, 1.2E+02, 1.2E+02, 1.2E+02, 1.2E+02, 1.2E+02, 1.2E+02, 1.2E+02, 1.2E+02, 1.2E+02, 1.2E+02, 1.2E+02, 5.4E+01, 5.7E-07, 1.3E-07, 2.0E-08, 2.0E-08, 3.9E-08, 5.8E-08, 3.2E-06, 2.6E-06, 7.3E-08, 2.4E-06, 3.4E-06, 4.0E-07, 1.0E-05, 2.0E-06, 1.2E-05, 4.3E-07, 9.7E-06, 2.1E-05, 2.4E-05, 3.7E-05, 3.9E-06, 4.2E-05, 8.2E-07, 2.6E-06, 4.8E-06, 7.5E-06, 1.2E-05, 2.6E-05, 2.7E-05, 2.8E-05, 2.8E-05, 2.7E-05, 2.2E-05, 7.7E+00, 7.7E+00, 7.7E+00, 7.7E+00, 7.7E+00, 7.7E+00, 7.7E+00, 7.7E+00, 7.7E+00, 7.7E+00, 7.7E+00, 7.7E+00, 7.7E+00, 7.7E+00, 1.2E-06, 4.4E-07, 1.2E+02, 1.2E+02, 1.2E+02, 1.2E+02, 1.0E+02, 1.0E+02, 1.0E+02, 1.0E+02, 1.0E+02, 1.0E+02, 1.0E+02, 1.0E+02, 1.0E+02, 1.0E+02, 1.0E+02, 1.0E+02, 1.0E+02, 1.0E+02, 1.0E+02, 1.0E+02, 1.0E+02, 1.0E+02, 1.0E+02, 1.0E+02, 9.7E-06, 1.3E-07, 2.8E-07, 2.7E-06, 5.5E-08, 1.1E-06, 4.4E-06, 2.2E-06, 1.3E-06, 1.6E-05, 1.6E-05, 7.4E-07, 7.7E+00, 7.7E+00, 7.7E+00, 7.7E+00, 7.7E+00, 7.7E+00, 7.7E+00, 7.7E+00, 7.7E+00, 7.7E+00, 1.9E-05, 2.2E-06, 1.5E-05, 4.8E-06, 3.4E-06, 1.7E-06, 1.5E-06, 1.5E-06, 1.4E-06, 1.3E-06, 9.2E-07, 2.2E-05, 1.6E-05, 8.6E-07, 8.3E-06, 2.1E-06, 5.6E-05, 5.5E-05, 2.4E-07, 3.1E-07, 1.0E-05, 5.5E-06, 1.3E-06, 5.8E-07, 2.2E-05, 1.7E-06, 5.9E-07, 2.5E-07, 4.4E-07, 2.6E-07, 1.4E-07, 3.9E-07, 1.2E+02, 2.7E-04, 5.2E-06, 6.1E-07, 5.4E-07, 5.1E-07, 2.5E-07, 7.4E-07, 2.1E-07, 2.1E-07, 7.5E-07, 2.2E-07, 4.3E-07, 8.1E-07, 2.5E-07, 3.1E-07, 3.0E-07, 3.2E-07, 3.6E-07, 2.6E-06, 1.6E-06, 9.4E-07, 4.5E-07, 6.6E-07, 6.6E+01, 1.2E+02, 1.2E+02, 1.2E+02, 1.2E+02, 1.2E+02, 1.2E+02, 1.2E+02, 1.2E+02, 9.6E+00, 1.3E-06, 1.1E-06, 7.5E-07, 1.3E-06, 7.7E+00, 7.7E+00, 7.7E+00, 7.7E+00, 7.7E+00, 7.7E+00, 7.7E+00, 7.7E+00, 4.9E-07, 4.3E-07, 7.7E+00, 7.7E+00, 7.7E+00, 7.7E+00, 7.7E+00, 7.7E+00, 7.7E+00, 7.7E+00, 7.7E+00, 3.0E-07, 3.4E-07, 1.1E-06, 7.7E+00, 1.2E+02, 1.2E+02, 1.2E+02, 1.2E+02, 1.2E+02, 1.2E+02, 1.2E+02, 1.2E+02, 1.2E+02, 1.2E+02, 1.2E+02, 1.2E+02, 1.2E+02, 1.2E+02, 1.2E+02, 1.2E+02, 1.2E+02, 1.2E+02, 1.2E+02, 7.7E+00, 3.4E-07, 1.2E-07, 7.3E-08, 5.6E-08, 4.9E-08, 5.0E-08, 5.1E-08, 5.3E-08, 5.4E-08, 4.6E-08, 4.6E-08, 4.4E-08, 3.9E-08, 2.9E-08, 2.3E-08, 1.2E-08, 6.3E-08, 9.6E-08, 1.0E-07, 2.6E-06, 3.0E-06, 4.1E-06, 7.0E-08, 4.6E-07, 2.4E-06, 3.1E-06, 2.4E-06, 2.6E-06, 3.4E-06, 3.9E-06, 4.2E-06, 4.4E-06, 4.4E-06, 4.3E-06, 4.2E-06, 3.9E-06, 2.9E-06, 2.5E-06, 2.7E-06, 1.1E-06, 1.1E-07, 6.9E-08, 4.6E-08, 2.3E-06, 3.2E-06, 1.6E-07, 5.8E-08, 5.7E-08, 8.6E-08, 3.9E-07, 2.6E-07, 1.6E-06, 2.7E-06, 1.3E-06, 5.4E-07, 1.8E-06, 7.7E+00, 7.7E+00, 7.7E+00, 1.2E+02, 1.2E+02, 1.2E+02, 1.2E+02, 1.2E+02, 1.2E+02, 8.6E+01, 7.7E+00, 7.7E+00, 7.7E+00, 1.2E+02, 1.2E+02, 1.2E+02, 1.2E+02, 1.2E+02, 1.2E+02, 1.2E+02, 1.2E+02, 1.0E+02, 1.0E+02, 1.0E+02, 1.0E+02, 1.0E+02, 1.0E+02, 1.0E+02, 1.0E+02, 1.0E+02, 1.0E+02, 1.0E+02, 1.0E+02, 7.3E+01, 2.2E-07, 1.0E-07, 1.2E-07, 8.5E-08, 5.4E-08, 2.4E-08, 2.3E-08, 3.3E-08, 4.9E-08, 4.1E-06, 4.3E-06, 4.5E-06, 6.1E-07, 4.6E-06, 3.7E-06, 2.4E-05, 4.9E-06, 2.0E-06, 6.8E-06, 1.6E-05, 6.5E-07, 6.0E-06, 9.4E-06, 1.1E-05, 2.2E-05, 2.5E-05, 2.8E-05, 4.7E-05, 1.5E-06, 4.6E-05, 4.7E-05, 4.7E-05, 4.7E-05, 4.5E-05, 3.0E-05, 2.8E-05, 2.2E-05, 4.3E-05, 1.3E-05, 1.5E-05, 6.8E-06, 1.5E-06, 5.7E-07, 2.6E-05, 8.8E-06, 6.7E-07, 7.6E-07, 1.2E+02, 1.2E+02, 1.2E+02, 1.2E+02, 1.2E+02, 1.2E+02, 1.2E+02, 1.2E+02, 1.2E+02, 1.2E+02, 1.2E+02, 1.2E+02, 1.2E+02, 1.2E+02, 1.2E+02, 1.2E+02, 1.2E+02, 1.2E+02, 1.2E+02, 1.0E+02, 1.0E+02, 1.0E+02, 1.0E+02, 2.2E-06, 8.4E-08, 2.1E-07, 4.2E-08, 5.9E-08, 2.0E-06, 5.6E-06, 8.1E-07, 1.9E-06, 9.7E-06, 4.4E-07, 1.4E-05, 2.5E-05, 3.9E-05, 3.2E-05, 6.3E-07, 4.4E-06, 2.5E-05, 1.3E-06, 2.8E-06, 1.5E-06, 2.1E-06, 2.4E-06, 2.6E-06, 2.7E-06, 3.2E-06, 3.9E-08, 4.4E-08, 4.1E-08, 4.2E-08, 4.1E-08, 3.8E-08, 3.9E-08, 3.3E-06, 3.1E-06, 2.8E-06, 2.5E-06, 2.6E-06, 1.7E-06, 1.3E-06, 5.9E-06, 5.4E-06, 1.1E-06, 2.5E-06, 2.0E-07, 1.8E-05, 1.5E-06, 2.3E-06, 1.4E-05, 1.0E-05, 3.4E-06, 9.4E-07, 4.6E-07, 1.2E+02, 1.2E+02, 1.2E+02, 1.2E+02, 1.2E+02, 1.0E+02, 5.9E-07, 9.2E-07, 2.9E-07, 1.4E-06, 5.6E-07, 8.5E-07, 4.0E-07, 3.9E-07, 5.9E-07, 6.2E-07, 6.5E-07, 6.3E-07, 4.7E-07, 4.7E-07, 4.8E-07, 4.9E-07, 5.1E-07, 5.8E-07, 1.2E-06, 5.5E-07, 7.7E+00, 5.5E-07, 5.4E-07, 1.7E-06, 6.6E-06, 7.7E+00, 7.7E+00, 7.7E+00, 7.7E+00, 7.7E+00, 7.7E+00, 7.7E+00, 7.7E+00, 7.7E+00, 7.7E+00, 7.7E+00, 1.4E-06, 4.9E-06, 2.8E-07, 7.5E-07, 7.7E+00, 7.7E+00, 7.7E+00, 7.7E+00, 7.7E+00, 7.7E+00, 7.7E+00, 7.7E+00, 1.4E+01, 1.2E+02, 1.2E+02, 1.2E+02, 1.2E+02, 1.2E+02, 1.2E+02, 1.2E+02, 1.2E+02, 1.2E+02, 1.2E+02, 1.2E+02, 1.2E+02, 1.2E+02, 1.2E+02, 1.2E+02, 1.2E+02, 1.2E+02, 1.2E+02, 1.2E+02, 1.2E+02, 1.0E+02, 1.0E+02, 8.9E+01, 2.4E-07, 8.7E-08, 5.7E-08, 4.4E-08, 3.8E-08, 3.4E-08, 3.2E-08, 3.3E-08, 3.7E-08, 3.2E-08, 3.5E-08, 3.8E-08, 3.9E-08, 4.0E-08, 3.9E-08, 3.5E-08, 2.5E-08, 1.9E-08, 8.2E-08, 1.4E-07, 1.5E-07, 2.8E-08, 6.2E-08, 5.2E-08, 7.5E-08, 1.1E-07, 7.5E-07, 2.5E-06, 2.8E-06, 3.9E-06, 3.3E-06, 3.6E-06, 7.4E-06, 6.4E-06, 1.1E-05, 4.6E-06, 4.4E-06, 8.1E-06, 3.5E-06, 6.1E-06, 4.0E-06, 5.4E-07, 7.1E-07, 1.5E-06, 5.5E-06, 1.4E-05, 1.0E-05, 5.1E-06, 7.3E-07, 2.6E-07, 2.8E-07, 7.7E+00, 7.7E+00, 7.7E+00, 7.7E+00, 7.7E+00, 6.2E-07, 2.0E-06, 5.2E-07, 3.3E-07, 6.8E-07, 1.3E-07, 1.2E+02, 1.2E+02, 1.2E+02, 1.2E+02, 1.2E+02, 1.2E+02, 1.2E+02, 1.2E+02, 1.2E+02, 1.2E+02, 1.2E+02, 1.2E+02, 1.2E+02, 1.2E+02, 1.2E+02, 1.2E+02, 1.2E+02, 1.2E+02, 1.2E+02, 1.2E+02, 1.2E+02, 1.2E+02, 1.2E+02, 7.7E+00, 7.7E+00, 7.7E+00, 7.7E+00, 7.7E+00, 7.5E-07, 3.7E-07, 2.7E-07, 2.2E-07, 1.9E-07, 1.8E-07, 2.0E-07, 1.8E-07, 2.2E-07, 1.9E-06, 3.2E-06, 3.3E-06, 8.1E-06, 2.1E-06, 2.1E-06, 5.5E-06, 4.5E-07, 1.5E-06, 2.0E-06, 2.2E-06, 5.8E-06, 6.8E-07, 5.0E-07, 8.0E-07, 1.1E-06, 1.0E-06, 9.3E-07, 3.9E-06, 1.3E-05, 6.4E-07, 5.0E-07, 9.5E-06, 4.3E-07, 1.4E-05, 8.4E-07, 4.9E-08, 1.0E+02, 1.2E+02, 1.2E+02, 1.2E+02, 1.2E+02, 1.2E+02, 1.2E+02, 1.2E+02, 1.2E+02, 1.2E+02, 1.2E+02, 1.2E+02, 1.2E+02, 1.2E+02, 1.2E+02, 1.2E+02, 1.2E+02, 1.2E+02, 1.2E+02, 1.2E+02, 1.2E+02, 1.2E+02, 7.7E+00, 7.7E+00, 7.7E+00, 7.7E-07, 1.4E-06, 1.9E-05, 6.6E-07, 2.6E-05, 4.2E-05, 3.4E-05, 8.3E-07, 5.2E-06, 3.0E-06, 2.1E-06, 2.5E-06, 2.6E-06, 4.8E-08, 4.5E-07, 4.0E-06, 2.3E-07, 7.4E-07, 1.9E-06, 5.4E-05, 3.6E-06, 2.0E-05, 3.5E-05, 3.5E-05, 3.9E-05, 3.7E-05, 3.9E-07, 3.8E-07, 3.7E-05, 3.4E-05, 3.8E-05, 3.6E-05, 2.0E-05, 1.1E-06, 6.2E-05, 4.9E-05, 1.4E-06, 1.1E-06, 6.0E-07, 5.1E-07, 5.6E-07, 9.6E-07, 1.6E-06, 5.3E-05, 7.6E-07, 8.4E-06, 3.3E-07, 4.0E-05, 4.1E-05, 4.1E-05, 4.1E-05, 4.1E-05, 3.9E-05, 2.4E-05, 2.3E-05, 4.6E-05, 1.5E-06, 6.1E-07, 1.2E-06, 2.8E-07, 3.7E-08, 3.4E-07, 1.7E-06, 2.2E-07, 1.2E-06, 2.3E-07, 3.6E-07, 8.2E-07, 1.2E-06, 1.2E+02, 1.2E+02, 1.2E+02, 1.2E+02, 1.2E+02, 1.2E+02, 1.2E+02, 1.2E+02, 1.2E+02, 1.2E+02, 5.2E-07, 1.0E-06, 7.4E-07, 1.7E-06, 4.6E-07, 7.7E+00, 7.7E+00, 7.7E+00, 7.7E+00, 7.7E+00, 7.7E+00, 7.7E+00, 7.7E+00, 7.7E+00, 7.7E+00, 7.7E+00, 7.7E+00, 4.5E-05, 4.3E-05, 2.9E-05, 7.0E-05, 1.9E-06, 5.2E-06, 7.7E+00, 7.7E+00, 7.7E+00, 7.7E+00, 7.7E+00, 7.7E+00, 3.0E-06, 3.0E-06, 3.1E-06, 2.8E-06, 2.6E-06, 2.0E-06, 2.0E-06, 6.6E-07, 1.8E-07, 8.5E-09, 1.0E+02, 1.0E+02, 1.0E+02, 1.0E+02, 1.0E+02, 9.2E-09, 2.0E-08, 6.0E-06, 6.1E-06, 5.8E-06, 4.8E-06, 4.7E-06, 3.7E-06, 1.7E-06, 3.9E-06, 9.0E-07, 1.0E+02, 1.0E+02, 1.0E+02, 1.0E+02, 1.0E+02, 1.0E+02, 1.0E+02, 1.0E+02, 1.0E+02, 1.0E+02, 1.0E+02, 1.0E+02, 1.0E+02, 1.0E+02, 1.0E+02, 1.0E+02, 1.0E+02, 1.0E+02, 1.0E+02, 1.0E+02, 1.0E+02, 1.0E+02, 1.0E+02, 1.0E+02, 1.0E+02, 1.0E+02, 1.0E+02, 1.0E+02, 1.0E+02, 1.0E+02, 4.7E-09, 8.8E-08, 3.8E-06, 4.1E-07, 2.1E-05, 3.2E-06, 2.3E-06, 1.9E-06, 1.4E-06, 9.9E-07, 9.9E-08, 1.0E-07, 1.0E-07, 1.1E-07, 1.1E-07, 1.1E-07, 1.1E-07, 9.9E-06, 3.0E-07, 8.4E-07, 6.0E-06, 3.4E-07, 2.6E-07, 7.1E-07, 4.6E-07, 9.9E-07, 4.7E-07, 7.9E-07, 2.8E-07, 1.1E-08, 7.7E+00, 7.7E+00, 7.7E+00, 7.7E+00, 7.7E+00, 7.7E+00, 7.7E+00, 7.7E+00, 7.7E+00, 7.7E+00, 7.7E+00, 7.7E+00, 7.7E+00, 7.7E+00, 7.7E+00, 7.7E+00, 7.7E+00, 7.7E+00, 7.7E+00, 7.7E+00, 7.7E+00, 7.7E+00, 7.7E+00, 9.4E-08, 1.3E-07, 4.5E-07, 1.5E-07, 1.4E-07, 1.4E-07, 1.4E-07, 1.4E-07, 1.4E-07, 1.5E-07, 1.6E-07, 1.7E-07, 1.8E-07, 1.9E-07, 2.0E-07, 2.0E-07, 2.1E-07, 2.1E-07, 2.2E-07, 2.3E-07, 1.4E-07, 1.5E-07, 1.0E+02, 1.0E+02, 1.0E+02, 1.0E+02, 1.0E+02, 1.0E+02, 1.0E+02, 1.0E+02, 1.0E+02, 1.0E+02, 1.0E+02, 1.0E+02, 1.0E+02, 1.0E+02, 1.0E+02, 1.0E+02, 1.0E+02, 2.7E-05, 7.7E+00, 7.7E+00, 7.7E+00, 7.7E+00, 2.0E-07, 9.8E-08, 8.1E-08, 1.3E-07, 1.8E-08, 1.9E-06, 1.0E+02, 1.0E+02, 1.0E+02, 1.0E+02, 1.0E+02, 1.0E+02, 1.0E+02, 1.0E+02, 1.0E+02, 1.0E+02, 1.0E+02, 1.0E+02, 1.0E+02, 1.0E+02, 1.0E+02, 1.0E+02, 1.0E+02, 1.0E+02, 1.0E+02, 1.0E+02, 1.9E-07, 7.2E-08, 3.1E-06, 2.3E-07, 1.1E-06, 2.6E-05, 4.9E-07, 2.4E-05, 3.1E-05, 3.1E-05, 1.2E-08, 8.2E-06, 3.7E-06, 2.2E-06, 2.6E-06, 2.5E-06, 4.4E-08, 2.6E-07, 2.4E-06, 1.7E-07, 1.9E-06, 8.6E-07, 8.8E-07, 8.8E-07, 4.7E-05, 5.5E-05, 5.6E-05, 9.6E-07, 8.3E-07, 6.0E-05, 2.4E-06, 9.4E-07, 5.3E-05, 1.2E-06, 8.5E-07, 7.7E-07, 4.6E-07, 8.2E-07, 7.7E+00, 4.9E-07, 2.8E-07, 7.7E+00, 7.7E+00, 6.2E-07, 7.3E-06, 4.4E-07, 4.8E-07, 2.3E-07, 3.0E-07, 2.8E-07, 6.0E-06, 2.0E-06, 9.3E-07, 4.8E-07, 4.1E-06, 5.7E-07, 9.9E-07, 1.2E+02, 1.2E+02, 1.2E+02, 1.2E+02, 1.2E+02, 1.2E+02, 1.3E-05, 1.7E-06, 6.9E-07, 2.2E-07, 2.4E-07, 5.4E-07, 2.3E-07, 2.7E-07, 2.6E-07, 4.3E-07, 7.1E-07, 7.1E-07, 6.8E-07, 6.5E-07, 6.4E-07, 6.5E-07, 6.6E-07, 7.0E-07, 7.5E-07, 8.2E-07, 8.5E-07, 8.9E-07, 8.9E-07, 7.7E+00, 7.5E-07, 7.4E-07, 8.4E-07, 1.0E-06, 5.8E-07, 6.2E-07, 7.7E+00, 7.7E+00, 7.7E+00, 7.7E+00, 7.7E+00, 7.7E+00, 7.7E+00, 7.7E+00, 7.7E+00, 7.7E+00, 7.7E+00, 6.8E-07, 7.6E-07, 4.6E-07, 1.0E-06, 1.1E-06, 7.7E+00, 7.7E+00, 7.7E+00, 7.7E+00, 7.1E+01, 1.2E+02, 1.2E+02, 1.2E+02, 1.2E+02, 1.2E+02, 1.2E+02, 1.2E+02, 1.0E+02, 1.0E+02, 1.0E+02, 1.0E+02, 1.0E+02, 1.0E+02, 1.0E+02, 1.0E+02, 1.0E+02, 1.0E+02, 1.0E+02, 1.0E+02, 1.0E+02, 1.0E+02, 1.0E+02, 1.0E+02, 1.0E+02, 1.0E+02, 6.5E+01, 1.6E-07, 7.3E-08, 5.2E-08, 4.3E-08, 3.9E-08, 3.6E-08, 3.5E-08, 3.4E-08, 3.8E-08, 4.3E-08, 4.8E-08, 5.2E-08, 4.6E-08, 4.7E-08, 4.6E-08, 3.9E-08, 2.7E-08, 3.5E-08, 9.9E-08, 1.4E-07, 1.0E-07, 1.6E-07, 2.7E-06, 3.2E-06, 4.1E-08, 6.3E-08, 9.1E-08, 1.3E-07, 7.4E-07, 2.2E-06, 2.8E-06, 2.9E-06, 3.0E-06, 3.0E-06, 3.0E-06, 2.8E-06, 2.2E-06, 8.7E-07, 1.7E-07, 9.4E-08, 6.7E-08, 4.8E-08, 2.7E-06, 3.6E-06, 9.3E-07, 1.2E+02, 1.2E+02, 1.2E+02, 1.2E+02, 1.2E+02, 1.2E+02, 1.2E+02, 1.2E+02, 1.2E+02, 1.2E+02, 1.2E+02, 1.2E+02, 1.2E+02, 1.2E+02, 1.2E+02, 1.2E+02, 1.2E+02, 1.2E+02, 1.2E+02, 1.2E+02, 1.2E+02, 1.2E+02, 1.2E+02, 7.7E+00, 7.7E+00, 7.7E+00, 7.7E+00, 7.7E+00, 7.7E+00, 7.7E+00, 7.7E+00, 7.7E+00, 7.5E-07, 2.1E-06, 8.0E-07, 3.0E-05, 1.3E-06, 2.5E-05, 3.3E-05, 7.0E-05, 1.3E-06, 6.4E-06, 5.2E-05, 2.1E-06, 1.5E-06, 1.7E-06, 2.3E-06, 2.7E-06, 4.8E-08, 4.8E-08, 3.8E-08, 1.6E-07, 2.4E-07, 5.5E-07, 3.5E-07, 3.2E-07, 2.3E-07, 5.8E-06, 4.5E-08, 4.1E-08, 3.5E-06, 2.9E-06, 2.5E-06, 1.8E-06, 1.2E-06, 2.0E-05, 8.4E-06, 1.8E-06, 3.8E-07, 1.6E-07, 2.8E-05, 1.3E-06, 2.8E-07, 2.4E-07, 5.2E-07, 2.8E-07, 2.0E-07, 7.7E+00, 1.2E+02, 1.2E+02, 1.2E+02, 1.2E+02, 1.2E+02, 1.2E+02, 1.2E+02, 1.2E+02, 1.2E+02, 1.2E+02, 1.2E+02, 1.2E+02, 1.2E+02, 1.2E+02, 1.2E+02, 1.2E+02, 1.2E+02, 1.2E+02, 1.2E+02, 1.2E+02, 7.7E+00, 7.7E+00, 7.7E+00, 7.7E+00, 7.7E+00, 7.7E+00, 7.7E+00, 9.4E-08, 1.3E-06, 3.6E-06, 6.9E-08, 4.6E-07, 4.2E-06, 1.2E-05, 1.0E-06, 1.7E-06, 2.8E-06, 1.5E-05, 3.3E-07, 8.1E-07, 1.3E-05, 2.4E-05, 2.4E-05, 2.3E-05, 3.1E-05, 1.2E-05, 3.5E-05, 3.9E-05, 3.9E-05, 3.9E-05, 2.4E-05, 3.1E-05, 3.9E-05, 2.7E-05, 2.4E-05, 2.1E-05, 5.2E-07, 7.9E-06, 1.1E-05, 4.9E-06, 4.5E-06, 4.0E-07, 3.4E-07, 8.0E-06, 5.8E-06, 5.6E-07, 2.5E-07, 7.4E-06, 2.1E-07, 8.0E-08, 2.1E-08, 3.4E-07, 2.1E-06, 1.0E-07, 2.2E-07, 2.2E-07, 2.4E-07, 7.8E-07, 1.2E-07, 1.0E-06, 1.4E-06, 4.8E-07, 3.9E-07, 3.1E-07, 2.8E-07, 3.2E-07, 3.6E-07, 6.6E-07, 3.4E-07, 4.0E-07, 4.0E-07, 1.4E-06, 3.4E-07, 2.7E-06, 1.2E+02, 1.2E+02, 1.2E+02, 1.2E+02, 1.2E+02, 1.2E+02, 1.2E+02, 1.2E+02, 1.2E+02, 7.7E+00, 7.7E+00, 7.7E+00, 7.7E+00, 7.7E+00, 7.7E+00, 7.7E+00, 7.7E+00, 7.7E+00, 7.7E+00, 3.0E-07, 2.9E-07, 6.2E-07, 1.1E-05, 3.8E-07, 9.6E-06, 3.2E-07, 4.5E-07, 4.2E-07, 3.2E-07, 2.9E-07, 3.6E-07, 3.3E-07, 3.1E-07, 3.1E-07, 7.7E+00, 7.7E+00, 7.7E+00, 7.7E+00, 7.7E+00, 7.7E+00, 7.7E+00, 7.7E+00, 1.2E+02, 1.2E+02, 1.2E+02, 1.2E+02, 1.2E+02, 1.2E+02, 1.2E+02, 1.2E+02, 1.2E+02, 1.2E+02, 1.2E+02, 1.2E+02, 1.2E+02, 1.2E+02, 1.2E+02, 1.2E+02, 1.2E+02, 1.2E+02, 1.2E+02, 1.2E+02, 1.2E+02, 4.3E+01, 7.7E+00, 7.7E+00, 7.7E+00, 7.7E+00, 3.4E-08, 3.2E-08, 3.0E-08, 2.9E-08, 2.8E-08, 3.0E-08, 3.0E-08, 2.6E-08, 4.8E-08, 1.8E-08, 2.9E-08, 1.1E-07, 1.2E-07, 2.3E-06, 4.8E-08, 6.7E-08, 5.7E-07, 3.0E-06, 2.7E-06, 6.3E-06, 2.3E-05, 5.1E-07, 1.1E-06, 1.9E-06, 2.0E-06, 2.1E-06, 1.9E-06, 3.3E-06, 4.3E-06, 1.4E-06, 7.6E-06, 3.0E-06, 4.9E-06, 3.8E-06, 1.4E-06, 1.1E-06, 7.7E-07, 4.4E-07, 1.4E-07, 2.4E-07, 5.0E-06, 2.5E-06, 2.9E-07, 1.5E-07, 2.9E-06, 1.8E-06, 1.7E-07, 3.6E-07, 9.2E-07, 3.4E-07, 6.8E-07, 8.1E-07, 9.0E-07, 1.5E-06, 1.2E-06, 4.1E+01, 1.2E+02, 1.2E+02, 1.2E+02, 1.2E+02, 1.2E+02, 1.2E+02, 3.4E+01, 5.0E+01, 2.4E+00, 5.8E+00, 6.1E+00

Carbohydrate Events (123 total):
  - Week 1 Day 1 06:15: 80.4g (breakfast)
  - Week 1 Day 1 10:24: 14.2g (morning_snack)
  - Week 1 Day 1 13:05: 105.9g (lunch)
  - Week 1 Day 1 15:23: 12.0g (afternoon_snack)
  - Week 1 Day 1 19:17: 103.4g (dinner)
  - Week 1 Day 2 06:56: 113.1g (breakfast)
  - Week 1 Day 2 10:24: 17.2g (morning_snack)
  - Week 1 Day 2 12:37: 80.4g (lunch)
  - Week 1 Day 2 16:35: 16.2g (afternoon_snack)
  - Week 1 Day 2 18:13: 111.9g (dinner)
  - Week 1 Day 3 06:13: 116.4g (breakfast)
  - Week 1 Day 3 09:12: 14.6g (morning_snack)
  - Week 1 Day 3 13:52: 113.5g (lunch)
  - Week 1 Day 3 15:13: 15.3g (afternoon_snack)
  - Week 1 Day 3 18:59: 105.9g (dinner)
  - Week 1 Day 4 06:54: 83.6g (breakfast)
  - Week 1 Day 4 09:54: 17.1g (morning_snack)
  - Week 1 Day 4 13:06: 119.6g (lunch)
  - Week 1 Day 4 16:33: 11.9g (afternoon_snack)
  - Week 1 Day 4 19:04: 119.2g (dinner)
  - Week 1 Day 5 07:35: 85.7g (breakfast)
  - Week 1 Day 5 09:43: 18.7g (morning_snack)
  - Week 1 Day 5 13:38: 111.9g (lunch)
  - Week 1 Day 5 16:40: 17.9g (afternoon_snack)
  - Week 1 Day 5 18:04: 83.6g (dinner)
  - Week 1 Day 6 07:07: 118.8g (breakfast)
  - Week 1 Day 6 10:18: 10.1g (morning_snack)
  - Week 1 Day 6 12:32: 84.8g (lunch)
  - Week 1 Day 6 15:16: 12.0g (afternoon_snack)
  - Week 1 Day 6 18:36: 119.6g (dinner)
  - Week 1 Day 7 06:35: 98.6g (breakfast)
  - Week 1 Day 7 09:18: 16.6g (morning_snack)
  - Week 1 Day 7 12:58: 90.1g (lunch)
  - Week 1 Day 7 15:16: 14.4g (afternoon_snack)
  - Week 1 Day 7 18:13: 113.5g (dinner)
  - Week 2 Day 1 07:09: 92.1g (breakfast)
  - Week 2 Day 1 09:15: 16.2g (morning_snack)
  - Week 2 Day 1 12:08: 117.2g (lunch)
  - Week 2 Day 1 16:49: 10.6g (afternoon_snack)
  - Week 2 Day 1 18:31: 113.1g (dinner)
  - Week 2 Day 2 06:07: 94.1g (breakfast)
  - Week 2 Day 2 10:01: 16.3g (morning_snack)
  - Week 2 Day 2 14:00: 90.9g (lunch)
  - Week 2 Day 2 15:23: 17.8g (afternoon_snack)
  - Week 2 Day 2 18:20: 96.2g (dinner)
  - Week 2 Day 3 06:54: 80.8g (breakfast)
  - Week 2 Day 3 09:09: 12.4g (morning_snack)
  - Week 2 Day 3 13:23: 111.5g (lunch)
  - Week 2 Day 3 16:11: 10.8g (afternoon_snack)
  - Week 2 Day 3 18:37: 113.1g (dinner)
  - Week 2 Day 4 07:28: 103.0g (breakfast)
  - Week 2 Day 4 09:18: 18.9g (morning_snack)
  - Week 2 Day 4 13:34: 103.0g (lunch)
  - Week 2 Day 4 15:43: 14.1g (afternoon_snack)
  - Week 2 Day 4 19:09: 85.7g (dinner)
  - Week 2 Day 5 06:25: 116.0g (breakfast)
  - Week 2 Day 5 09:58: 17.0g (morning_snack)
  - Week 2 Day 5 13:52: 97.8g (lunch)
  - Week 2 Day 5 15:21: 13.4g (afternoon_snack)
  - Week 2 Day 5 18:55: 120.0g (dinner)
  - Week 2 Day 6 07:47: 100.6g (breakfast)
  - Week 2 Day 6 10:38: 17.6g (morning_snack)
  - Week 2 Day 6 13:04: 103.0g (lunch)
  - Week 2 Day 6 15:14: 19.2g (afternoon_snack)
  - Week 2 Day 6 18:55: 83.6g (dinner)
  - Week 2 Day 7 07:18: 112.7g (breakfast)
  - Week 2 Day 7 09:15: 19.3g (morning_snack)
  - Week 2 Day 7 13:41: 88.1g (lunch)
  - Week 2 Day 7 15:29: 14.8g (afternoon_snack)
  - Week 2 Day 7 18:50: 89.7g (dinner)
  - Week 3 Day 1 06:03: 113.5g (breakfast)
  - Week 3 Day 1 10:41: 12.6g (morning_snack)
  - Week 3 Day 1 12:38: 117.6g (lunch)
  - Week 3 Day 1 15:54: 14.3g (afternoon_snack)
  - Week 3 Day 1 18:35: 82.4g (dinner)
  - Week 3 Day 2 07:36: 87.3g (breakfast)
  - Week 3 Day 2 09:42: 12.4g (morning_snack)
  - Week 3 Day 2 13:47: 80.0g (lunch)
  - Week 3 Day 2 16:06: 14.8g (afternoon_snack)
  - Week 3 Day 2 18:58: 103.0g (dinner)
  - Week 3 Day 3 06:37: 92.9g (breakfast)
  - Week 3 Day 3 10:24: 11.6g (morning_snack)
  - Week 3 Day 3 12:33: 86.9g (lunch)
  - Week 3 Day 3 15:24: 19.0g (afternoon_snack)
  - Week 3 Day 3 18:29: 115.2g (dinner)
  - Week 3 Day 4 07:22: 94.5g (breakfast)
  - Week 3 Day 4 10:55: 18.4g (morning_snack)
  - Week 3 Day 4 13:47: 101.0g (lunch)
  - Week 3 Day 4 16:09: 18.4g (afternoon_snack)
  - Week 3 Day 4 19:13: 99.8g (dinner)
  - Week 3 Day 5 07:51: 89.7g (breakfast)
  - Week 3 Day 5 09:31: 17.1g (morning_snack)
  - Week 3 Day 5 12:16: 82.4g (lunch)
  - Week 3 Day 5 15:07: 10.2g (afternoon_snack)
  - Week 3 Day 5 18:42: 116.0g (dinner)
  - Week 3 Day 6 07:13: 97.4g (breakfast)
  - Week 3 Day 6 10:20: 15.3g (morning_snack)
  - Week 3 Day 6 12:47: 105.1g (lunch)
  - Week 3 Day 6 15:58: 16.1g (afternoon_snack)
  - Week 3 Day 6 18:44: 100.2g (dinner)
  - Week 3 Day 7 06:26: 93.3g (breakfast)
  - Week 3 Day 7 09:37: 15.3g (morning_snack)
  - Week 3 Day 7 13:50: 112.7g (lunch)
  - Week 3 Day 7 15:14: 13.3g (afternoon_snack)
  - Week 3 Day 7 19:20: 103.8g (dinner)
  - Week 4 Day 1 07:01: 81.2g (breakfast)
  - Week 4 Day 1 10:06: 17.6g (morning_snack)
  - Week 4 Day 1 13:34: 92.5g (lunch)
  - Week 4 Day 1 15:13: 17.2g (afternoon_snack)
  - Week 4 Day 1 18:29: 96.6g (dinner)
  - Week 4 Day 2 07:57: 115.6g (breakfast)
  - Week 4 Day 2 09:50: 15.9g (morning_snack)
  - Week 4 Day 2 13:39: 84.8g (lunch)
  - Week 4 Day 2 15:40: 18.3g (afternoon_snack)
  - Week 4 Day 2 18:54: 103.0g (dinner)
  - Week 4 Day 3 06:55: 92.1g (breakfast)
  - Week 4 Day 3 10:57: 14.7g (morning_snack)
  - Week 4 Day 3 12:06: 111.9g (lunch)
  - Week 4 Day 3 16:05: 13.9g (afternoon_snack)
  - Week 4 Day 3 18:52: 80.8g (dinner)
  - Week 4 Day 4 06:07: 105.9g (breakfast)
  - Week 4 Day 4 10:24: 17.5g (morning_snack)
  - Week 4 Day 4 13:53: 99.4g (lunch)

Running Events (25 total):
 - Week 1 Day 1 06:22: Running avg speed 5.0 mph for 30 min
 - Week 1 Day 2 06:22: Running avg speed 5.0 mph for 30 min
 - Week 1 Day 3 06:22: Running avg speed 5.0 mph for 30 min
 - Week 1 Day 4 06:22: Running avg speed 5.0 mph for 30 min
 - Week 1 Day 5 06:22: Running avg speed 5.0 mph for 30 min
 - Week 1 Day 6 06:22: Running avg speed 5.0 mph for 30 min
 - Week 1 Day 7 06:22: Running avg speed 5.0 mph for 30 min
 - Week 2 Day 1 06:22: Running avg speed 5.0 mph for 30 min
 - Week 2 Day 2 06:22: Running avg speed 5.0 mph for 30 min
 - Week 2 Day 3 06:22: Running avg speed 5.0 mph for 30 min
 - Week 2 Day 4 06:22: Running avg speed 5.0 mph for 30 min
 - Week 2 Day 5 06:22: Running avg speed 5.0 mph for 30 min
 - Week 2 Day 6 06:22: Running avg speed 5.0 mph for 30 min
 - Week 2 Day 7 06:22: Running avg speed 5.0 mph for 30 min
 - Week 3 Day 1 06:22: Running avg speed 5.0 mph for 30 min
 - Week 3 Day 2 06:22: Running avg speed 5.0 mph for 30 min
 - Week 3 Day 3 06:22: Running avg speed 5.0 mph for 30 min
 - Week 3 Day 4 06:22: Running avg speed 5.0 mph for 30 min
 - Week 3 Day 5 06:22: Running avg speed 5.0 mph for 30 min
 - Week 3 Day 6 06:22: Running avg speed 5.0 mph for 30 min
 - Week 3 Day 7 06:22: Running avg speed 5.0 mph for 30 min
 - Week 4 Day 1 06:22: Running avg speed 5.0 mph for 30 min
 - Week 4 Day 2 06:22: Running avg speed 5.0 mph for 30 min
 - Week 4 Day 3 06:22: Running avg speed 5.0 mph for 30 min
 - Week 4 Day 4 06:22: Running avg speed 5.0 mph for 30 min

Cycling Events (24 total):
  - Week 1 Day 1 17:12: Cycling avg power 90.0 for 20 min
  - Week 1 Day 2 17:53: Cycling avg power 90.0 for 20 min
  - Week 1 Day 3 17:39: Cycling avg power 90.0 for 20 min
  - Week 1 Day 4 16:38: Cycling avg power 90.0 for 20 min
  - Week 1 Day 5 17:07: Cycling avg power 90.0 for 20 min
  - Week 1 Day 6 16:56: Cycling avg power 90.0 for 20 min
  - Week 1 Day 7 17:32: Cycling avg power 90.0 for 20 min
  - Week 2 Day 1 16:25: Cycling avg power 90.0 for 20 min
  - Week 2 Day 2 16:56: Cycling avg power 90.0 for 20 min
  - Week 2 Day 3 16:13: Cycling avg power 90.0 for 20 min
  - Week 2 Day 4 17:20: Cycling avg power 90.0 for 20 min
  - Week 2 Day 5 16:04: Cycling avg power 90.0 for 20 min
  - Week 2 Day 6 16:42: Cycling avg power 90.0 for 20 min
  - Week 2 Day 7 17:45: Cycling avg power 90.0 for 20 min
  - Week 3 Day 1 16:00: Cycling avg power 90.0 for 20 min
  - Week 3 Day 2 17:07: Cycling avg power 90.0 for 20 min
  - Week 3 Day 3 16:42: Cycling avg power 90.0 for 20 min
  - Week 3 Day 4 17:51: Cycling avg power 90.0 for 20 min
  - Week 3 Day 5 17:43: Cycling avg power 90.0 for 20 min
  - Week 3 Day 6 17:36: Cycling avg power 90.0 for 20 min
  - Week 3 Day 7 17:52: Cycling avg power 90.0 for 20 min
  - Week 4 Day 1 16:41: Cycling avg power 90.0 for 20 min
  - Week 4 Day 2 16:12: Cycling avg power 90.0 for 20 min
  - Week 4 Day 3 17:52: Cycling avg power 90.0 for 20 min



Question: Is the patient likely to remain within 70–180 mg/dL for the rest of the day?

Instructions: Take the current glucose, insulin values, food intake and exercise events and predict if the blood glucose values will be lower than 70mg/dL or higher than 180mg/dL at any point from now until the end of the day. If you think the blood glucose values will be between 70mg/dL and 180mg/dL at all points from now until the end of the day, answer 'Yes', otherwise answer 'No'

Expected Answer Type: string

Example Answer: No

Please analyze the data carefully and provide your answer as a **json object** in the exact format specified by the answer type. Be precise and base your response only on the data provided.

Conclude your analysis with: 
```json 
{"answer": your answer here}
```