You are a medical AI assistant analyzing diabetes management data. Based on the patient's health data, answer the following question accurately.

PATIENT DATA OVERVIEW:
This data represents a continuous glucose monitoring (CGM) session for a diabetes patient. The data includes:
- Blood glucose readings taken every 5 minutes, begining at Week 1, Day 1, 00:00 (normal range: 70-180 mg/dL)
- Carbohydrate intake events with timing and amounts
- Insulin delivery events (basal background insulin and bolus meal insulin)
- Physical activity events (running/cycling with duration and intensity)

The data may contain various artifacts, sensor issues, or abnormal patterns that need to be identified and analyzed.

Patient Health Data:

Blood Glucose Readings (mg/dL, every 5 minutes): 6912 readings
  Values: 108.0, 108.0, 108.0, 108.0, 108.0, 108.0, 108.1, 108.1, 108.3, 108.4, 108.6, 108.8, 109.1, 109.3, 109.5, 109.7, 109.8, 110.0, 110.1, 110.1, 110.2, 110.2, 110.2, 110.2, 110.2, 110.2, 110.2, 110.2, 110.2, 110.2, 110.2, 110.2, 110.2, 110.2, 110.2, 110.2, 110.2, 110.2, 110.2, 110.2, 110.2, 110.2, 110.2, 110.2, 110.2, 110.2, 110.2, 110.2, 110.2, 110.2, 110.2, 110.2, 110.2, 110.2, 110.2, 110.2, 110.2, 110.2, 110.2, 110.2, 110.2, 110.2, 110.2, 110.2, 110.2, 110.2, 110.2, 110.2, 110.2, 110.2, 110.2, 110.2, 110.2, 110.2, 110.2, 110.2, 110.2, 110.2, 109.7, 106.8, 103.2, 99.8, 97.1, 95.0, 93.9, 95.1, 97.2, 99.5, 101.3, 102.8, 104.2, 105.7, 107.4, 109.5, 112.0, 114.7, 117.7, 120.8, 124.0, 127.0, 129.6, 131.8, 133.4, 134.5, 135.0, 135.0, 134.5, 133.6, 132.4, 131.0, 129.3, 127.5, 125.6, 123.7, 121.7, 119.8, 118.0, 116.2, 114.5, 112.9, 111.4, 110.1, 108.9, 107.9, 107.2, 106.9, 107.0, 107.4, 108.0, 108.8, 109.6, 110.5, 111.4, 112.3, 113.1, 113.9, 114.6, 115.1, 115.5, 115.8, 115.9, 115.8, 115.7, 115.4, 115.1, 114.7, 114.3, 113.8, 113.4, 113.0, 112.6, 112.3, 112.0, 111.7, 111.5, 111.3, 111.1, 111.0, 110.9, 110.8, 110.7, 110.8, 111.3, 112.5, 114.3, 117.1, 120.6, 125.1, 130.3, 136.4, 143.1, 150.3, 157.6, 164.6, 171.3, 177.3, 182.6, 187.0, 190.6, 193.2, 194.9, 195.7, 195.5, 194.5, 192.7, 190.2, 187.0, 183.3, 179.2, 174.9, 170.3, 165.6, 160.9, 156.2, 151.6, 147.1, 142.8, 138.7, 134.7, 130.9, 127.2, 123.7, 120.3, 116.9, 113.6, 109.4, 107.0, 103.7, 101.7, 100.0, 99.5, 98.8, 98.5, 98.0, 97.7, 97.5, 97.3, 97.1, 97.1, 97.2, 97.3, 97.6, 98.1, 98.9, 100.0, 101.2, 102.4, 103.7, 104.8, 105.8, 106.6, 107.1, 107.3, 107.2, 106.8, 106.2, 105.4, 104.6, 103.9, 103.3, 102.9, 102.8, 103.0, 103.4, 103.9, 104.6, 105.2, 105.8, 106.2, 106.6, 106.7, 106.6, 106.3, 105.7, 104.9, 103.9, 102.6, 101.2, 99.7, 98.0, 96.2, 94.3, 92.3, 90.0, 87.2, 85.9, 84.0, 82.5, 80.8, 79.3, 77.8, 76.4, 75.1, 73.9, 72.7, 71.7, 70.8, 70.0, 69.3, 68.7, 68.2, 67.9, 67.6, 67.4, 67.4, 67.5, 67.7, 68.0, 68.4, 68.8, 69.5, 70.2, 71.0, 71.7, 72.4, 72.9, 73.2, 73.3, 73.1, 72.7, 72.0, 71.1, 69.9, 68.6, 67.0, 65.3, 63.4, 61.3, 59.0, 57.3, 55.3, 53.5, 51.7, 50.0, 48.3, 46.7, 45.2, 43.7, 42.3, 41.0, 39.8, 38.7, 37.6, 36.7, 35.9, 35.1, 34.5, 34.0, 33.6, 33.3, 33.0, 32.9, 32.8, 32.8, 32.8, 32.9, 33.1, 33.3, 33.5, 33.7, 34.0, 34.2, 34.3, 34.4, 34.4, 34.2, 33.9, 33.5, 32.9, 32.2, 31.4, 30.5, 29.5, 28.6, 27.6, 26.7, 25.8, 24.9, 24.1, 23.3, 22.5, 21.8, 21.2, 20.6, 20.0, 19.5, 19.1, 18.8, 18.5, 18.4, 18.3, 18.2, 18.1, 18.4, 19.0, 19.7, 20.3, 20.7, 21.0, 21.3, 21.6, 22.0, 22.4, 22.8, 23.2, 23.7, 24.3, 25.1, 26.2, 27.6, 29.4, 31.5, 34.0, 36.8, 39.7, 42.7, 45.7, 48.5, 51.1, 53.5, 55.6, 57.4, 58.9, 60.2, 61.1, 61.7, 61.9, 61.7, 61.1, 59.9, 58.3, 57.4, 55.7, 54.3, 52.4, 50.8, 48.8, 47.4, 45.7, 45.0, 43.5, 43.4, 42.7, 42.3, 44.0, 46.2, 48.8, 51.7, 55.1, 58.8, 62.9, 67.4, 72.4, 77.8, 83.6, 89.9, 96.6, 103.7, 111.2, 119.1, 127.3, 135.7, 144.3, 153.0, 161.7, 170.4, 178.8, 186.9, 194.4, 200.5, 205.6, 209.8, 213.3, 216.2, 218.8, 221.1, 225.8, 235.2, 244.1, 253.2, 262.2, 271.3, 280.7, 290.8, 301.4, 312.5, 323.7, 334.7, 345.4, 355.5, 364.8, 373.4, 381.3, 388.2, 393.9, 398.3, 401.4, 403.0, 403.2, 402.0, 399.5, 395.6, 390.5, 384.3, 377.1, 369.1, 360.6, 351.6, 342.3, 332.8, 322.1, 311.1, 300.3, 290.0, 281.2, 273.4, 266.2, 259.4, 253.0, 247.1, 241.5, 236.3, 231.5, 227.1, 223.1, 219.5, 216.3, 213.4, 211.0, 208.9, 207.2, 205.9, 204.8, 204.2, 204.0, 204.4, 205.5, 207.1, 209.4, 212.3, 215.7, 219.4, 223.1, 226.8, 230.2, 233.3, 235.9, 237.9, 239.3, 239.9, 239.8, 238.9, 237.3, 234.8, 231.7, 228.0, 223.7, 219.0, 214.0, 208.8, 203.5, 198.1, 192.8, 187.6, 182.5, 177.6, 173.0, 168.5, 164.4, 160.5, 156.9, 153.5, 150.5, 147.7, 145.2, 143.0, 141.0, 139.3, 137.9, 136.7, 135.7, 135.0, 134.4, 134.2, 134.1, 134.2, 134.5, 135.0, 135.6, 136.3, 137.1, 137.9, 138.6, 139.2, 139.5, 139.6, 139.5, 138.9, 138.0, 136.8, 135.2, 133.3, 131.2, 128.8, 126.4, 123.8, 121.3, 118.7, 116.2, 113.7, 111.4, 109.1, 107.0, 105.1, 103.3, 101.7, 100.2, 98.9, 97.8, 96.8, 96.0, 95.3, 94.9, 94.5, 94.3, 94.3, 94.4, 94.6, 95.0, 95.4, 96.0, 96.6, 97.1, 97.6, 98.0, 98.3, 98.4, 98.3, 98.1, 97.7, 97.3, 96.7, 96.0, 95.3, 94.5, 93.8, 93.0, 92.2, 91.4, 90.7, 90.1, 89.5, 89.0, 88.6, 88.3, 88.0, 87.9, 87.9, 88.0, 88.2, 88.4, 88.8, 89.4, 90.0, 90.7, 91.6, 92.5, 93.6, 94.8, 96.0, 97.4, 98.9, 100.4, 102.0, 103.2, 102.2, 100.6, 99.1, 98.0, 97.3, 97.1, 98.9, 101.3, 103.6, 105.7, 107.4, 109.1, 110.9, 112.8, 114.8, 117.0, 119.2, 121.4, 123.5, 125.5, 127.2, 128.5, 129.4, 129.8, 129.9, 129.6, 129.0, 128.1, 127.0, 125.8, 124.4, 123.0, 121.5, 120.0, 118.5, 117.0, 115.6, 114.2, 112.9, 111.6, 110.5, 109.4, 108.4, 107.5, 106.7, 106.0, 105.4, 104.9, 104.6, 104.3, 104.2, 104.2, 104.4, 104.6, 105.1, 106.0, 107.7, 109.7, 111.9, 114.0, 116.1, 117.9, 119.5, 120.8, 121.9, 122.6, 123.1, 123.4, 123.4, 123.2, 122.8, 122.4, 122.1, 122.2, 122.6, 123.4, 124.7, 126.4, 128.6, 131.1, 133.9, 137.0, 140.2, 143.5, 146.6, 149.3, 151.5, 153.2, 154.2, 154.5, 154.2, 153.3, 151.7, 149.7, 147.1, 144.2, 141.0, 137.5, 133.9, 130.1, 126.4, 122.6, 118.7, 114.7, 110.3, 106.0, 103.8, 99.9, 98.0, 95.0, 93.7, 91.3, 90.4, 88.1, 87.4, 85.1, 84.7, 82.4, 82.2, 79.8, 79.8, 77.5, 77.6, 75.0, 74.4, 71.1, 70.3, 67.7, 67.7, 66.7, 67.2, 66.7, 67.2, 67.0, 67.4, 67.4, 67.8, 68.1, 68.5, 69.0, 69.6, 70.3, 71.2, 72.5, 74.4, 76.7, 79.6, 82.9, 86.7, 90.8, 95.2, 99.8, 104.3, 108.7, 112.9, 116.7, 120.1, 123.1, 125.5, 127.5, 128.8, 129.6, 129.8, 129.5, 128.6, 127.3, 125.5, 123.4, 121.0, 118.3, 115.5, 112.7, 109.8, 107.0, 104.1, 101.4, 98.7, 96.2, 93.7, 91.4, 89.1, 86.9, 84.6, 82.3, 80.0, 78.9, 77.3, 76.1, 74.9, 73.9, 72.9, 72.1, 71.4, 70.8, 70.4, 70.0, 69.8, 69.7, 69.7, 69.9, 70.3, 70.9, 71.7, 72.6, 73.5, 74.4, 75.3, 76.0, 76.6, 77.0, 77.3, 77.4, 77.2, 76.8, 76.1, 75.2, 74.1, 72.8, 71.3, 69.7, 67.9, 66.0, 63.8, 61.5, 58.9, 56.4, 53.8, 51.2, 48.6, 46.0, 44.1, 42.1, 40.4, 38.7, 37.3, 35.9, 34.7, 33.6, 32.6, 31.7, 30.9, 30.2, 29.6, 29.1, 28.7, 28.4, 28.1, 28.0, 27.9, 28.0, 28.1, 28.2, 28.5, 28.8, 29.1, 29.5, 30.0, 30.4, 30.7, 31.1, 31.3, 31.4, 31.4, 31.2, 30.9, 30.4, 29.7, 29.0, 28.1, 27.1, 26.2, 25.2, 24.3, 23.4, 22.5, 21.6, 20.8, 20.0, 19.4, 19.0, 18.7, 18.5, 18.4, 18.3, 18.2, 18.1, 18.1, 18.1, 18.1, 18.0, 18.0, 18.0, 18.0, 18.0, 18.3, 19.0, 19.7, 20.5, 21.2, 21.8, 22.5, 23.1, 23.8, 24.6, 25.3, 26.0, 26.9, 28.1, 29.6, 31.4, 33.6, 36.0, 38.8, 42.0, 45.5, 49.1, 53.0, 56.8, 60.7, 64.5, 68.2, 71.7, 75.0, 77.9, 80.5, 82.7, 84.5, 85.8, 86.7, 87.2, 87.2, 86.8, 86.0, 84.9, 83.4, 81.8, 80.1, 78.6, 77.2, 75.9, 74.7, 73.3, 72.0, 70.6, 69.1, 67.4, 65.3, 63.1, 62.0, 60.0, 58.7, 56.9, 55.6, 53.9, 52.7, 51.2, 50.2, 48.9, 47.9, 46.8, 45.9, 45.0, 44.3, 43.6, 43.0, 42.5, 42.1, 41.7, 41.5, 41.3, 41.2, 41.1, 41.1, 41.2, 41.3, 41.4, 41.7, 42.2, 43.1, 44.4, 46.2, 48.5, 51.3, 54.8, 58.9, 63.6, 69.0, 74.9, 81.0, 87.3, 93.7, 100.1, 106.4, 112.5, 118.5, 124.3, 130.1, 135.7, 141.0, 145.6, 149.6, 153.0, 155.6, 157.5, 158.7, 159.2, 159.0, 158.2, 156.8, 154.9, 152.6, 148.9, 144.7, 140.2, 135.9, 132.6, 129.9, 127.7, 125.9, 124.7, 124.5, 125.6, 125.5, 125.7, 126.1, 126.9, 128.0, 129.3, 130.8, 132.6, 134.5, 136.5, 138.7, 140.9, 143.1, 145.2, 147.3, 149.1, 150.8, 152.2, 153.2, 153.9, 154.2, 154.0, 153.8, 153.5, 153.4, 153.3, 153.3, 153.0, 152.3, 151.4, 150.4, 149.6, 149.1, 148.7, 148.6, 148.6, 148.7, 148.8, 148.7, 148.4, 147.8, 146.9, 145.7, 144.2, 142.5, 140.8, 139.3, 138.3, 138.5, 139.2, 139.4, 140.3, 142.0, 144.4, 147.6, 151.7, 156.7, 162.6, 169.5, 177.4, 186.4, 194.6, 201.9, 208.4, 214.1, 219.1, 223.5, 227.3, 230.5, 233.2, 235.5, 237.3, 238.7, 239.7, 240.3, 240.6, 240.6, 240.2, 239.6, 238.7, 237.5, 236.2, 234.9, 234.6, 237.9, 240.1, 243.2, 246.3, 248.5, 250.3, 251.9, 253.8, 256.2, 259.2, 262.7, 266.5, 270.4, 274.2, 277.6, 280.6, 283.0, 284.6, 285.5, 285.5, 284.7, 282.9, 280.3, 276.8, 272.6, 267.6, 262.1, 256.1, 249.9, 243.5, 237.0, 230.5, 224.2, 218.1, 212.2, 206.6, 201.3, 196.3, 191.7, 187.4, 183.5, 180.0, 176.8, 173.9, 171.4, 169.2, 167.3, 165.7, 164.4, 163.3, 162.6, 162.1, 161.8, 161.8, 162.0, 162.5, 163.1, 163.9, 164.9, 165.9, 166.8, 167.7, 168.4, 168.9, 169.0, 168.7, 168.0, 166.9, 165.3, 163.1, 158.2, 152.4, 146.7, 141.1, 135.9, 131.0, 128.3, 126.3, 124.2, 121.8, 119.1, 116.2, 113.1, 110.0, 107.0, 103.9, 101.0, 98.3, 96.0, 94.1, 92.7, 91.8, 91.5, 91.6, 92.2, 93.0, 94.1, 95.3, 96.6, 97.9, 99.2, 100.5, 101.8, 103.3, 104.9, 106.4, 107.7, 108.7, 109.3, 109.5, 109.2, 108.6, 107.6, 106.2, 104.6, 102.5, 100.1, 97.2, 95.9, 93.5, 91.7, 89.4, 87.5, 85.5, 83.7, 81.8, 80.2, 78.6, 77.2, 75.8, 74.6, 73.6, 72.6, 71.8, 71.1, 70.5, 70.0, 69.7, 69.4, 69.3, 69.3, 69.4, 69.6, 70.0, 70.5, 71.2, 72.3, 73.7, 75.6, 78.0, 81.1, 84.8, 89.2, 94.2, 99.6, 105.1, 110.6, 115.8, 120.5, 124.7, 128.3, 131.1, 133.3, 134.7, 135.4, 135.4, 134.8, 133.6, 131.8, 129.5, 126.6, 123.0, 117.9, 116.9, 111.7, 110.2, 104.4, 103.5, 98.7, 94.6, 92.3, 87.6, 86.9, 84.8, 86.6, 92.7, 100.0, 108.7, 118.9, 130.5, 143.8, 158.9, 174.2, 187.8, 199.9, 210.6, 220.0, 228.2, 235.2, 241.3, 246.5, 250.8, 254.3, 257.1, 259.2, 260.6, 261.5, 261.9, 261.7, 260.7, 259.1, 257.2, 254.8, 252.6, 250.9, 256.6, 257.9, 262.4, 265.3, 269.3, 273.0, 277.0, 280.9, 283.9, 286.4, 288.7, 291.0, 293.5, 296.3, 299.2, 302.2, 305.1, 307.9, 310.5, 312.9, 315.0, 316.9, 318.4, 319.6, 320.3, 320.4, 319.8, 318.4, 316.2, 313.2, 309.4, 304.8, 299.6, 294.0, 287.9, 281.6, 275.2, 268.7, 262.2, 255.9, 249.7, 243.8, 238.1, 232.8, 227.8, 223.1, 218.8, 214.8, 211.1, 207.9, 204.9, 202.3, 200.0, 198.1, 196.5, 195.2, 194.2, 193.6, 193.2, 193.1, 193.4, 193.8, 194.5, 195.4, 196.4, 197.5, 198.6, 199.5, 200.3, 200.8, 201.0, 200.9, 200.2, 199.1, 197.5, 195.4, 192.9, 190.0, 186.7, 183.3, 179.6, 175.9, 172.2, 168.5, 164.8, 161.3, 157.9, 154.7, 151.7, 149.0, 146.4, 144.0, 141.9, 140.0, 138.4, 137.0, 135.7, 134.8, 134.0, 133.4, 133.0, 132.9, 132.9, 133.1, 133.5, 134.0, 134.7, 135.5, 136.4, 137.2, 137.9, 138.5, 138.8, 138.9, 138.7, 138.1, 137.2, 135.9, 134.5, 132.7, 130.9, 128.9, 126.8, 124.7, 122.6, 120.6, 118.6, 116.7, 114.9, 113.3, 111.8, 110.4, 109.2, 108.2, 107.3, 106.5, 106.0, 105.5, 105.3, 105.1, 105.2, 105.4, 105.4, 103.4, 101.1, 99.2, 97.8, 96.9, 96.8, 99.1, 102.3, 105.8, 109.3, 112.8, 116.2, 119.5, 122.6, 125.4, 127.7, 129.5, 130.7, 131.4, 131.6, 131.4, 130.8, 129.9, 128.8, 127.5, 126.0, 124.5, 123.0, 121.4, 119.9, 118.5, 117.1, 115.8, 114.7, 113.6, 112.7, 111.9, 111.3, 110.7, 110.4, 110.1, 110.0, 110.1, 110.2, 110.6, 111.0, 111.6, 112.2, 112.9, 113.5, 114.1, 114.7, 115.3, 116.1, 117.2, 118.3, 119.2, 120.0, 120.7, 121.1, 121.3, 121.5, 121.5, 121.4, 121.2, 121.0, 120.9, 120.6, 120.4, 120.2, 119.9, 119.6, 119.2, 118.9, 118.4, 118.0, 117.5, 117.0, 116.6, 116.2, 116.2, 116.5, 117.4, 118.8, 120.8, 123.4, 126.4, 129.9, 133.8, 138.0, 142.3, 146.4, 150.2, 153.5, 156.2, 158.2, 159.5, 160.0, 159.8, 158.9, 157.3, 155.1, 152.5, 149.4, 146.1, 142.7, 139.4, 136.2, 133.2, 130.3, 127.5, 124.6, 121.7, 118.7, 115.4, 111.5, 109.3, 106.8, 104.5, 102.0, 99.8, 97.6, 95.5, 93.5, 91.4, 89.0, 86.1, 83.4, 81.1, 79.4, 78.5, 77.9, 77.6, 77.3, 77.2, 77.1, 77.0, 77.1, 77.2, 77.4, 77.7, 78.3, 79.0, 80.1, 81.6, 83.6, 86.1, 89.1, 92.4, 96.1, 100.1, 104.2, 108.4, 112.4, 116.3, 120.0, 123.3, 126.2, 128.6, 130.5, 132.0, 132.8, 133.1, 132.9, 132.0, 130.7, 128.8, 126.5, 123.9, 120.9, 117.7, 114.4, 111.1, 107.7, 104.4, 101.1, 98.0, 94.9, 91.8, 88.8, 85.7, 82.3, 80.8, 78.2, 76.5, 74.3, 72.6, 70.7, 69.1, 67.5, 66.1, 64.7, 63.5, 62.4, 61.5, 60.7, 60.0, 59.4, 59.0, 58.6, 58.4, 58.3, 58.4, 58.5, 58.7, 59.0, 59.4, 60.0, 60.6, 61.3, 62.1, 62.8, 63.4, 63.9, 64.2, 64.3, 64.1, 63.7, 63.1, 62.2, 61.0, 59.6, 58.0, 56.1, 54.0, 51.8, 49.9, 48.0, 46.2, 44.4, 42.8, 41.1, 39.6, 38.2, 36.9, 35.7, 34.6, 33.6, 32.6, 31.8, 31.0, 30.4, 29.8, 29.4, 29.0, 28.7, 28.5, 28.4, 28.3, 28.4, 28.5, 28.6, 28.8, 29.0, 29.3, 29.6, 29.8, 30.0, 30.2, 30.2, 30.1, 29.9, 29.6, 29.1, 28.5, 27.7, 26.9, 26.0, 25.1, 24.3, 23.4, 22.5, 21.7, 20.9, 20.2, 19.6, 19.1, 18.8, 18.6, 18.4, 18.3, 18.2, 18.2, 18.1, 18.1, 18.1, 18.0, 18.0, 18.0, 18.0, 18.0, 18.0, 18.0, 18.0, 18.3, 19.1, 20.0, 20.7, 21.3, 21.8, 22.3, 22.8, 23.4, 24.2, 25.2, 26.5, 28.2, 30.2, 32.7, 35.7, 39.2, 43.1, 47.4, 51.9, 56.6, 61.4, 66.2, 70.9, 75.6, 80.0, 84.2, 88.1, 91.6, 94.7, 97.4, 99.5, 101.3, 102.8, 104.2, 105.5, 106.5, 107.1, 107.2, 106.8, 105.9, 104.7, 103.1, 101.2, 99.2, 97.0, 94.7, 92.4, 90.2, 87.9, 85.8, 83.7, 81.7, 79.9, 78.1, 76.5, 75.1, 73.7, 72.4, 71.1, 69.8, 68.6, 67.4, 66.6, 66.0, 65.6, 65.6, 66.3, 67.8, 70.3, 73.9, 78.6, 84.3, 91.1, 98.7, 106.9, 115.3, 123.8, 132.2, 140.2, 147.8, 154.7, 161.0, 166.5, 171.1, 174.8, 177.6, 179.5, 180.5, 180.6, 179.9, 178.3, 176.1, 173.3, 169.9, 166.2, 162.2, 158.0, 153.6, 149.2, 144.6, 139.9, 134.8, 128.9, 126.5, 121.6, 118.9, 114.5, 111.9, 107.9, 105.5, 101.9, 99.9, 96.6, 94.9, 92.0, 90.7, 88.1, 87.1, 84.9, 84.2, 82.9, 83.0, 82.4, 82.6, 81.9, 81.2, 80.4, 80.0, 80.1, 80.8, 81.8, 82.8, 83.8, 84.8, 85.8, 86.7, 87.6, 88.6, 89.8, 91.0, 92.3, 93.5, 94.6, 95.5, 96.3, 96.8, 97.2, 97.5, 97.7, 97.9, 98.1, 98.4, 98.7, 99.0, 99.4, 99.9, 100.3, 100.8, 101.2, 101.5, 101.6, 101.5, 101.1, 100.4, 99.5, 98.3, 96.7, 94.7, 91.6, 91.2, 88.3, 87.3, 84.3, 83.3, 80.1, 79.4, 75.7, 75.6, 73.3, 70.1, 69.7, 67.0, 66.1, 63.6, 63.5, 61.7, 59.7, 59.6, 57.6, 57.3, 55.4, 55.9, 54.9, 53.3, 53.7, 52.6, 52.6, 51.9, 52.2, 51.7, 52.3, 52.0, 52.6, 52.8, 53.4, 53.8, 54.6, 55.2, 56.1, 56.9, 57.9, 59.0, 60.3, 61.9, 63.6, 65.3, 67.1, 68.7, 70.2, 71.6, 72.9, 73.9, 74.6, 75.1, 75.4, 75.3, 74.9, 74.2, 73.2, 71.9, 70.4, 68.6, 66.5, 64.2, 61.4, 58.5, 55.4, 52.3, 49.3, 46.1, 43.4, 41.1, 38.7, 36.7, 34.7, 33.0, 31.2, 30.0, 28.5, 27.4, 26.2, 25.3, 24.4, 23.5, 22.9, 22.2, 21.7, 21.1, 20.7, 20.3, 20.0, 19.7, 19.5, 19.4, 19.4, 19.4, 19.5, 19.6, 19.7, 20.0, 20.2, 20.5, 20.8, 21.1, 21.5, 21.9, 22.3, 22.8, 23.2, 23.7, 24.2, 22.9, 21.5, 20.5, 19.8, 19.3, 19.4, 20.3, 21.6, 22.8, 23.5, 23.9, 23.8, 23.5, 23.2, 22.8, 22.5, 22.4, 22.4, 22.5, 22.9, 23.4, 24.1, 24.9, 26.0, 27.0, 28.3, 29.2, 30.5, 31.0, 33.0, 36.4, 40.8, 45.9, 51.8, 58.5, 66.3, 75.1, 85.2, 96.8, 110.4, 126.0, 143.7, 162.4, 179.0, 193.5, 206.1, 217.0, 226.2, 233.9, 240.3, 245.4, 249.4, 252.4, 254.5, 255.7, 256.0, 255.5, 254.2, 252.5, 255.4, 259.3, 263.1, 267.4, 271.8, 276.6, 281.6, 286.4, 290.5, 294.4, 298.9, 304.3, 311.3, 319.8, 329.9, 341.5, 354.1, 367.3, 380.7, 394.0, 406.7, 418.8, 429.9, 439.9, 448.6, 456.0, 461.9, 466.2, 469.1, 470.3, 470.1, 468.3, 465.1, 460.4, 454.5, 447.3, 439.2, 430.2, 420.6, 410.5, 400.1, 389.5, 379.0, 368.5, 358.2, 348.3, 338.7, 329.4, 320.7, 312.4, 304.5, 297.2, 290.4, 284.0, 278.1, 272.6, 267.6, 263.1, 259.1, 256.0, 253.5, 251.6, 250.2, 249.1, 248.2, 247.6, 247.3, 247.2, 247.3, 247.6, 248.1, 248.7, 249.6, 250.7, 251.9, 253.2, 254.5, 255.7, 255.7, 255.2, 254.3, 253.2, 252.7, 252.2, 251.2, 249.5, 247.1, 244.0, 240.2, 235.7, 230.8, 225.5, 220.0, 214.3, 208.6, 202.9, 197.4, 192.0, 186.9, 182.1, 177.5, 173.2, 169.3, 165.8, 162.9, 160.5, 158.6, 157.4, 156.7, 156.6, 157.0, 158.0, 159.6, 161.5, 163.8, 166.2, 168.6, 171.0, 173.2, 175.2, 176.9, 178.2, 179.1, 179.6, 179.5, 179.0, 178.0, 176.5, 174.6, 172.3, 169.6, 166.7, 163.6, 160.4, 157.2, 153.9, 150.7, 147.5, 144.5, 141.6, 138.9, 136.4, 134.0, 131.8, 129.9, 128.1, 126.5, 125.2, 124.0, 123.0, 122.3, 121.7, 121.3, 121.1, 121.0, 121.2, 121.5, 121.9, 122.5, 123.1, 123.9, 124.6, 125.2, 125.7, 126.0, 126.1, 125.9, 125.4, 124.5, 123.3, 121.8, 120.1, 118.1, 115.9, 113.6, 111.2, 108.8, 106.4, 104.1, 101.8, 99.6, 97.5, 95.6, 93.8, 92.1, 90.6, 89.3, 88.1, 87.0, 86.1, 85.4, 84.8, 84.3, 84.0, 83.8, 83.7, 83.8, 84.0, 84.4, 84.8, 85.3, 85.8, 86.3, 86.8, 87.1, 87.3, 87.4, 87.4, 87.2, 86.9, 86.5, 86.1, 85.5, 85.0, 84.4, 83.9, 83.3, 82.9, 82.4, 82.0, 81.7, 81.5, 81.3, 81.3, 81.3, 81.4, 81.7, 82.0, 82.1, 80.2, 78.0, 76.2, 75.1, 74.7, 74.9, 77.4, 80.7, 84.4, 88.1, 92.1, 96.3, 101.1, 106.3, 112.0, 118.0, 124.1, 130.1, 135.7, 140.7, 145.2, 148.8, 151.7, 153.7, 154.9, 155.2, 154.9, 153.9, 152.4, 150.5, 148.3, 145.8, 143.1, 140.4, 137.5, 134.7, 132.0, 129.2, 126.6, 124.2, 121.9, 119.9, 118.6, 117.8, 117.3, 117.1, 117.1, 117.1, 117.2, 117.3, 117.6, 117.8, 118.2, 118.6, 119.1, 119.7, 120.3, 120.9, 121.6, 122.2, 122.7, 123.1, 123.3, 123.3, 123.1, 122.8, 122.2, 121.5, 120.7, 119.8, 119.1, 118.9, 119.4, 120.8, 123.2, 126.7, 131.2, 136.5, 142.4, 148.3, 154.2, 159.8, 164.9, 169.4, 173.3, 176.4, 178.7, 180.2, 181.0, 181.0, 180.3, 179.0, 177.0, 174.4, 171.5, 168.2, 164.7, 161.0, 157.2, 153.4, 149.6, 145.9, 142.3, 138.8, 135.4, 132.1, 129.0, 125.9, 122.9, 119.9, 116.8, 113.2, 111.8, 109.4, 107.8, 105.8, 104.2, 102.6, 101.2, 99.9, 98.7, 97.7, 97.2, 97.1, 97.5, 98.1, 98.8, 99.6, 100.5, 101.4, 101.4, 101.5, 101.7, 102.3, 104.0, 106.1, 108.1, 110.0, 111.6, 112.8, 113.7, 114.1, 114.1, 113.8, 113.0, 111.8, 110.3, 108.5, 106.4, 104.1, 101.6, 99.1, 96.5, 93.9, 91.3, 88.8, 86.4, 84.1, 82.0, 80.0, 78.1, 76.4, 74.9, 73.8, 73.1, 72.8, 73.1, 73.9, 75.2, 76.9, 79.1, 81.5, 84.0, 86.6, 89.1, 91.6, 93.9, 96.0, 97.8, 99.3, 100.5, 101.4, 101.9, 102.0, 101.7, 101.1, 100.2, 98.9, 97.4, 95.6, 93.7, 91.7, 89.6, 87.4, 85.3, 83.2, 81.1, 79.0, 76.9, 74.7, 72.0, 70.8, 68.9, 67.4, 65.7, 64.2, 62.7, 61.4, 60.0, 58.9, 57.8, 56.9, 56.1, 55.4, 54.8, 54.3, 54.0, 53.8, 53.6, 53.6, 53.7, 53.8, 54.1, 54.4, 54.8, 55.3, 55.9, 56.4, 57.0, 57.3, 57.6, 57.6, 57.5, 57.0, 56.4, 55.4, 54.3, 52.8, 51.2, 49.6, 48.0, 46.4, 44.7, 43.1, 41.5, 40.0, 38.6, 37.2, 35.9, 34.7, 33.6, 32.6, 31.6, 30.8, 30.0, 29.3, 28.7, 28.2, 27.7, 27.4, 27.1, 27.0, 26.8, 26.8, 26.8, 26.8, 27.0, 27.1, 27.3, 27.5, 27.7, 27.9, 28.0, 28.1, 28.0, 27.9, 27.6, 27.2, 26.7, 26.1, 25.5, 24.7, 23.9, 23.1, 22.3, 21.6, 20.8, 20.1, 19.5, 19.1, 18.8, 18.6, 18.4, 18.3, 18.3, 18.6, 19.0, 19.2, 19.3, 19.3, 19.3, 19.3, 19.3, 19.5, 20.0, 20.7, 21.9, 23.5, 25.6, 28.1, 31.1, 34.4, 37.9, 41.5, 45.1, 48.6, 52.0, 55.4, 58.6, 61.8, 64.8, 67.8, 70.6, 73.1, 75.4, 77.5, 79.5, 81.4, 83.4, 85.5, 87.6, 89.7, 91.6, 93.3, 94.9, 96.1, 97.0, 97.5, 97.7, 97.5, 97.0, 96.3, 95.6, 94.9, 94.1, 93.2, 92.0, 90.7, 89.3, 87.7, 86.1, 84.4, 82.7, 81.0, 79.4, 77.9, 76.4, 75.0, 73.8, 72.8, 72.0, 71.8, 72.0, 72.8, 74.1, 76.1, 78.7, 81.9, 85.7, 90.0, 94.8, 99.9, 105.2, 110.3, 115.3, 119.9, 124.0, 127.6, 130.6, 132.9, 134.6, 135.7, 136.0, 135.7, 134.8, 133.3, 131.4, 129.0, 126.3, 123.3, 120.1, 116.6, 113.0, 109.0, 104.1, 101.7, 97.7, 95.2, 91.3, 89.0, 85.1, 83.3, 79.1, 78.3, 75.3, 72.1, 72.2, 70.4, 68.2, 67.5, 65.7, 65.7, 63.4, 63.7, 62.1, 60.7, 60.4, 58.6, 59.0, 57.5, 57.0, 55.8, 55.0, 53.0, 52.2, 50.7, 50.9, 50.6, 51.5, 51.7, 52.9, 53.7, 55.2, 56.8, 59.1, 61.6, 64.7, 68.3, 72.2, 76.5, 81.2, 86.3, 91.7, 97.1, 102.6, 108.0, 113.3, 118.3, 123.0, 127.4, 131.5, 135.1, 138.3, 140.9, 143.0, 144.6, 145.5, 145.9, 145.7, 144.8, 143.4, 141.4, 139.0, 136.1, 132.9, 129.4, 125.7, 122.0, 118.2, 114.4, 110.7, 107.1, 103.7, 100.4, 97.3, 94.4, 91.6, 89.0, 86.6, 84.4, 82.3, 80.3, 78.5, 76.6, 74.7, 73.3, 72.3, 71.3, 70.4, 69.7, 69.0, 68.5, 68.1, 67.9, 67.7, 67.7, 68.0, 68.5, 69.1, 69.9, 70.7, 71.5, 72.3, 73.1, 73.8, 74.4, 74.8, 75.1, 75.3, 75.2, 74.9, 74.4, 73.7, 72.8, 71.7, 70.4, 69.0, 67.4, 65.7, 63.7, 61.5, 59.1, 56.6, 54.1, 51.7, 49.3, 47.0, 44.8, 42.7, 40.8, 39.3, 37.7, 36.4, 35.2, 34.1, 33.1, 32.2, 31.4, 30.7, 30.1, 29.6, 29.3, 29.0, 28.8, 28.6, 28.6, 28.6, 28.8, 28.9, 29.2, 29.5, 29.8, 30.2, 30.5, 30.8, 31.0, 31.1, 31.2, 31.0, 30.8, 30.4, 29.8, 29.2, 28.4, 27.5, 26.6, 25.7, 24.8, 23.9, 23.1, 22.2, 21.4, 20.7, 20.0, 19.4, 19.0, 18.7, 18.5, 18.4, 18.3, 18.2, 18.1, 18.2, 18.6, 19.1, 19.5, 19.8, 20.0, 20.2, 20.6, 21.2, 22.2, 23.4, 25.1, 27.1, 29.5, 32.3, 35.3, 38.4, 41.7, 45.1, 48.5, 51.7, 54.8, 57.9, 60.9, 63.9, 66.9, 69.9, 72.9, 75.8, 78.5, 80.9, 83.1, 84.9, 86.4, 87.5, 88.1, 88.4, 88.2, 87.7, 86.7, 85.5, 84.0, 82.3, 80.6, 78.9, 77.4, 75.8, 74.2, 72.6, 71.0, 69.3, 67.6, 65.8, 64.0, 62.0, 59.9, 57.6, 55.2, 53.2, 51.5, 49.8, 48.3, 46.8, 45.4, 44.1, 42.9, 41.8, 40.7, 39.7, 38.7, 37.9, 37.1, 36.4, 35.8, 35.2, 34.8, 34.4, 34.1, 33.9, 33.7, 33.7, 33.7, 33.8, 34.0, 34.6, 35.6, 37.1, 39.3, 42.2, 45.8, 50.3, 55.6, 61.7, 68.2, 75.2, 82.3, 89.4, 96.4, 103.3, 110.2, 116.9, 123.2, 129.0, 134.1, 138.6, 142.3, 145.2, 147.3, 148.7, 149.3, 149.3, 148.5, 147.2, 145.3, 143.0, 140.3, 137.4, 134.2, 131.0, 127.7, 124.5, 121.3, 118.2, 115.2, 111.6, 107.9, 104.3, 101.0, 98.9, 97.9, 97.8, 98.6, 99.3, 99.2, 99.1, 99.1, 99.1, 99.0, 99.0, 99.0, 98.9, 98.7, 98.5, 98.2, 97.7, 97.2, 96.7, 96.4, 96.3, 96.6, 97.3, 98.2, 99.2, 100.4, 102.0, 104.1, 106.7, 109.7, 113.0, 116.3, 119.6, 122.7, 125.5, 128.0, 129.9, 131.4, 132.4, 132.8, 132.8, 132.2, 131.1, 129.6, 127.7, 125.4, 122.9, 120.2, 117.3, 114.4, 111.5, 108.6, 105.7, 103.0, 100.3, 97.7, 95.3, 92.9, 90.5, 88.2, 85.7, 83.4, 82.2, 80.6, 79.4, 78.1, 77.1, 76.1, 75.3, 74.7, 74.1, 73.7, 73.4, 73.2, 73.2, 73.3, 73.5, 74.0, 74.6, 75.5, 76.3, 77.2, 77.9, 78.5, 79.0, 79.3, 79.4, 79.2, 78.8, 78.2, 77.4, 76.3, 75.0, 73.6, 72.1, 70.4, 68.7, 66.8, 64.8, 62.6, 60.3, 57.9, 55.4, 52.8, 50.2, 48.2, 46.2, 44.4, 42.7, 41.2, 39.7, 38.4, 37.2, 36.2, 35.2, 34.3, 33.5, 32.8, 32.2, 31.7, 31.2, 30.9, 30.6, 30.4, 30.2, 30.1, 30.1, 30.1, 30.2, 30.4, 30.6, 30.9, 31.1, 31.4, 31.7, 32.0, 32.1, 32.2, 32.2, 32.0, 31.7, 31.2, 30.6, 29.9, 29.1, 28.2, 27.3, 26.3, 25.4, 24.5, 23.6, 22.9, 22.3, 21.9, 20.8, 20.0, 19.4, 19.0, 18.9, 19.8, 22.0, 25.0, 28.3, 31.4, 34.5, 37.3, 40.2, 43.0, 45.8, 48.6, 51.3, 54.0, 56.6, 59.1, 61.7, 64.1, 66.6, 69.2, 72.0, 74.8, 77.8, 80.6, 83.4, 86.1, 88.6, 90.9, 92.9, 94.7, 96.3, 97.5, 98.4, 99.0, 99.2, 99.0, 98.5, 97.7, 96.5, 95.0, 93.2, 91.3, 89.2, 87.0, 84.8, 82.5, 80.3, 78.1, 76.0, 74.0, 72.1, 70.5, 69.1, 68.1, 67.2, 66.4, 65.8, 65.2, 64.6, 64.1, 63.6, 63.1, 62.7, 62.3, 61.9, 61.7, 61.5, 61.3, 61.3, 61.3, 61.4, 61.7, 62.0, 62.5, 63.1, 63.7, 64.4, 65.1, 65.8, 66.5, 67.1, 67.6, 67.9, 68.0, 68.0, 67.7, 67.3, 66.8, 66.6, 66.9, 67.9, 69.7, 72.5, 76.2, 80.7, 85.6, 90.7, 95.9, 100.9, 105.6, 109.9, 113.7, 117.0, 119.8, 122.0, 123.6, 124.6, 125.1, 125.0, 124.5, 123.6, 122.2, 120.6, 118.6, 116.4, 114.3, 112.3, 110.7, 109.1, 107.5, 106.1, 104.8, 104.0, 104.7, 109.0, 113.0, 117.5, 122.5, 128.1, 134.0, 139.6, 145.3, 151.5, 158.4, 166.8, 176.2, 186.1, 194.8, 202.1, 208.3, 213.5, 217.8, 221.2, 223.9, 225.9, 227.4, 228.3, 228.9, 229.1, 229.1, 229.0, 228.9, 231.7, 236.4, 241.2, 246.2, 250.7, 254.8, 258.8, 263.2, 268.1, 273.4, 279.0, 284.8, 290.4, 295.7, 300.5, 304.6, 307.9, 310.3, 311.8, 312.3, 311.8, 310.2, 307.7, 304.1, 299.7, 294.5, 288.7, 282.4, 275.7, 268.7, 261.7, 254.7, 247.7, 240.9, 234.4, 228.2, 222.3, 216.7, 211.5, 206.7, 202.3, 198.2, 194.5, 191.2, 188.3, 185.7, 183.4, 181.5, 179.9, 178.6, 177.6, 176.9, 176.5, 176.3, 176.3, 176.7, 177.2, 178.0, 178.9, 180.0, 181.1, 182.3, 183.3, 184.1, 184.7, 184.9, 184.7, 184.1, 183.0, 181.4, 179.3, 176.7, 173.8, 170.6, 167.1, 163.5, 159.8, 156.1, 152.4, 148.8, 145.3, 142.0, 138.9, 135.9, 133.2, 130.7, 128.4, 126.3, 124.4, 122.8, 121.4, 120.1, 119.1, 118.3, 117.7, 117.3, 117.1, 117.0, 117.1, 117.4, 117.8, 118.4, 119.1, 119.7, 120.4, 121.0, 121.5, 121.8, 121.8, 121.7, 121.4, 120.9, 120.2, 119.3, 118.4, 117.4, 116.3, 115.3, 114.2, 113.1, 112.2, 111.2, 110.4, 109.6, 109.0, 108.4, 108.0, 107.7, 107.5, 107.4, 107.5, 107.3, 105.0, 102.4, 100.1, 98.3, 96.9, 96.2, 97.5, 99.5, 101.3, 102.7, 103.8, 104.5, 105.1, 105.6, 106.1, 106.4, 106.9, 107.6, 108.7, 110.3, 112.6, 115.5, 119.1, 123.2, 127.5, 131.9, 136.2, 140.2, 143.8, 146.9, 149.4, 151.2, 152.4, 153.0, 152.9, 152.3, 151.2, 149.6, 147.8, 145.7, 143.4, 141.0, 138.6, 136.2, 133.8, 131.5, 129.3, 127.2, 125.2, 123.6, 122.3, 121.4, 120.9, 120.7, 120.6, 120.7, 120.9, 121.2, 121.5, 122.0, 122.5, 123.2, 123.9, 124.7, 125.6, 126.6, 127.5, 128.4, 129.1, 129.7, 130.1, 130.2, 130.0, 129.4, 128.7, 127.6, 126.4, 125.0, 123.5, 121.8, 120.2, 118.4, 116.7, 115.1, 113.6, 112.6, 112.1, 112.5, 113.7, 115.8, 118.8, 122.8, 127.6, 133.2, 139.2, 145.4, 151.5, 157.4, 162.9, 167.9, 172.3, 176.1, 179.1, 181.4, 182.9, 183.7, 183.8, 183.3, 182.5, 181.2, 179.5, 177.3, 174.6, 171.7, 168.4, 164.9, 161.2, 157.5, 153.7, 150.0, 146.3, 142.7, 139.2, 135.8, 132.6, 129.4, 126.2, 123.0, 119.7, 116.0, 114.7, 112.1, 110.5, 108.5, 106.9, 105.4, 103.7, 101.7, 99.3, 97.3, 95.9, 95.2, 95.5, 96.2, 97.3, 98.9, 101.0, 103.7, 106.9, 110.5, 114.5, 118.7, 122.9, 127.0, 130.9, 134.5, 137.7, 140.3, 142.5, 144.1, 145.0, 145.4, 145.1, 144.2, 142.8, 140.8, 138.3, 135.4, 132.2, 128.8, 125.3, 121.7, 118.0, 114.3, 110.6, 106.9, 102.8, 98.5, 96.4, 92.7, 90.5, 87.3, 85.1, 82.2, 80.2, 77.7, 75.9, 73.6, 71.9, 69.9, 68.4, 66.5, 65.2, 63.5, 62.3, 60.9, 59.9, 58.7, 57.9, 57.0, 56.4, 55.7, 55.4, 55.0, 54.8, 54.6, 54.6, 54.6, 54.7, 55.0, 55.2, 55.6, 56.0, 56.4, 56.8, 57.3, 57.8, 58.3, 58.8, 59.2, 59.5, 59.6, 59.5, 59.2, 58.7, 57.9, 56.8, 55.5, 54.3, 52.9, 51.5, 50.0, 48.4, 46.7, 45.1, 43.5, 41.9, 40.4, 39.0, 37.6, 36.3, 35.1, 34.0, 33.0, 32.1, 31.3, 30.5, 29.8, 29.2, 28.8, 28.4, 28.1, 27.8, 27.7, 27.6, 27.6, 27.7, 27.9, 28.1, 28.3, 28.6, 29.0, 29.2, 29.5, 29.7, 29.7, 29.6, 29.4, 29.0, 28.5, 27.8, 26.9, 26.0, 25.0, 24.1, 23.1, 22.2, 21.3, 20.4, 19.7, 19.2, 18.9, 18.6, 18.4, 18.3, 18.2, 18.2, 18.1, 18.1, 18.1, 18.0, 18.0, 18.0, 18.0, 18.3, 19.1, 20.1, 21.5, 23.1, 24.9, 27.1, 29.6, 32.4, 35.6, 39.1, 42.7, 46.5, 50.3, 54.2, 58.0, 61.8, 65.6, 69.3, 72.6, 75.7, 78.6, 81.5, 84.4, 87.3, 90.3, 93.2, 96.0, 98.6, 100.9, 102.9, 104.5, 105.7, 106.5, 106.9, 106.9, 106.5, 106.1, 105.5, 104.6, 103.5, 102.1, 100.5, 98.7, 96.6, 94.5, 92.3, 90.1, 87.9, 85.8, 83.7, 81.8, 79.9, 78.2, 76.6, 75.1, 73.8, 72.6, 71.6, 70.6, 69.8, 69.2, 68.6, 68.2, 67.9, 67.7, 67.6, 67.6, 67.8, 68.0, 68.4, 68.9, 69.4, 70.0, 70.6, 71.1, 71.7, 72.1, 72.4, 72.5, 72.5, 72.3, 71.9, 71.3, 70.6, 69.8, 69.1, 68.8, 68.9, 69.6, 70.9, 72.8, 75.4, 78.6, 82.4, 86.8, 91.6, 96.6, 101.5, 106.3, 110.8, 114.9, 118.4, 121.5, 124.0, 126.0, 127.3, 128.1, 128.4, 128.1, 127.4, 126.3, 124.8, 123.2, 121.7, 120.3, 118.9, 117.5, 116.2, 114.8, 114.4, 116.7, 118.6, 121.8, 126.2, 131.5, 137.5, 144.2, 151.5, 159.5, 168.2, 177.6, 187.3, 195.8, 203.1, 209.3, 214.7, 219.2, 222.9, 226.0, 228.5, 230.4, 231.7, 232.6, 233.1, 233.1, 232.8, 232.2, 231.4, 230.4, 229.5, 230.5, 232.9, 235.0, 237.6, 239.8, 241.6, 243.4, 245.7, 248.5, 251.9, 255.8, 259.9, 264.0, 267.9, 271.4, 274.3, 276.5, 277.9, 278.4, 278.0, 276.7, 274.6, 271.5, 267.7, 263.2, 258.1, 252.6, 246.7, 240.6, 234.3, 228.1, 221.9, 215.9, 210.1, 204.5, 199.2, 194.2, 189.5, 185.1, 181.1, 177.4, 174.0, 170.9, 168.2, 165.8, 163.7, 161.8, 160.3, 159.1, 158.1, 157.5, 157.1, 156.9, 157.0, 157.3, 157.9, 158.6, 159.5, 160.4, 161.5, 162.5, 163.4, 164.2, 164.8, 165.0, 164.9, 164.4, 163.5, 162.2, 160.4, 158.2, 155.7, 152.9, 149.8, 146.7, 143.4, 140.2, 136.9, 133.8, 130.7, 127.8, 125.0, 122.4, 120.0, 117.8, 115.8, 113.9, 112.3, 110.8, 109.6, 108.5, 107.7, 107.0, 106.4, 106.1, 105.9, 105.9, 106.0, 106.3, 106.8, 107.3, 108.0, 108.6, 109.3, 109.9, 110.3, 110.6, 110.7, 110.6, 110.2, 109.7, 109.0, 108.2, 107.3, 106.3, 105.2, 104.1, 103.0, 102.0, 100.9, 99.9, 98.9, 98.0, 97.1, 96.4, 95.7, 95.1, 94.6, 94.2, 93.9, 93.4, 90.9, 88.0, 85.5, 83.7, 82.6, 82.1, 83.9, 86.4, 89.0, 91.4, 93.6, 95.6, 97.6, 99.7, 101.6, 103.5, 105.3, 106.9, 108.4, 110.0, 111.8, 113.6, 115.6, 117.8, 120.0, 122.3, 124.6, 126.8, 128.8, 130.4, 131.6, 132.3, 132.6, 132.5, 132.0, 131.2, 130.2, 128.9, 127.4, 126.0, 124.9, 123.9, 123.1, 122.3, 121.5, 120.8, 120.0, 119.3, 118.5, 117.8, 117.2, 116.7, 116.2, 115.8, 115.5, 115.4, 115.3, 115.4, 115.6, 115.9, 116.4, 116.9, 117.5, 118.2, 118.8, 119.4, 119.9, 120.2, 120.4, 120.4, 120.2, 119.8, 119.3, 118.6, 117.9, 117.0, 116.2, 115.3, 114.4, 113.6, 112.7, 112.0, 111.2, 110.6, 110.1, 109.6, 109.3, 109.0, 108.9, 109.1, 109.6, 110.7, 112.4, 114.7, 117.7, 121.3, 125.5, 130.3, 135.4, 140.8, 146.1, 151.2, 155.7, 159.7, 162.8, 165.3, 167.2, 168.6, 169.7, 170.1, 169.9, 169.0, 167.4, 165.2, 162.6, 159.6, 156.3, 152.9, 149.3, 145.7, 142.0, 138.5, 135.0, 131.7, 128.5, 125.5, 122.5, 119.7, 117.0, 114.4, 110.8, 107.0, 103.0, 100.9, 99.1, 98.3, 97.6, 97.1, 96.7, 96.4, 96.2, 96.1, 96.0, 96.1, 96.4, 96.9, 97.7, 98.7, 99.7, 100.8, 101.8, 102.7, 103.5, 104.0, 104.4, 104.5, 104.3, 103.9, 103.2, 102.2, 101.0, 99.7, 98.5, 97.5, 96.8, 96.4, 96.5, 97.1, 98.3, 99.8, 101.6, 103.7, 105.8, 107.9, 109.9, 111.8, 113.4, 114.8, 115.8, 116.6, 117.0, 117.0, 116.6, 115.9, 114.9, 113.5, 111.9, 110.0, 108.0, 105.8, 103.6, 101.3, 99.0, 96.7, 94.4, 92.0, 89.4, 86.3, 85.1, 82.9, 81.5, 79.6, 78.2, 76.7, 75.4, 74.2, 73.1, 72.1, 71.3, 70.5, 69.9, 69.4, 69.0, 68.7, 68.6, 68.5, 68.6, 68.8, 69.1, 69.5, 70.1, 70.8, 71.6, 72.4, 73.1, 73.6, 73.9, 74.0, 73.8, 73.3, 72.6, 71.7, 70.5, 69.1, 67.6, 65.8, 63.9, 61.7, 59.4, 57.5, 55.6, 53.7, 51.8, 50.1, 48.4, 46.7, 45.1, 43.6, 42.2, 40.8, 39.6, 38.4, 37.4, 36.4, 35.5, 34.8, 34.1, 33.6, 33.1, 32.8, 32.5, 32.4, 32.3, 32.3, 32.4, 32.5, 32.8, 33.1, 33.4, 33.7, 34.1, 34.4, 34.7, 34.9, 34.9, 34.7, 34.4, 34.0, 33.4, 32.7, 31.9, 30.9, 30.0, 29.0, 28.0, 27.0, 26.0, 25.1, 23.1, 21.6, 20.6, 19.9, 19.3, 19.0, 18.8, 19.1, 19.3, 19.5, 19.5, 19.4, 19.3, 19.2, 19.2, 19.3, 19.3, 19.5, 19.8, 20.3, 21.1, 22.3, 23.7, 25.6, 27.8, 30.3, 33.2, 36.4, 39.9, 43.6, 47.3, 51.1, 54.9, 58.6, 62.1, 65.4, 68.5, 71.4, 74.1, 76.8, 79.5, 82.1, 84.7, 87.2, 89.5, 91.6, 93.4, 94.9, 96.0, 96.7, 97.0, 97.0, 96.5, 95.7, 94.6, 93.3, 92.2, 91.2, 90.2, 89.1, 87.8, 86.5, 85.0, 83.4, 81.8, 80.2, 78.6, 77.0, 75.5, 74.0, 72.6, 71.3, 70.1, 69.0, 67.9, 66.9, 66.0, 65.2, 64.3, 63.6, 62.9, 62.4, 61.9, 61.6, 61.3, 61.3, 61.3, 61.5, 61.9, 62.3, 63.0, 64.2, 66.0, 68.6, 72.1, 76.4, 81.6, 87.8, 94.7, 102.3, 110.2, 118.1, 125.8, 133.1, 139.8, 145.9, 151.2, 155.6, 159.2, 162.0, 163.9, 165.0, 165.3, 164.8, 163.7, 162.0, 159.8, 157.1, 154.1, 150.8, 147.5, 144.5, 141.6, 138.8, 135.9, 132.8, 129.2, 124.6, 123.4, 119.2, 116.8, 111.8, 109.0, 104.7, 102.9, 100.2, 99.1, 97.0, 96.0, 94.2, 93.3, 91.8, 91.1, 90.0, 89.4, 88.7, 88.3, 87.9, 87.8, 87.7, 87.8, 88.0, 88.4, 88.8, 89.4, 90.1, 91.0, 92.3, 94.2, 96.4, 99.1, 102.0, 105.3, 108.8, 112.5, 116.2, 119.9, 123.3, 126.4, 129.1, 131.4, 133.1, 134.2, 134.8, 134.9, 134.3, 133.2, 131.6, 129.5, 127.0, 124.3, 121.3, 118.1, 114.7, 111.1, 107.2, 102.8, 100.8, 97.0, 94.7, 91.3, 89.1, 86.0, 84.0, 81.3, 79.6, 77.2, 75.7, 73.5, 72.3, 70.4, 69.4, 67.7, 66.9, 65.5, 64.9, 63.8, 63.3, 62.6, 62.3, 61.9, 61.8, 61.6, 61.7, 61.8, 62.1, 62.4, 62.8, 63.3, 63.9, 64.6, 65.4, 66.4, 67.6, 68.8, 70.0, 71.0, 72.0, 72.7, 73.3, 73.6, 73.7, 73.6, 73.2, 72.6, 71.7, 70.6, 69.3, 67.8, 66.0, 64.0, 61.7, 59.1, 56.4, 53.7, 50.8, 47.9, 45.9, 43.4, 41.6, 39.5, 37.9, 36.1, 34.9, 33.3, 32.3, 31.0, 30.2, 29.1, 28.5, 27.5, 27.0, 26.2, 25.8, 25.2, 24.9, 24.5, 24.3, 24.0, 23.9, 23.8, 23.8, 23.7, 23.8, 23.9, 24.0, 24.2, 24.3, 24.5, 24.7, 24.9, 25.1, 25.4, 25.6, 25.8, 26.0, 26.1, 26.2, 24.3, 22.5, 21.3, 20.3, 19.7, 19.3, 19.4, 20.3, 21.4, 22.8, 24.4, 26.2, 28.3, 30.5, 32.9, 35.2, 37.4, 39.5, 41.5, 43.4, 45.2, 46.8, 48.3, 49.8, 51.1, 52.4, 53.5, 54.6, 55.7, 56.7, 57.6, 58.6, 59.4, 60.3, 61.2, 62.1, 62.9, 63.9, 64.9, 66.4, 68.1, 70.0, 72.3, 74.7, 77.3, 79.9, 82.5, 85.0, 87.4, 89.5, 91.4, 93.1, 94.5, 95.6, 96.5, 97.0, 97.2, 97.0, 96.5, 95.6, 94.4, 93.0, 91.3, 89.4, 87.4, 85.3, 83.1, 80.9, 78.8, 76.7, 74.8, 72.8, 71.0, 69.3, 67.6, 66.0, 64.4, 62.8, 61.2, 59.6, 58.2, 57.1, 56.6, 56.6, 57.4, 59.0, 61.5, 64.9, 69.4, 74.7, 81.0, 88.1, 95.7, 103.7, 111.8, 120.1, 128.3, 136.3, 144.0, 151.3, 158.1, 164.3, 169.9, 174.7, 178.9, 182.3, 184.9, 186.7, 187.7, 188.0, 187.5, 186.3, 184.5, 182.0, 179.0, 175.5, 171.7, 167.6, 163.3, 158.9, 154.5, 150.2, 146.1, 141.4, 137.0, 133.1, 129.8, 128.1, 127.6, 128.3, 130.5, 131.4, 132.5, 133.9, 135.4, 137.2, 139.1, 141.3, 143.6, 146.0, 148.6, 151.3, 154.1, 157.0, 160.1, 163.3, 166.5, 169.9, 173.2, 176.5, 179.7, 182.7, 185.6, 188.1, 190.3, 192.4, 194.4, 196.5, 198.5, 200.7, 202.7, 204.1, 205.1, 206.3, 207.7, 209.6, 211.8, 214.3, 216.8, 219.2, 221.4, 223.1, 224.3, 224.9, 224.8, 224.0, 222.5, 220.3, 217.5, 214.1, 210.2, 206.0, 201.4, 196.7, 191.9, 187.1, 182.4, 177.8, 173.4, 169.1, 165.1, 161.4, 157.8, 154.6, 151.6, 148.9, 146.5, 144.3, 142.4, 140.7, 139.3, 138.1, 137.2, 136.5, 136.0, 135.7, 135.6, 135.8, 136.1, 136.6, 137.2, 137.9, 138.7, 139.5, 140.2, 140.8, 141.2, 141.2, 141.0, 140.4, 139.5, 138.1, 136.4, 134.4, 132.2, 129.7, 127.1, 124.5, 121.8, 119.1, 116.4, 113.9, 111.4, 109.1, 107.0, 104.9, 103.1, 101.4, 99.9, 98.5, 97.3, 96.3, 95.5, 94.8, 94.3, 93.9, 93.7, 93.6, 93.6, 93.9, 94.2, 94.7, 95.2, 95.9, 96.6, 97.2, 97.9, 98.4, 98.9, 99.3, 99.6, 99.9, 100.1, 100.3, 100.4, 100.5, 100.6, 100.6, 100.7, 100.8, 100.9, 101.0, 101.2, 101.3, 101.6, 101.9, 102.3, 102.7, 103.2, 103.8, 104.5, 105.2, 106.0, 106.8, 107.5, 108.1, 108.7, 108.8, 106.7, 104.2, 102.1, 100.9, 100.4, 101.0, 104.0, 108.1, 112.2, 116.1, 119.7, 123.0, 125.9, 128.4, 130.5, 132.0, 132.9, 133.3, 133.1, 132.5, 131.5, 130.3, 128.7, 127.0, 125.2, 123.3, 121.4, 119.4, 117.5, 115.6, 113.8, 112.0, 110.4, 108.8, 107.4, 106.0, 104.8, 103.7, 102.7, 101.8, 101.1, 100.6, 100.1, 99.8, 99.6, 99.6, 99.6, 99.9, 100.2, 100.8, 101.8, 103.1, 104.6, 106.0, 107.4, 108.5, 109.5, 110.1, 110.4, 110.5, 110.2, 109.8, 109.1, 108.2, 107.2, 106.2, 105.1, 103.9, 102.8, 101.7, 100.7, 99.7, 98.8, 98.0, 97.4, 96.8, 96.4, 96.0, 95.8, 95.7, 95.8, 95.9, 96.2, 96.6, 97.1, 97.7, 98.5, 99.3, 100.2, 101.4, 103.1, 105.5, 108.7, 112.9, 118.0, 124.1, 130.9, 138.2, 145.5, 152.7, 159.5, 165.7, 171.3, 176.0, 179.8, 182.8, 184.8, 185.9, 186.1, 185.5, 184.2, 182.3, 179.9, 177.0, 173.8, 170.5, 167.2, 164.3, 161.5, 158.7, 154.7, 150.4, 146.2, 142.3, 139.9, 138.2, 136.7, 135.4, 134.2, 133.1, 132.1, 131.1, 130.3, 129.6, 129.1, 128.7, 128.5, 128.4, 128.5, 128.8, 129.2, 129.8, 130.5, 131.3, 132.1, 133.0, 133.8, 134.5, 135.1, 135.4, 135.5, 135.3, 134.8, 133.9, 132.8, 131.3, 129.7, 127.8, 125.8, 123.7, 121.6, 119.6, 117.8, 116.3, 115.2, 114.5, 114.1, 114.2, 114.7, 115.6, 116.8, 118.5, 120.3, 122.2, 124.1, 125.9, 127.5, 128.9, 129.9, 130.7, 131.0, 131.0, 130.6, 129.7, 128.5, 126.9, 125.0, 122.9, 120.5, 118.1, 115.5, 112.9, 110.3, 107.7, 105.2, 102.8, 100.5, 98.3, 96.3, 94.5, 92.7, 91.2, 89.8, 88.5, 87.4, 86.5, 85.7, 85.1, 84.6, 84.2, 84.0, 83.9, 84.0, 84.2, 84.5, 84.9, 85.4, 86.0, 86.7, 87.3, 87.9, 88.5, 88.9, 89.2, 89.3, 89.1, 88.7, 88.1, 87.1, 86.0, 84.6, 83.1, 81.4, 79.6, 77.9, 76.0, 74.2, 72.5, 70.7, 69.0, 67.4, 65.7, 64.1, 62.4, 60.6, 58.8, 57.1, 55.3, 53.6, 52.1, 50.6, 49.2, 48.0, 46.9, 46.0, 45.1, 44.4, 43.9, 43.4, 43.1, 42.8, 42.7, 42.7, 42.8, 43.0, 43.3, 43.7, 44.1, 44.6, 45.1, 45.6, 46.0, 46.2, 46.4, 46.3, 46.1, 45.6, 44.9, 44.0, 42.9, 41.7, 40.4, 39.1, 37.7, 36.3, 34.9, 33.6, 32.4, 28.9, 25.8, 23.6, 22.0, 20.9, 20.4, 21.2, 23.1, 25.5, 28.3, 31.4, 35.0, 38.8, 42.5, 46.2, 49.9, 53.4, 56.8, 60.0, 63.2, 66.2, 69.0, 71.8, 74.3, 76.4, 78.4, 80.2, 81.9, 83.5, 85.1, 86.8, 88.4, 89.9, 91.2, 92.3, 93.2, 93.7, 94.0, 94.3, 94.4, 94.4, 94.0, 93.3, 92.2, 90.9, 89.4, 87.7, 85.8, 83.8, 81.9, 79.9, 77.9, 76.0, 74.2, 72.4, 70.7, 69.2, 67.6, 66.1, 64.7, 63.2, 61.7, 60.1, 58.5, 56.9, 55.2, 53.5, 52.3, 51.4, 50.8, 50.7, 51.2, 52.4, 54.2, 56.7, 60.0, 64.3, 69.5, 75.6, 82.5, 90.1, 98.0, 106.1, 114.3, 122.5, 130.4, 138.1, 145.4, 152.2, 158.3, 163.8, 168.6, 172.6, 175.7, 178.0, 179.5, 180.2, 180.0, 179.1, 177.6, 175.4, 172.6, 169.4, 165.8, 161.9, 157.9, 153.8, 149.7, 145.6, 141.6, 137.8, 134.0, 130.5, 127.1, 124.1, 121.5, 119.3, 117.5, 115.7, 114.1, 112.4, 110.7, 108.9, 108.5, 107.5, 106.8, 106.1, 105.6, 105.1, 104.4, 103.4, 102.0, 101.0, 100.5, 101.3, 102.7, 104.3, 105.9, 107.3, 108.6, 109.8, 110.9, 111.9, 112.9, 113.9, 114.9, 115.9, 116.8, 117.7, 118.5, 119.0, 119.3, 119.3, 118.9, 118.1, 116.9, 115.4, 113.5, 111.5, 109.2, 106.8, 104.3, 101.7, 99.0, 96.3, 93.4, 90.1, 87.2, 85.3, 82.7, 80.8, 78.3, 76.4, 74.1, 72.4, 70.2, 68.6, 66.6, 65.2, 63.4, 62.2, 60.6, 59.7, 58.2, 57.6, 56.3, 55.9, 54.9, 54.7, 54.0, 54.0, 53.6, 53.6, 53.5, 53.7, 53.9, 54.2, 54.6, 55.1, 55.7, 56.4, 57.1, 58.0, 59.2, 60.5, 61.9, 63.4, 64.8, 66.1, 67.3, 68.4, 69.3, 70.1, 70.7, 71.1, 71.2, 71.0, 70.7, 70.0, 69.1, 67.9, 66.4, 64.7, 62.6, 60.2, 57.5, 54.8, 52.0, 49.2, 46.5, 43.9, 41.3, 39.5, 37.3, 35.8, 34.0, 32.7, 31.1, 30.1, 28.8, 28.0, 27.0, 26.3, 25.5, 24.9, 24.3, 23.9, 23.3, 23.0, 22.7, 22.5, 22.3, 22.2, 22.1, 22.2, 22.2, 22.3, 22.4, 22.6, 22.8, 23.0, 23.2, 23.5, 23.7, 24.0, 24.3, 24.5, 24.8, 25.0, 25.3, 25.4, 25.5, 25.5, 25.4, 25.2, 24.8, 24.4, 23.9, 23.2, 22.6, 21.8, 21.1, 20.4, 19.7, 19.2, 18.9, 18.6, 18.5, 18.3, 18.2, 18.2, 18.1, 18.1, 18.1, 18.2, 18.7, 19.4, 19.9, 20.3, 20.7, 21.0, 21.4, 21.9, 22.5, 23.3, 24.4, 25.9, 27.9, 30.3, 33.2, 36.3, 39.7, 43.3, 46.9, 50.7, 54.5, 58.3, 62.2, 66.0, 69.8, 73.5, 77.0, 80.3, 83.3, 85.9, 88.1, 90.0, 91.3, 92.3, 92.8, 92.8, 92.5, 91.7, 90.5, 89.1, 87.3, 85.3, 83.2, 81.0, 78.8, 76.8, 75.1, 73.9, 72.9, 72.1, 71.2, 70.4, 69.5, 68.6, 67.7, 66.7, 65.7, 64.6, 63.4, 62.0, 60.6, 59.9, 58.9, 58.2, 57.5, 57.2, 57.3, 57.8, 58.9, 60.6, 63.0, 66.2, 70.3, 75.2, 80.8, 86.9, 93.3, 100.0, 106.8, 113.5, 120.1, 126.5, 132.7, 138.5, 143.8, 148.6, 152.9, 156.6, 159.6, 161.9, 163.6, 164.5, 164.8, 164.4, 163.4, 161.8, 159.7, 157.1, 154.1, 150.8, 147.2, 143.5, 139.7, 135.9, 132.2, 128.5, 125.0, 121.7, 118.4, 115.4, 112.5, 109.8, 107.3, 105.0, 102.9, 100.9, 99.1, 97.4, 96.0, 94.9, 94.2, 93.8, 93.6, 93.6, 93.7, 94.0, 94.3, 94.8, 95.4, 94.9, 94.4, 93.9, 93.7, 94.8, 96.2, 97.7, 99.2, 100.4, 101.4, 102.1, 102.5, 102.6, 102.4, 101.9, 101.1, 100.0, 98.7, 97.2, 95.5, 93.6, 91.8, 90.1, 88.6, 87.5, 86.7, 86.4, 86.5, 87.0, 88.1, 89.6, 91.5, 93.8, 96.3, 98.9, 101.5, 103.9, 106.2, 108.1, 109.8, 111.0, 111.8, 112.2, 112.2, 111.7, 110.7, 109.4, 107.7, 105.8, 103.6, 101.3, 98.8, 96.2, 93.6, 91.0, 88.2, 85.2, 81.7, 80.4, 77.3, 75.8, 72.9, 71.4, 68.7, 67.3, 64.8, 63.6, 61.3, 60.4, 58.3, 57.7, 55.6, 55.4, 53.5, 53.5, 51.9, 51.9, 50.7, 50.8, 50.0, 50.2, 49.7, 49.9, 49.8, 50.1, 50.3, 50.7, 51.2, 51.7, 52.4, 53.1, 54.0, 55.1, 56.3, 57.6, 59.0, 60.3, 61.5, 62.7, 63.7, 64.5, 65.1, 65.6, 65.9, 65.9, 65.6, 65.0, 64.1, 62.7, 61.0, 58.7, 56.2, 53.4, 50.6, 47.8, 45.0, 42.2, 39.9, 37.6, 35.6, 33.7, 32.0, 30.3, 28.9, 27.5, 26.4, 25.2, 24.2, 23.4, 22.5, 21.9, 21.2, 20.7, 20.2, 19.8, 19.4, 19.1, 18.8, 18.6, 18.4, 18.3, 18.2, 18.2, 18.2, 18.2, 18.3, 18.4, 18.6, 18.8, 19.1, 19.4, 19.7, 19.2, 18.9, 18.6, 18.4, 18.3, 18.9, 21.0, 24.1, 27.7, 31.5, 35.7, 40.0, 44.4, 48.8, 53.3, 57.8, 62.2, 66.4, 70.4, 74.0, 77.3, 80.3, 82.8, 84.8, 86.5, 87.6, 88.3, 88.5, 88.3, 87.7, 86.7, 85.3, 83.7, 81.8, 79.8, 77.6, 75.4, 73.2, 70.9, 68.6, 66.2, 63.7, 60.9, 57.7, 55.9, 53.1, 51.5, 48.9, 47.5, 45.1, 44.2, 42.5, 42.0, 40.9, 40.9, 39.8, 40.1, 39.4, 39.0, 38.7, 38.3, 38.0, 37.7, 37.5, 37.3, 37.2, 37.2, 37.2, 37.3, 37.4, 37.6, 37.9, 38.3, 38.7, 39.2, 39.7, 40.3, 41.0, 41.7, 42.5, 43.4, 44.3, 45.2, 46.1, 46.7, 47.2, 47.6, 48.1, 48.8, 49.8, 51.2, 52.9, 55.0, 57.7, 60.9, 64.5, 68.2, 71.9, 75.3, 78.2, 81.5, 84.7, 87.4, 89.9, 92.1, 94.0, 95.6, 96.9, 98.1, 99.0, 99.7, 100.3, 100.8, 101.1, 101.4, 101.6, 101.8, 101.9, 102.1, 102.3, 102.6, 103.2, 103.9, 104.7, 105.5, 106.2, 106.9, 107.5, 107.6, 107.2, 106.1, 105.0, 104.0, 103.4, 103.2, 102.8, 102.3, 101.4, 100.3, 98.9, 97.2, 95.4, 93.5, 91.5, 89.6, 87.9, 86.4, 85.2, 84.4, 83.8, 83.7, 83.9, 84.5, 85.5, 86.7, 88.3, 90.0, 91.9, 93.9, 96.0, 98.2, 100.4, 102.6, 104.8, 107.1, 109.5, 112.2, 114.9, 117.8, 120.6, 123.3, 125.9, 128.3, 130.4, 132.2, 133.6, 134.7, 135.3, 135.6, 135.4, 134.8, 133.8, 132.4, 130.7, 128.6, 126.3, 123.8, 121.1, 118.4, 115.6, 112.8, 110.1, 107.4, 104.9, 102.5, 100.2, 98.1, 96.1, 94.3, 92.7, 91.2, 89.9, 88.8, 87.8, 87.0, 86.3, 85.8, 85.4, 85.2, 85.1, 85.1, 85.3, 85.6, 86.0, 86.5, 87.1, 87.8, 88.4, 89.1, 89.6, 90.1, 90.3, 90.4, 90.3, 90.0, 89.4, 88.5, 87.5, 86.2, 84.9, 83.4, 81.9, 80.3, 78.7, 77.2, 75.7, 74.3, 72.9, 71.7, 70.5, 69.4, 68.4, 67.5, 66.7, 65.9, 65.2, 64.6, 64.1, 63.7, 63.4, 63.1, 63.0, 62.9, 63.0, 63.1, 63.4, 63.8, 64.3, 64.8, 65.5, 66.1, 66.8, 67.5, 68.2, 68.9, 69.6, 70.4, 71.1, 71.8, 72.6, 73.4, 74.2, 75.0, 75.9, 76.9, 77.8, 78.9, 80.0, 81.1, 82.4, 83.7, 85.1, 86.6, 88.1, 89.7, 91.5, 93.3, 94.8, 94.2, 93.2, 92.5, 92.3, 92.6, 93.6, 96.5, 100.1, 103.4, 106.0, 108.0, 109.5, 110.5, 111.2, 111.8, 112.2, 112.4, 112.5, 112.8, 113.3, 114.2, 115.5, 117.3, 119.4, 121.9, 124.8, 127.8, 130.8, 133.7, 136.3, 138.4, 139.9, 140.8, 141.2, 141.1, 140.5, 139.6, 138.4, 137.2, 136.4, 135.9, 135.6, 135.4, 135.1, 134.8, 134.3, 133.8, 133.3, 132.8, 132.2, 131.7, 131.3, 130.9, 130.6, 130.4, 130.3, 130.3, 130.4, 130.7, 130.9, 131.2, 131.5, 131.7, 131.7, 131.6, 131.2, 130.7, 129.9, 129.0, 127.9, 126.8, 126.0, 125.7, 126.1, 127.2, 129.1, 131.8, 135.2, 139.4, 144.1, 149.3, 154.6, 159.7, 164.5, 168.7, 172.3, 175.1, 177.2, 178.4, 178.9, 178.5, 177.5, 175.7, 173.4, 170.6, 167.3, 163.8, 159.9, 155.9, 151.8, 147.7, 143.4, 139.0, 134.3, 128.7, 126.2, 121.9, 119.2, 115.2, 112.6, 109.0, 106.6, 103.4, 101.3, 98.4, 96.7, 94.1, 92.7, 90.4, 89.2, 87.2, 86.3, 84.7, 84.0, 82.7, 82.2, 81.7, 82.0, 82.3, 82.8, 82.9, 82.6, 82.5, 82.8, 83.7, 85.1, 86.7, 88.3, 90.0, 91.8, 93.8, 95.9, 98.1, 100.2, 102.1, 103.9, 105.4, 106.7, 107.6, 108.3, 108.6, 108.5, 108.0, 107.1, 105.9, 104.3, 102.4, 100.3, 97.9, 95.4, 93.0, 90.6, 88.5, 86.7, 85.2, 84.0, 83.2, 82.8, 82.7, 83.0, 83.5, 84.2, 85.1, 86.0, 86.9, 87.9, 88.7, 89.5, 90.1, 90.6, 90.8, 90.8, 90.6, 90.2, 89.5, 88.6, 87.5, 86.1, 84.6, 82.9, 81.0, 78.6, 76.6, 75.2, 73.3, 71.6, 69.7, 68.0, 66.2, 64.5, 62.8, 61.3, 59.8, 58.4, 57.1, 56.0, 54.9, 53.9, 53.1, 52.3, 51.7, 51.2, 50.8, 50.4, 50.2, 50.1, 50.1, 50.2, 50.3, 50.6, 50.9, 51.3, 51.7, 52.2, 52.6, 52.9, 53.2, 53.3, 53.3, 53.1, 52.7, 52.2, 51.4, 50.5, 49.4, 48.2, 46.9, 45.4, 43.8, 42.3, 40.8, 39.3, 37.9, 36.5, 35.2, 34.0, 32.8, 31.7, 30.7, 29.8, 28.9, 28.1, 27.4, 26.7, 26.1, 25.6, 25.1, 24.7, 24.4, 24.1, 23.9, 23.8, 23.7, 23.7, 23.7, 23.8, 23.9, 24.1, 24.3, 24.5, 24.7, 25.0, 25.2, 25.3, 25.5, 25.5, 25.5, 25.3, 25.1, 24.8, 24.3, 23.7, 23.1, 22.4, 21.7, 21.0, 20.3, 19.6, 19.2, 18.8, 18.6, 18.4, 18.3, 18.2, 18.5, 19.3, 20.4, 21.6, 23.1, 24.9, 27.4, 30.2, 33.3, 36.8, 40.5, 44.4, 48.3, 52.1, 55.9, 59.6, 63.0, 66.2, 69.1, 71.8, 74.2, 76.5, 78.6, 80.7, 82.6, 84.5, 86.1, 87.4, 88.5, 89.5, 90.4, 91.3, 92.2, 93.2, 94.2, 95.2, 96.4, 97.6, 98.7, 99.6, 100.1, 100.3, 100.0, 99.4, 98.4, 97.1, 95.5, 93.8, 91.9, 89.9, 87.9, 85.9, 83.9, 81.9, 80.1, 78.3, 76.7, 75.2, 73.8, 72.5, 71.3, 70.3, 69.4, 68.6, 67.9, 67.3, 66.9, 66.5, 66.3, 66.1, 66.1, 66.2, 66.4, 66.7, 67.1, 67.6, 68.1, 68.6, 69.1, 69.6, 70.0, 70.3, 70.8, 71.7, 73.5, 76.2, 80.0, 85.0, 90.9, 97.3, 103.8, 110.3, 116.3, 121.9, 126.9, 131.2, 134.8, 137.6, 139.6, 141.0, 141.7, 141.8, 141.6, 141.0, 140.0, 138.7, 137.1, 135.2, 133.2, 131.4, 130.4, 132.1, 136.6, 141.7, 148.0, 155.4, 164.2, 174.5, 185.2, 195.0, 203.8, 211.7, 218.9, 225.4, 231.2, 236.4, 241.0, 245.2, 248.7, 251.8, 254.5, 256.6, 258.0, 258.7, 259.1, 259.2, 259.3, 259.4, 259.1, 258.5, 257.3, 255.6, 253.5, 251.1, 254.5, 256.5, 260.1, 263.5, 267.8, 272.5, 277.7, 283.5, 289.0, 294.4, 299.9, 306.0, 312.8, 320.2, 328.2, 336.4, 344.5, 352.4, 359.9, 366.6, 372.6, 377.6, 381.5, 384.4, 386.0, 386.5, 385.7, 383.8, 380.6, 376.4, 371.1, 364.9, 358.0, 350.4, 342.4, 334.1, 325.7, 317.2, 308.9, 300.7, 292.8, 285.2, 278.0, 271.2, 264.8, 258.8, 253.3, 248.3, 243.7, 239.6, 235.8, 232.6, 229.7, 227.2, 225.1, 223.4, 222.0, 221.0, 220.3, 220.0, 219.9, 220.2, 220.7, 221.5, 222.5, 223.7, 224.9, 226.2, 227.3, 228.2, 228.8, 229.1, 228.9, 228.1, 226.8, 224.9, 222.5, 219.5, 216.1, 212.3, 208.3, 204.0, 199.7, 195.4, 191.0, 186.8, 182.7, 178.9, 175.2, 171.7, 168.5, 165.6, 162.9, 160.4, 158.2, 156.3, 154.7, 153.2, 152.1, 151.2, 150.5, 150.0, 149.8, 149.7, 149.9, 150.3, 150.8, 151.5, 152.2, 152.9, 153.5, 153.9, 154.1, 153.9, 153.5, 152.6, 151.4, 149.9, 148.0, 145.9, 143.6, 141.1, 138.6, 136.1, 133.5, 131.0, 128.6, 126.3, 124.1, 122.0, 120.1, 118.4, 116.8, 115.4, 114.1, 113.0, 112.0, 111.0, 108.0, 104.9, 102.6, 101.2, 100.7, 101.2, 104.2, 108.2, 112.5, 116.7, 120.8, 124.6, 128.2, 131.5, 134.3, 136.5, 138.2, 139.2, 139.5, 139.1, 138.1, 136.5, 134.4, 131.8, 128.8, 125.6, 122.1, 118.6, 115.0, 111.4, 107.8, 104.2, 100.7, 97.3, 93.9, 90.3, 86.4, 84.6, 81.3, 79.5, 76.9, 75.4, 73.3, 72.1, 70.2, 69.1, 67.3, 66.3, 64.7, 63.8, 62.3, 61.5, 60.2, 59.6, 58.5, 58.1, 57.3, 57.0, 56.5, 56.4, 56.1, 56.1, 56.1, 56.3, 56.5, 56.9, 57.3, 57.8, 58.4, 59.1, 60.0, 61.1, 62.3, 63.6, 65.0, 66.2, 67.4, 68.4, 69.2, 69.9, 70.6, 71.3, 72.2, 73.3, 74.8, 76.6, 78.7, 81.1, 83.9, 87.0, 90.3, 93.8, 97.3, 100.7, 103.8, 106.6, 108.9, 110.8, 112.2, 113.2, 113.7, 113.9, 113.7, 113.3, 112.7, 112.0, 111.5, 111.6, 113.3, 117.9, 122.2, 127.1, 132.7, 139.0, 146.1, 153.9, 162.6, 172.2, 182.7, 192.2, 200.4, 207.6, 214.0, 219.5, 224.4, 228.7, 232.3, 235.4, 237.8, 239.8, 241.2, 242.2, 242.7, 242.9, 242.7, 242.1, 241.2, 240.1, 238.7, 237.0, 235.3, 236.5, 237.9, 240.3, 243.5, 247.2, 250.1, 252.3, 254.4, 256.6, 259.2, 262.4, 266.0, 269.9, 273.9, 277.7, 281.5, 285.0, 288.3, 291.3, 293.9, 296.1, 297.9, 299.3, 300.1, 300.2, 299.6, 298.1, 295.8, 292.6, 288.6, 283.9, 278.6, 272.9, 266.7, 260.4, 253.9, 247.3, 240.9, 234.6, 228.4, 222.5, 216.9, 211.6, 206.6, 201.9, 197.6, 193.6, 190.0, 186.7, 183.8, 181.1, 178.8, 176.8, 175.1, 173.7, 172.6, 171.8, 171.3, 171.0, 171.0, 171.3, 171.8, 172.4, 173.3, 174.3, 175.3, 176.3, 177.2

Insulin Readings (mU/minute, every 5 minutes): 6912 readings
  Values: 3.2E-05, 3.8E-05, 4.5E-10, 2.0E-09, 4.3E-09, 5.3E-08, 4.2E+01, 1.2E+02, 1.4E-06, 3.6E+01, 1.3E+01, 1.3E+01, 1.3E+01, 1.5E+01, 3.2E+01, 2.8E+00, 8.9E+00, 1.9E+01, 1.6E+01, 1.8E+01, 1.8E+01, 1.8E+01, 1.8E+01, 2.0E+01, 1.4E+01, 2.2E+01, 1.5E+01, 2.0E+01, 1.7E+01, 2.0E+01, 1.5E+01, 2.1E+01, 1.5E+01, 2.0E+01, 1.8E+01, 1.8E+01, 1.9E+01, 1.7E+01, 2.0E+01, 1.6E+01, 2.0E+01, 1.8E+01, 1.6E+01, 2.1E+01, 1.4E+01, 2.2E+01, 1.5E+01, 2.0E+01, 1.7E+01, 1.8E+01, 1.8E+01, 1.8E+01, 1.8E+01, 1.7E+01, 1.9E+01, 1.8E+01, 1.8E+01, 1.8E+01, 1.8E+01, 1.8E+01, 1.8E+01, 1.8E+01, 1.8E+01, 1.8E+01, 1.8E+01, 1.8E+01, 1.9E+01, 1.7E+01, 1.9E+01, 1.7E+01, 1.8E+01, 1.8E+01, 1.8E+01, 1.8E+01, 1.8E+01, 1.8E+01, 1.8E+01, 1.8E+01, 6.8E+01, 2.9E+01, 7.4E+01, 1.3E-07, 9.4E-07, 5.3E-07, 2.3E-07, 1.5E-07, 2.3E-07, 1.1E-07, 1.2E+02, 1.2E+02, 1.2E+02, 1.2E+02, 1.2E+02, 1.2E+02, 1.2E+02, 1.2E+02, 1.2E+02, 1.2E+02, 1.3E+01, 1.3E+01, 1.3E+01, 1.3E+01, 1.3E+01, 1.3E+01, 1.3E+01, 1.3E+01, 1.3E+01, 1.3E+01, 2.1E-09, 2.9E-09, 3.3E-09, 2.2E-09, 9.0E-08, 7.8E-08, 6.2E-08, 2.5E-08, 5.1E-08, 7.5E-08, 1.2E-07, 2.5E-07, 3.7E-07, 4.2E-07, 6.4E-07, 3.2E-07, 5.6E-07, 4.8E-07, 5.3E-08, 2.6E+01, 1.0E+02, 1.0E+02, 1.0E+02, 1.0E+02, 7.2E+01, 1.1E+01, 1.5E+01, 1.3E+01, 1.6E+01, 1.1E+01, 1.2E+01, 1.1E+01, 8.6E+00, 9.4E+00, 1.6E-05, 8.6E-06, 2.0E-07, 2.6E-06, 1.4E+01, 3.6E+01, 2.4E+01, 2.5E+01, 2.3E+01, 2.3E+01, 5.0E+01, 2.0E+01, 1.7E+01, 2.3E+01, 8.7E+00, 2.5E+01, 6.1E+00, 3.4E+01, 1.0E+02, 1.0E+02, 1.0E+02, 1.0E+02, 1.0E+02, 1.0E+02, 1.0E+02, 1.0E+02, 1.0E+02, 1.0E+02, 1.0E+02, 1.0E+02, 1.0E+02, 1.0E+02, 1.0E+02, 1.0E+02, 1.2E+02, 1.2E+02, 1.2E+02, 1.2E+02, 1.2E+02, 1.2E+02, 1.3E+01, 1.3E+01, 1.3E+01, 1.3E+01, 1.3E+01, 1.3E+01, 3.3E-07, 3.8E-06, 4.0E-06, 1.3E+01, 1.3E+01, 1.3E+01, 1.3E+01, 1.0E-08, 7.9E-09, 5.4E-09, 5.8E-09, 4.8E-09, 2.0E-08, 4.8E-08, 8.1E-08, 1.2E-07, 1.4E-07, 1.5E-07, 1.6E-07, 1.6E-07, 1.6E-07, 1.6E-07, 1.6E-07, 1.5E-07, 1.4E-07, 1.1E-07, 6.9E-08, 4.0E-08, 3.1E-08, 9.6E-08, 8.1E-07, 1.6E-07, 1.2E+02, 1.2E+02, 1.2E+02, 1.2E+02, 1.2E+02, 1.2E+02, 1.2E+02, 1.2E+02, 1.2E+02, 1.2E+02, 1.2E+02, 1.2E+02, 1.3E+01, 1.3E+01, 1.3E+01, 1.3E+01, 1.3E+01, 1.3E+01, 1.3E+01, 1.3E+01, 1.3E+01, 1.0E+02, 1.0E+02, 1.0E+02, 1.0E+02, 1.0E+02, 1.0E+02, 1.0E+02, 1.0E+02, 1.0E+02, 1.0E+02, 1.2E-07, 3.7E-07, 3.5E-06, 3.2E-06, 2.8E-06, 1.0E-07, 1.0E-07, 1.0E-07, 1.1E-07, 1.0E-07, 1.0E-07, 9.6E-08, 4.2E-06, 3.2E-06, 2.9E-06, 9.1E-08, 3.5E-06, 2.5E-06, 2.8E-07, 1.4E-07, 1.3E-07, 1.3E-07, 1.5E-07, 4.3E-07, 1.4E-07, 1.6E-07, 8.2E-07, 8.8E-08, 7.1E-08, 7.2E-08, 7.4E-08, 7.5E-08, 1.0E-09, 1.0E+02, 1.0E+02, 1.0E+02, 1.0E+02, 1.0E+02, 1.0E+02, 1.0E+02, 1.2E+02, 1.2E+02, 1.2E+02, 1.2E+02, 1.2E+02, 6.0E-07, 1.8E-07, 2.4E-06, 6.5E-06, 5.3E-07, 1.3E-07, 3.1E-07, 4.0E-07, 2.9E-06, 2.0E-07, 2.2E-07, 2.0E-07, 1.6E-07, 1.4E-07, 1.6E-07, 2.7E-07, 6.2E-09, 7.7E-09, 1.4E-08, 1.5E-08, 1.2E-07, 6.3E-08, 3.5E-08, 1.9E-06, 3.7E-07, 5.7E-07, 1.7E-08, 1.2E-06, 1.3E+01, 1.3E+01, 1.3E+01, 1.3E+01, 1.3E+01, 1.3E+01, 1.3E+01, 1.3E+01, 6.3E-08, 8.5E-09, 1.0E+02, 1.0E+02, 1.0E+02, 1.0E+02, 1.0E+02, 1.0E+02, 1.0E+02, 1.0E+02, 1.0E+02, 2.2E-06, 8.0E-07, 8.5E-08, 3.2E-08, 3.3E-06, 2.8E-09, 1.0E-07, 3.0E-11, 2.0E-01, 7.8E+00, 7.5E+00, 8.8E+00, 8.4E+00, 1.0E+01, 1.2E+01, 1.3E+01, 1.3E+01, 1.3E+01, 1.3E+01, 1.3E+01, 1.3E+01, 1.3E+01, 1.3E+01, 1.3E+01, 1.3E+01, 1.3E+01, 4.1E-09, 1.6E-07, 5.2E-09, 1.8E-07, 1.1E-07, 1.0E-07, 9.2E-08, 9.2E-08, 8.8E-08, 8.8E-08, 8.5E-08, 8.4E-08, 8.3E-08, 8.3E-08, 8.2E-08, 1.4E-07, 4.2E-07, 1.0E+02, 1.0E+02, 1.0E+02, 1.0E+02, 1.0E+02, 1.0E+02, 1.0E+02, 1.0E+02, 1.0E+02, 1.0E+02, 1.0E+02, 1.0E+02, 1.0E+02, 1.0E+02, 1.0E+02, 1.0E+02, 1.0E+02, 1.0E+02, 1.0E+02, 1.0E+02, 1.2E-08, 2.7E-08, 1.3E-06, 1.3E-06, 1.0E-07, 1.2E-07, 1.3E-07, 1.5E-07, 1.6E-07, 2.5E-08, 2.5E-08, 2.6E-08, 3.3E-08, 5.1E-08, 6.6E-08, 6.2E-07, 1.3E+01, 1.3E+01, 1.3E+01, 1.3E+01, 1.3E+01, 1.3E+01, 1.3E+01, 1.3E+01, 1.3E+01, 1.2E+01, 1.0E+01, 9.1E+00, 9.0E+00, 7.9E+00, 5.8E+00, 1.1E+01, 5.0E+00, 1.3E+01, 4.0E-05, 4.7E-08, 4.8E-08, 5.0E-08, 5.2E-08, 5.5E-08, 5.6E-08, 5.9E-08, 6.0E-08, 6.2E-08, 6.4E-08, 6.5E-08, 6.6E-08, 6.8E-08, 6.9E-08, 9.8E-09, 1.3E+01, 1.3E+01, 1.3E+01, 1.2E+02, 1.2E+02, 1.2E+02, 1.2E+02, 1.2E+02, 1.2E+02, 1.2E+02, 1.2E+02, 1.2E+02, 1.2E+02, 1.2E+02, 1.2E+02, 1.2E+02, 1.2E+02, 1.2E+02, 1.2E+02, 1.2E+02, 1.2E+02, 1.2E+02, 1.2E+02, 1.3E+01, 1.3E+01, 1.3E+01, 1.3E+01, 1.3E+01, 1.3E+01, 1.3E+01, 1.3E+01, 1.3E+01, 1.3E+01, 3.6E-06, 3.8E-06, 6.5E+00, 6.5E+00, 6.5E+00, 6.5E+00, 6.5E+00, 2.6E-07, 8.2E-07, 1.5E-06, 2.3E-06, 2.7E-06, 2.7E-06, 2.3E-06, 1.4E-06, 7.1E-07, 2.2E-07, 9.9E-06, 5.9E-06, 4.0E-06, 4.8E-06, 5.1E-06, 4.5E-06, 1.3E+01, 1.3E+01, 1.2E+02, 1.2E+02, 1.2E+02, 1.2E+02, 1.2E+02, 1.2E+02, 1.2E+02, 1.2E+02, 1.2E+02, 1.2E+02, 1.2E+02, 1.2E+02, 1.2E+02, 1.2E+02, 1.2E+02, 1.2E+02, 1.3E+01, 1.3E+01, 1.3E+01, 1.3E+01, 1.3E+01, 1.3E+01, 1.3E+01, 1.3E+01, 1.3E+01, 4.1E-06, 3.7E-07, 3.2E-06, 2.2E-08, 2.1E-08, 2.0E-08, 1.9E-08, 1.8E-08, 1.7E-08, 1.6E-08, 1.5E-08, 1.5E-08, 1.5E-08, 1.5E-08, 1.5E-08, 1.6E-08, 1.7E-08, 1.9E-08, 2.2E-08, 9.3E-07, 1.7E-06, 5.5E-08, 4.0E-08, 8.0E-08, 8.6E-08, 1.2E+02, 1.2E+02, 1.2E+02, 1.2E+02, 1.2E+02, 1.2E+02, 1.2E+02, 1.2E+02, 1.2E+02, 1.2E+02, 1.2E+02, 1.4E-07, 2.2E-07, 1.4E-07, 5.8E-07, 8.4E-07, 3.2E-06, 5.7E-07, 1.5E-06, 4.1E-06, 4.2E-05, 2.8E-06, 2.1E-06, 4.0E-06, 7.4E-06, 1.3E-05, 1.4E-05, 1.4E-05, 2.5E-07, 2.5E-07, 6.6E-06, 3.8E-06, 2.1E-06, 1.1E-06, 4.7E-06, 7.9E-07, 6.8E-07, 7.4E-07, 9.7E-08, 3.8E-08, 9.0E-08, 1.2E+02, 1.2E+02, 1.2E+02, 1.2E+02, 1.2E+02, 1.2E+02, 6.5E-06, 3.1E-06, 1.3E+01, 1.3E+01, 1.3E+01, 1.3E+01, 1.3E+01, 1.3E+01, 1.3E+01, 1.3E+01, 5.7E-08, 2.4E-08, 3.0E-08, 3.2E-08, 3.2E-08, 3.2E-08, 3.8E-08, 3.4E-08, 3.0E-08, 2.0E-08, 9.4E-09, 3.8E-08, 3.1E-08, 8.0E-08, 1.4E-08, 1.9E-08, 1.2E-07, 7.5E-08, 3.8E-08, 8.8E-09, 5.7E-08, 9.6E-08, 7.3E-09, 1.4E-08, 5.8E-07, 2.0E-07, 5.2E+01, 1.0E+02, 1.0E+02, 1.0E+02, 1.2E+02, 5.9E+01, 1.2E+00, 4.2E+01, 2.0E+01, 1.0E+01, 6.8E+00, 6.6E+00, 7.6E+00, 2.0E-07, 1.2E-07, 1.2E+02, 1.2E+02, 1.2E+02, 1.2E+02, 1.2E+02, 1.2E+02, 1.2E+02, 1.2E+02, 9.4E+01, 7.5E+01, 7.3E+01, 1.5E-07, 1.9E-07, 3.7E-07, 6.2E-08, 4.2E-07, 1.3E+01, 1.3E+01, 1.3E+01, 1.3E+01, 1.3E+01, 1.3E+01, 1.3E+01, 1.3E+01, 1.3E+01, 1.3E+01, 1.3E+01, 1.3E+01, 1.3E+01, 1.3E+01, 3.6E-06, 5.8E-08, 6.6E-08, 6.8E-08, 8.2E-08, 8.9E-08, 6.2E-08, 3.7E-08, 2.0E-06, 1.9E-07, 2.4E-08, 1.3E-07, 5.0E-07, 1.0E-08, 1.0E+02, 1.0E+02, 1.0E+02, 1.0E+02, 1.9E+01, 2.0E+01, 6.9E+01, 5.8E+01, 4.3E+01, 4.1E+01, 3.4E+01, 2.9E+01, 2.6E+01, 2.4E+01, 2.0E+01, 1.8E+01, 2.9E-08, 2.6E-06, 2.9E-07, 1.0E+02, 1.0E+02, 1.2E+02, 1.2E+02, 1.2E+02, 1.2E+02, 1.2E+02, 1.2E+02, 1.2E+02, 1.2E+02, 1.2E+02, 1.2E+02, 1.2E+02, 1.2E+02, 1.2E+02, 1.2E+02, 1.2E+02, 1.2E+02, 1.2E+02, 1.2E+02, 6.4E-07, 1.3E+01, 1.3E+01, 1.3E+01, 1.3E+01, 1.3E+01, 1.3E+01, 1.3E+01, 1.3E+01, 1.3E+01, 1.3E+01, 1.3E+01, 1.3E+01, 1.3E+01, 1.3E+01, 1.3E+01, 1.3E+01, 1.3E+01, 1.3E+01, 1.3E+01, 1.3E+01, 1.3E+01, 1.3E+01, 1.3E+01, 1.3E+01, 1.3E+01, 1.3E+01, 8.9E+00, 7.4E-06, 4.2E-06, 3.0E-06, 1.5E-06, 1.2E-06, 1.1E-06, 1.1E-06, 1.2E-06, 2.8E-06, 5.6E-06, 5.4E-06, 7.4E-06, 4.9E-06, 5.3E-06, 5.5E-06, 5.7E-06, 6.5E-06, 1.8E-05, 1.0E+01, 1.3E+01, 1.3E+01, 1.3E+01, 1.1E+01, 1.0E+02, 1.0E+02, 1.0E+02, 1.0E+02, 1.0E+02, 1.0E+02, 1.0E+02, 1.0E+02, 1.0E+02, 1.0E+02, 1.0E+02, 1.0E+02, 1.0E+02, 1.0E+02, 1.0E+02, 1.0E+02, 1.0E+02, 1.0E+02, 1.0E+02, 1.0E+02, 1.0E+02, 2.5E-08, 6.9E-08, 3.8E-07, 7.6E-07, 3.6E-08, 7.2E-07, 4.7E-06, 1.3E+01, 1.3E+01, 1.3E+01, 1.3E+01, 2.1E-08, 2.2E-08, 2.3E-08, 2.5E-08, 2.6E-08, 2.7E-08, 2.8E-08, 2.9E-08, 3.0E-08, 3.0E-08, 3.1E-08, 3.1E-08, 3.2E-08, 3.3E-08, 3.4E-08, 3.6E-08, 3.8E-08, 4.0E-08, 4.3E-08, 4.5E-08, 4.8E-08, 5.1E-08, 2.7E-06, 1.8E-08, 4.9E-08, 1.0E+02, 1.0E+02, 1.0E+02, 1.0E+02, 1.2E+02, 1.2E+02, 1.2E+02, 1.2E+02, 1.2E+02, 1.2E+02, 1.2E+02, 1.2E+02, 1.2E+02, 4.0E-07, 5.7E-07, 1.8E-06, 2.0E-06, 2.3E-07, 1.6E-05, 2.2E-07, 2.3E-06, 4.5E-07, 2.1E-07, 7.6E-07, 9.9E-08, 1.0E-07, 1.1E-07, 1.1E-07, 1.4E-07, 1.2E-07, 1.3E-07, 1.4E-07, 1.7E-07, 2.0E-07, 2.1E-07, 2.1E-07, 1.7E-07, 1.3E-07, 1.5E-07, 2.2E-07, 5.0E-09, 8.1E-09, 1.3E-08, 1.6E-08, 7.0E-08, 4.9E-08, 2.7E-08, 2.8E-07, 1.9E-07, 4.1E-08, 1.3E-08, 3.2E-06, 1.0E+02, 1.0E+02, 1.0E+02, 1.0E+02, 1.0E+02, 1.0E+02, 1.0E+02, 1.0E+02, 1.0E+02, 1.0E+02, 1.0E+02, 3.0E-07, 5.1E-08, 1.2E-07, 1.9E-07, 1.3E+01, 1.3E+01, 9.1E+00, 1.3E+01, 1.3E+01, 1.3E+01, 1.3E+01, 1.3E+01, 1.3E+01, 1.3E+01, 1.3E+01, 1.3E+01, 1.3E+01, 1.3E+01, 1.3E+01, 7.3E-08, 6.1E-08, 6.0E-08, 6.0E-08, 5.9E-08, 6.0E-08, 6.1E-08, 1.0E-08, 1.1E-08, 9.2E-08, 9.8E-08, 1.0E-07, 1.2E-07, 1.1E-07, 1.6E-07, 1.1E-07, 1.9E-07, 7.8E-07, 5.3E-09, 2.2E-06, 1.3E+01, 1.3E+01, 1.3E+01, 1.3E+01, 1.3E+01, 1.3E+01, 1.3E+01, 1.3E+01, 1.3E+01, 1.0E+02, 1.0E+02, 1.0E+02, 1.0E+02, 1.0E+02, 1.0E+02, 1.0E+02, 1.0E+02, 1.0E+02, 1.0E+02, 1.0E+02, 1.0E+02, 1.0E+02, 1.0E+02, 1.0E+02, 1.0E+02, 1.0E+02, 1.0E+02, 1.0E+02, 1.0E+02, 1.0E+02, 2.2E-08, 4.1E-07, 1.2E-07, 5.6E-07, 3.6E-07, 1.0E-06, 4.4E-07, 1.4E-07, 1.3E-07, 4.3E-07, 4.1E-07, 5.3E-07, 1.7E-07, 1.5E-07, 1.7E-07, 6.2E-07, 1.3E+01, 1.3E+01, 6.8E-08, 6.9E-08, 7.0E-08, 7.2E-08, 7.3E-08, 7.4E-08, 8.1E-08, 8.4E-08, 8.6E-08, 1.1E-07, 9.6E-08, 5.2E-07, 1.3E+01, 1.3E+01, 1.3E+01, 1.3E+01, 1.3E+01, 1.3E+01, 1.3E+01, 1.3E+01, 1.3E+01, 1.3E+01, 1.3E+01, 1.7E-09, 1.0E+02, 1.0E+02, 1.0E+02, 1.0E+02, 1.0E+02, 1.0E+02, 1.3E+01, 1.3E+01, 1.3E+01, 1.3E+01, 1.3E+01, 1.3E+01, 1.3E+01, 1.3E+01, 1.3E+01, 1.3E+01, 1.0E+02, 1.0E+02, 1.0E+02, 1.0E+02, 1.0E+02, 1.0E+02, 1.0E+02, 1.0E+02, 1.0E+02, 1.0E+02, 1.0E+02, 1.0E+02, 1.0E+02, 1.0E+02, 1.0E+02, 1.0E+02, 1.0E+02, 2.4E-06, 4.4E-07, 1.8E-07, 8.1E-07, 2.0E-08, 2.4E-08, 2.3E-08, 2.7E-08, 2.9E-08, 3.2E-08, 3.6E-08, 4.1E-08, 4.6E-08, 5.3E-08, 5.7E-08, 5.8E-08, 5.9E-08, 5.9E-08, 5.9E-08, 6.0E-08, 6.1E-08, 6.3E-08, 6.4E-08, 8.4E-08, 6.7E-08, 6.9E-08, 7.1E-08, 7.3E-08, 7.5E-08, 7.7E-08, 7.8E-08, 8.0E-08, 8.2E-08, 1.3E-07, 4.8E-07, 2.3E-07, 1.2E+02, 1.2E+02, 1.2E+02, 1.2E+02, 1.2E+02, 1.2E+02, 1.2E+02, 1.2E+02, 1.2E+02, 1.2E+02, 1.2E+02, 1.2E+02, 1.2E+02, 1.2E+02, 1.0E+02, 1.0E+02, 1.0E+02, 1.0E+02, 1.0E+02, 1.0E+02, 3.9E-07, 2.5E-08, 2.7E-07, 1.3E+01, 1.3E+01, 1.3E+01, 1.3E+01, 1.3E+01, 1.3E+01, 1.3E+01, 1.3E+01, 1.3E+01, 1.3E+01, 1.3E+01, 1.3E+01, 1.7E-07, 1.6E-08, 1.8E-08, 2.1E-08, 2.3E-08, 2.5E-08, 2.8E-08, 3.0E-08, 3.2E-08, 3.3E-08, 3.5E-08, 3.7E-08, 3.8E-08, 4.0E-08, 4.1E-08, 4.3E-08, 4.5E-08, 4.8E-08, 5.0E-08, 5.3E-08, 5.5E-08, 5.7E-08, 5.9E-08, 6.1E-08, 6.3E-08, 7.1E-08, 7.3E-08, 7.5E-08, 7.8E-08, 8.0E-08, 8.1E-08, 8.3E-08, 8.5E-08, 8.6E-08, 1.2E+02, 1.2E+02, 1.2E+02, 1.2E+02, 1.2E+02, 1.2E+02, 1.2E+02, 1.2E+02, 1.2E+02, 1.2E+02, 1.2E+02, 1.2E+02, 1.2E+02, 1.2E+02, 1.2E+02, 1.2E+02, 3.3E-07, 3.4E-07, 6.0E-07, 3.2E-06, 7.3E-07, 7.7E-07, 2.6E-07, 6.6E-07, 5.7E-06, 4.6E-07, 5.7E-07, 6.5E-07, 9.9E-06, 3.1E-07, 1.2E-06, 3.3E-07, 4.6E-07, 6.5E-07, 6.1E-07, 8.0E-07, 8.5E-07, 6.5E-07, 2.6E-07, 2.3E-07, 1.8E-07, 3.6E-06, 2.2E-06, 9.7E-07, 1.7E-06, 1.7E-06, 1.9E-07, 2.7E-07, 1.7E-07, 1.2E+02, 1.2E+02, 1.2E+02, 1.2E+02, 1.2E+02, 1.2E+02, 1.2E+02, 1.2E+02, 1.2E+02, 1.2E+02, 1.2E+02, 1.3E+01, 1.3E+01, 1.3E+01, 1.3E+01, 1.3E+01, 1.3E+01, 1.3E+01, 1.3E+01, 1.2E+02, 1.2E+02, 1.2E+02, 1.2E+02, 1.2E+02, 1.3E+01, 1.3E+01, 1.3E+01, 1.3E+01, 1.3E+01, 1.3E+01, 4.1E-07, 2.6E-06, 3.7E-08, 1.7E-07, 2.1E-07, 2.7E-07, 2.4E-07, 6.7E-07, 1.1E-07, 1.5E-07, 1.0E+02, 1.0E+02, 1.0E+02, 1.0E+02, 1.0E+02, 1.0E+02, 1.0E+02, 1.0E+02, 1.0E+02, 1.0E+02, 1.0E+02, 1.0E+02, 1.0E+02, 1.0E+02, 1.5E-09, 4.5E-07, 2.9E-08, 7.8E-08, 8.8E-08, 9.8E-08, 1.1E-07, 1.3E-07, 1.5E-07, 1.7E-07, 4.0E-08, 4.2E-08, 4.3E-08, 4.5E-08, 4.9E-08, 5.4E-08, 6.4E-08, 8.0E-08, 5.1E-08, 5.4E-08, 5.7E-08, 6.0E-08, 6.2E-08, 6.5E-08, 6.7E-08, 6.9E-08, 7.1E-08, 7.3E-08, 7.5E-08, 7.6E-08, 8.5E-08, 1.3E-07, 6.2E-07, 1.2E+02, 1.2E+02, 1.2E+02, 1.2E+02, 1.2E+02, 1.2E+02, 1.2E+02, 1.2E+02, 1.2E+02, 1.2E+02, 1.2E+02, 1.2E+02, 1.2E+02, 1.2E+02, 1.2E+02, 1.2E+02, 1.2E+02, 1.2E+02, 1.2E+02, 1.2E+02, 1.2E+02, 1.2E+02, 1.2E+02, 1.2E+02, 1.2E+02, 1.3E+01, 1.3E+01, 1.3E+01, 1.3E+01, 1.3E+01, 1.3E+01, 1.3E+01, 1.3E+01, 1.3E+01, 1.3E+01, 1.3E+01, 1.3E+01, 1.3E+01, 1.3E+01, 1.3E+01, 1.3E+01, 1.3E+01, 1.3E+01, 1.3E+01, 1.3E+01, 1.3E+01, 1.3E+01, 1.9E-05, 2.2E-05, 1.7E-06, 1.1E-06, 9.8E-07, 9.7E-07, 1.0E-06, 1.1E-06, 1.3E-06, 1.6E-06, 2.2E-06, 5.8E-06, 5.0E-06, 1.3E+01, 1.3E+01, 3.0E-01, 1.3E+00, 8.3E+00, 1.3E+01, 1.3E+01, 1.3E+01, 1.3E+01, 1.3E+01, 1.3E+01, 1.3E+01, 1.3E+01, 1.3E+01, 1.3E+01, 1.3E+01, 1.3E+01, 1.3E+01, 1.3E+01, 1.2E+01, 1.2E+01, 1.1E+01, 1.2E+02, 1.2E+02, 1.2E+02, 1.2E+02, 1.2E+02, 1.2E+02, 1.2E+02, 1.2E+02, 1.2E+02, 1.2E+02, 1.2E+02, 1.2E+02, 1.2E+02, 1.2E+02, 1.2E+02, 1.2E+02, 1.2E+02, 1.2E+02, 1.2E+02, 1.3E+01, 1.3E+01, 1.3E+01, 1.3E+01, 1.2E-06, 4.6E-06, 3.7E-07, 2.2E-07, 1.2E-06, 2.2E-06, 1.5E-07, 1.4E-07, 1.4E-07, 1.3E-07, 1.3E-07, 1.2E-07, 1.1E-07, 3.6E-08, 3.7E-08, 3.8E-08, 3.9E-08, 4.1E-08, 4.3E-08, 4.5E-08, 4.7E-08, 4.9E-08, 5.1E-08, 5.4E-08, 2.8E-06, 1.1E-06, 1.1E-07, 8.8E-08, 1.6E-07, 1.2E+02, 1.2E+02, 1.2E+02, 1.2E+02, 1.2E+02, 1.2E+02, 1.2E+02, 1.2E+02, 1.2E+02, 1.2E+02, 1.2E+02, 1.2E+02, 8.6E-07, 1.7E-07, 5.7E-07, 8.5E-07, 5.8E-07, 5.3E-07, 2.8E-06, 5.5E-07, 1.4E-06, 3.2E-06, 6.9E-06, 3.0E-07, 2.9E-07, 3.1E-07, 3.3E-07, 3.8E-07, 3.3E-07, 2.8E-07, 2.6E-07, 2.8E-07, 4.0E-07, 4.5E-06, 3.1E-06, 1.9E-06, 2.2E-07, 1.7E-06, 2.2E-06, 4.0E-07, 3.0E-06, 1.1E-07, 8.4E-08, 1.2E+02, 1.2E+02, 1.2E+02, 1.2E+02, 1.2E+02, 1.2E+02, 1.2E+02, 1.2E+02, 1.2E+02, 1.3E+01, 3.2E-07, 3.5E-07, 1.3E-07, 4.3E-08, 1.0E-07, 7.3E-07, 6.2E-08, 1.0E-07, 3.2E-07, 9.7E-07, 1.4E-07, 3.7E-06, 2.5E-06, 2.8E-06, 2.9E-06, 3.5E-06, 3.3E-06, 2.1E-06, 2.8E-06, 2.2E-06, 7.4E-07, 8.7E-08, 8.7E-08, 4.8E-08, 2.4E-07, 9.4E-08, 4.9E-06, 1.0E+02, 1.0E+02, 1.0E+02, 1.0E+02, 1.3E+01, 1.3E+01, 1.8E-06, 1.2E+02, 1.2E+02, 1.2E+02, 1.2E+02, 1.2E+02, 1.2E+02, 1.2E+02, 1.2E+02, 1.2E+02, 2.2E+01, 1.3E+01, 1.3E+01, 1.3E+01, 7.3E-08, 2.4E-07, 3.3E-07, 2.6E-07, 9.9E-08, 8.6E-08, 2.2E-06, 2.4E-06, 2.3E-07, 4.0E-07, 1.2E-07, 3.2E-07, 3.9E-07, 4.5E-07, 4.5E-07, 4.3E-07, 4.3E-07, 4.2E-07, 3.0E-07, 1.4E-07, 6.3E-07, 2.4E-07, 7.3E-08, 4.8E-07, 2.0E-08, 1.2E-08, 1.0E+02, 1.0E+02, 1.0E+02, 1.0E+02, 1.0E+02, 1.0E+02, 1.0E+02, 8.8E-07, 8.7E-07, 4.7E-07, 3.1E-08, 7.2E-08, 6.7E-11, 7.0E-08, 1.3E-07, 5.2E-08, 1.8E-07, 2.5E-07, 1.5E-07, 1.0E+01, 4.4E+01, 4.1E+01, 1.2E+02, 3.4E+01, 2.5E+01, 2.3E+01, 2.1E+01, 1.9E+01, 1.9E+01, 1.8E+01, 1.8E+01, 1.5E+01, 1.5E+01, 1.6E+01, 1.6E+01, 1.7E+01, 1.2E+02, 1.2E+02, 1.2E+02, 1.2E+02, 1.2E+02, 1.2E+02, 1.2E+02, 1.2E+02, 1.2E+02, 1.2E+02, 1.2E+02, 1.2E+02, 1.2E+02, 1.2E+02, 1.2E+02, 1.2E+02, 1.2E+02, 1.0E+02, 1.0E+02, 1.0E+02, 5.5E-07, 4.0E-06, 3.8E-06, 5.9E-08, 7.5E-08, 3.3E-06, 1.3E+01, 1.3E+01, 1.3E+01, 1.3E+01, 1.3E+01, 1.3E+01, 1.3E+01, 1.3E+01, 1.3E+01, 1.3E+01, 1.3E+01, 1.3E+01, 1.3E+01, 1.3E+01, 1.3E+01, 1.0E-07, 9.8E-08, 1.1E-07, 1.2E-07, 1.2E-07, 1.6E-07, 1.5E-07, 1.7E-07, 1.9E-07, 1.5E-06, 4.4E-06, 5.8E-06, 5.8E-06, 5.7E-06, 5.7E-06, 5.7E-06, 5.7E-06, 1.0E+02, 9.7E-08, 1.1E-07, 1.2E-07, 1.3E-07, 1.1E-07, 1.1E-07, 1.0E+02, 1.0E+02, 1.0E+02, 1.0E+02, 1.0E+02, 1.0E+02, 1.0E+02, 1.0E+02, 1.0E+02, 1.0E+02, 1.0E+02, 1.2E+02, 1.2E+02, 1.2E+02, 1.2E+02, 1.2E+02, 1.2E+02, 1.2E+02, 1.2E+02, 1.2E+02, 1.3E+01, 1.3E+01, 1.5E-06, 4.2E-08, 3.6E-07, 9.6E-08, 4.8E-07, 1.4E-07, 9.4E-08, 7.3E-08, 6.3E-08, 5.6E-08, 5.2E-08, 5.0E-08, 4.8E-08, 4.8E-08, 4.8E-08, 4.9E-08, 4.9E-08, 5.0E-08, 5.1E-08, 5.2E-08, 5.3E-08, 5.5E-08, 5.7E-08, 5.9E-08, 6.1E-08, 6.0E-08, 6.2E-08, 1.0E-07, 2.9E-06, 2.6E-06, 1.8E-06, 8.3E-07, 2.7E-07, 7.5E-08, 7.7E-08, 7.8E-08, 4.7E-09, 1.0E+02, 1.0E+02, 1.0E+02, 1.0E+02, 1.0E+02, 1.0E+02, 1.0E+02, 1.0E+02, 1.0E+02, 1.0E+02, 1.0E+02, 1.0E+02, 5.0E-09, 2.7E-08, 2.4E-08, 2.1E-06, 2.3E-07, 5.8E-07, 5.1E-07, 9.7E-07, 1.3E-07, 1.7E-07, 1.9E-07, 1.9E-07, 1.8E-07, 2.9E-07, 8.4E-09, 1.1E-08, 9.2E-09, 1.1E-08, 1.1E-08, 3.1E-08, 1.7E-07, 8.4E-07, 1.1E-08, 2.4E-07, 7.0E-08, 1.7E-07, 1.8E-08, 4.7E-07, 2.3E-06, 1.3E+01, 1.3E+01, 1.3E+01, 1.3E+01, 1.3E+01, 4.9E-10, 1.0E+02, 1.0E+02, 1.0E+02, 1.0E+02, 1.0E+02, 1.0E+02, 1.0E+02, 1.0E+02, 1.0E+02, 1.0E+02, 6.7E-08, 3.0E-09, 5.2E-07, 5.1E-07, 9.3E-09, 5.3E-09, 3.1E-07, 7.6E-09, 1.1E-08, 1.4E-01, 6.6E+00, 6.1E+00, 5.1E+00, 8.0E+00, 1.3E+01, 1.3E+01, 1.3E+01, 1.3E+01, 1.3E+01, 1.3E+01, 1.3E+01, 1.3E+01, 1.3E+01, 1.3E+01, 1.3E+01, 1.3E+01, 1.3E+01, 1.3E+01, 8.6E-08, 1.3E+01, 2.8E-09, 2.3E-09, 3.5E-09, 1.6E-08, 4.3E-08, 3.3E-07, 9.1E-08, 1.3E+01, 1.3E+01, 1.3E+01, 1.3E+01, 1.3E+01, 1.3E+01, 1.3E+01, 1.3E+01, 1.3E+01, 1.3E+01, 1.3E+01, 1.3E+01, 1.3E+01, 1.3E+01, 1.0E+02, 1.0E+02, 1.0E+02, 1.0E+02, 1.0E+02, 1.0E+02, 1.0E+02, 1.0E+02, 1.0E+02, 1.0E+02, 1.0E+02, 1.0E+02, 1.0E+02, 1.0E+02, 1.0E+02, 1.0E+02, 1.0E+02, 1.0E+02, 1.0E+02, 2.5E-08, 3.8E-07, 4.8E-06, 1.6E-07, 2.2E-07, 3.1E-07, 9.2E-08, 2.2E-07, 8.4E-06, 5.5E-08, 5.9E-08, 6.4E-08, 6.8E-08, 7.2E-08, 7.5E-08, 7.8E-08, 8.0E-08, 8.3E-08, 8.6E-08, 8.8E-08, 9.1E-08, 9.3E-08, 9.5E-08, 9.6E-08, 9.7E-08, 9.8E-08, 9.9E-08, 1.9E-07, 9.7E-08, 1.0E-07, 1.6E-07, 1.0E+02, 1.0E+02, 1.8E-07, 1.0E+02, 1.0E+02, 1.2E+02, 1.2E+02, 1.2E+02, 1.2E+02, 1.2E+02, 1.2E+02, 1.2E+02, 1.2E+02, 1.2E+02, 1.2E+02, 1.2E+02, 1.2E+02, 1.2E+02, 1.2E+02, 1.2E+02, 1.2E+02, 1.2E+02, 1.2E+02, 3.6E-08, 9.2E-08, 1.1E-06, 1.3E+01, 1.3E+01, 1.3E+01, 1.3E+01, 1.3E+01, 1.3E+01, 1.3E+01, 1.3E+01, 1.3E+01, 1.3E+01, 1.3E+01, 1.3E+01, 1.3E+01, 1.3E+01, 1.3E+01, 1.3E+01, 1.3E+01, 1.3E+01, 1.3E+01, 6.2E-07, 6.8E-07, 1.1E-06, 1.5E-06, 1.8E-06, 2.0E-06, 2.2E-06, 2.5E-06, 2.2E-06, 5.6E-06, 7.5E-05, 1.3E+01, 1.3E+01, 1.3E+01, 1.3E+01, 1.3E+01, 1.3E+01, 1.3E+01, 1.3E+01, 1.3E+01, 1.3E+01, 7.7E+00, 1.3E+01, 1.3E+01, 1.0E+02, 1.0E+02, 1.0E+02, 1.0E+02, 1.0E+02, 1.0E+02, 1.0E+02, 1.0E+02, 1.0E+02, 1.0E+02, 1.0E+02, 1.0E+02, 1.0E+02, 1.0E+02, 1.0E+02, 1.0E+02, 1.0E+02, 1.0E+02, 1.0E+02, 1.0E+02, 1.0E+02, 1.0E+02, 1.0E+02, 1.0E+02, 1.0E+02, 1.0E+02, 1.2E-09, 1.3E-07, 1.3E+01, 1.3E+01, 1.3E+01, 1.3E+01, 1.3E+01, 1.3E+01, 1.2E-08, 1.5E-08, 2.1E-08, 2.4E-08, 1.3E-08, 1.4E-08, 1.7E-08, 1.6E-08, 1.9E-08, 2.3E-08, 2.7E-08, 3.2E-08, 3.8E-08, 4.3E-08, 4.8E-08, 5.4E-08, 5.9E-08, 6.3E-08, 6.7E-08, 7.1E-08, 7.4E-08, 7.7E-08, 8.1E-08, 8.4E-08, 8.7E-08, 8.9E-08, 9.1E-08, 9.2E-08, 9.4E-08, 1.2E-07, 1.2E-07, 1.3E-07, 9.5E-08, 9.7E-08, 9.8E-08, 1.0E-07, 1.0E-07, 1.1E-07, 1.1E-07, 1.1E-07, 1.2E-07, 1.2E-07, 1.2E+02, 1.2E+02, 1.2E+02, 1.2E+02, 1.2E+02, 1.2E+02, 1.2E+02, 1.2E+02, 1.2E+02, 1.2E+02, 1.2E+02, 1.2E+02, 1.2E+02, 1.2E+02, 1.2E+02, 9.1E-07, 4.8E-07, 2.2E-06, 7.8E-07, 1.5E-05, 1.6E-06, 5.5E-07, 3.2E-08, 1.5E-07, 1.3E+01, 1.3E+01, 1.3E+01, 1.3E+01, 1.3E+01, 1.2E-07, 1.0E-07, 5.5E-08, 6.1E-08, 5.8E-08, 8.3E-08, 1.0E-07, 1.0E-07, 1.1E-07, 4.4E-08, 1.4E-07, 1.7E-08, 6.9E-08, 1.7E-07, 9.1E-08, 2.7E-07, 4.3E-08, 3.4E-10, 1.6E-08, 1.3E+01, 1.3E+01, 1.1E+01, 1.3E+01, 1.3E+01, 1.3E+01, 1.3E+01, 1.3E+01, 1.3E+01, 1.3E+01, 1.3E+01, 1.3E+01, 1.3E+01, 1.3E+01, 1.3E+01, 1.3E+01, 1.3E+01, 1.3E+01, 1.3E+01, 2.5E-09, 1.0E+02, 1.0E+02, 1.0E+02, 1.0E+02, 1.0E+02, 1.0E+02, 1.0E+02, 1.2E+02, 1.2E+02, 1.2E+02, 1.2E+02, 1.0E+02, 1.0E+02, 1.0E+02, 1.0E+02, 1.0E+02, 1.3E+01, 1.3E+01, 1.3E+01, 1.3E+01, 1.3E+01, 1.3E+01, 1.3E+01, 1.3E+01, 1.3E+01, 1.3E+01, 1.3E+01, 1.3E+01, 1.3E+01, 1.3E+01, 1.3E+01, 1.3E+01, 1.3E+01, 1.3E+01, 1.1E-05, 1.1E-07, 1.3E+01, 4.0E-07, 2.1E-07, 1.6E-07, 1.3E-07, 1.2E-07, 1.1E-07, 1.1E-07, 1.1E-07, 1.1E-07, 1.2E-07, 1.2E-07, 1.3E-07, 1.4E-07, 1.5E-07, 1.6E-07, 1.9E-07, 2.2E-07, 1.2E-07, 1.3E-07, 1.2E-07, 1.3E-07, 1.4E-07, 1.6E-07, 9.3E-08, 1.0E-07, 1.4E-08, 4.1E-09, 1.4E-08, 9.5E-08, 8.1E-08, 4.8E-09, 1.4E-07, 1.0E-07, 1.2E+02, 1.2E+02, 1.2E+02, 1.2E+02, 1.2E+02, 1.2E+02, 1.2E+02, 1.2E+02, 1.2E+02, 1.2E+02, 1.2E+02, 1.2E+02, 1.2E+02, 1.2E+02, 1.2E+02, 1.2E+02, 1.2E+02, 1.2E+02, 1.2E+02, 1.2E+02, 1.2E+02, 1.2E+02, 9.8E+01, 1.3E+01, 1.3E+01, 1.3E+01, 1.3E+01, 1.3E+01, 1.3E+01, 1.3E+01, 1.3E+01, 1.3E+01, 1.3E+01, 3.6E-07, 1.3E+01, 1.3E+01, 1.3E+01, 1.3E+01, 1.3E+01, 1.3E+01, 1.3E+01, 1.3E+01, 1.3E+01, 1.3E+01, 1.3E+01, 8.8E-05, 1.3E-05, 5.9E-06, 5.0E-06, 6.0E-06, 2.6E-07, 6.5E+00, 6.5E+00, 6.5E+00, 7.8E-06, 6.5E+00, 6.5E+00, 4.5E+00, 1.3E+01, 9.3E+00, 7.7E-01, 6.2E-04, 1.2E+02, 1.2E+02, 1.2E+02, 1.2E+02, 1.2E+02, 1.2E+02, 1.2E+02, 1.2E+02, 1.2E+02, 1.2E+02, 1.2E+02, 1.2E+02, 1.2E+02, 1.2E+02, 1.7E-08, 3.8E-08, 8.2E-09, 4.4E-07, 1.0E-06, 2.8E-07, 6.4E-06, 1.6E-05, 3.8E-07, 5.0E-07, 7.2E-06, 2.0E-07, 1.9E-07, 1.7E-06, 1.3E+01, 1.3E+01, 1.3E+01, 1.3E+01, 1.3E+01, 1.3E+01, 1.3E+01, 1.3E+01, 1.3E+01, 1.3E+01, 1.3E+01, 1.2E+02, 1.0E+02, 1.0E+02, 1.0E+02, 1.0E+02, 1.0E+02, 1.0E+02, 1.0E+02, 1.0E+02, 1.0E+02, 1.0E+02, 1.0E+02, 1.0E+02, 1.0E+02, 1.0E+02, 1.4E-07, 4.2E-08, 4.0E-07, 3.9E-07, 2.4E-07, 3.5E-08, 1.7E-06, 8.3E-08, 2.9E-06, 2.0E-06, 2.4E-07, 3.2E-07, 3.4E-07, 3.6E-07, 3.8E-07, 4.0E-07, 4.2E-08, 4.4E-08, 4.6E-08, 4.8E-08, 5.1E-08, 5.4E-08, 1.3E-07, 1.1E-06, 2.5E-06, 9.1E-08, 2.8E-07, 1.6E-07, 6.4E-06, 8.6E-08, 1.2E+02, 1.2E+02, 1.2E+02, 1.2E+02, 1.2E+02, 1.2E+02, 1.2E+02, 1.2E+02, 1.2E+02, 1.2E+02, 1.2E+02, 9.7E-08, 2.1E-07, 1.9E-07, 6.8E-07, 7.8E-07, 2.2E-06, 4.7E-07, 2.1E-06, 5.2E-06, 2.8E-06, 1.4E-06, 3.3E-06, 6.7E-06, 1.3E-05, 1.2E-05, 1.1E-05, 3.0E-07, 2.6E-07, 1.0E-05, 1.1E-05, 3.6E-07, 3.4E-06, 1.9E-06, 9.9E-06, 3.0E-06, 1.4E-07, 4.2E-07, 1.7E-06, 2.3E-07, 9.7E-07, 1.2E+02, 1.2E+02, 1.2E+02, 1.2E+02, 1.2E+02, 1.2E+02, 5.8E-07, 3.4E-07, 7.1E-08, 4.6E-08, 3.2E-08, 1.6E-08, 1.3E-08, 1.1E-08, 4.2E-09, 3.3E-08, 3.1E-08, 2.9E-08, 2.9E-08, 2.5E-08, 2.2E-08, 1.2E-08, 6.2E-09, 8.9E-09, 1.1E-08, 9.8E-09, 1.4E-08, 6.4E-08, 1.6E-07, 7.8E-08, 1.3E-07, 1.1E-08, 1.5E-07, 6.0E-08, 1.7E-07, 4.4E-07, 3.9E-07, 9.6E-08, 3.0E-07, 1.1E-07, 1.4E-06, 1.2E+02, 1.2E+02, 1.2E+02, 1.2E+02, 1.2E+02, 1.2E+02, 1.2E+02, 1.2E+02, 1.2E+02, 1.2E+02, 1.2E+02, 1.2E+02, 8.1E+01, 1.3E+01, 1.3E+01, 1.3E+01, 1.3E+01, 1.3E+01, 1.3E+01, 1.3E+01, 1.3E+01, 1.3E+01, 1.3E+01, 1.3E+01, 1.3E+01, 2.4E-06, 6.4E-08, 1.2E-07, 2.7E-06, 3.2E-06, 3.7E-06, 2.6E-07, 1.5E-06, 2.8E-06, 3.2E-06, 3.0E-06, 2.9E-06, 2.1E-06, 1.3E-06, 5.4E-07, 3.3E-06, 1.5E-07, 5.4E-08, 7.9E-08, 2.9E+01, 1.0E+02, 1.0E+02, 1.0E+02, 1.0E+02, 1.0E+02, 1.0E+02, 9.3E+01, 5.1E-08, 1.6E-10, 1.1E-08, 4.6E-09, 6.5E-09, 7.6E-07, 1.3E+01, 1.9E-08, 1.3E+01, 1.3E+01, 1.2E+02, 1.2E+02, 1.2E+02, 1.0E+02, 1.0E+02, 1.0E+02, 1.0E+02, 1.0E+02, 1.0E+02, 1.0E+02, 1.0E+02, 1.0E+02, 1.0E+02, 1.0E+02, 1.0E+02, 1.0E+02, 1.0E+02, 1.0E+02, 1.0E+02, 1.0E+02, 6.1E-07, 1.2E-07, 2.4E-07, 6.6E-06, 2.0E-08, 3.5E-06, 3.4E-06, 1.3E+01, 1.3E+01, 1.3E+01, 1.3E+01, 1.3E+01, 1.3E+01, 1.3E+01, 1.3E+01, 1.3E+01, 1.3E+01, 1.3E+01, 1.3E+01, 1.3E+01, 1.3E+01, 1.3E+01, 1.3E+01, 1.3E+01, 1.3E+01, 6.5E+00, 6.5E+00, 9.8E-09, 1.3E-08, 1.1E-08, 1.1E-08, 9.9E-09, 9.1E-09, 8.2E-09, 7.3E-09, 8.3E-09, 4.1E-08, 1.4E-06, 7.7E-08, 7.9E-08, 1.2E+02, 1.2E+02, 1.2E+02, 1.2E+02, 1.2E+02, 1.2E+02, 1.2E+02, 1.2E+02, 1.2E+02, 1.2E+02, 1.2E+02, 1.2E+02, 1.2E+02, 9.4E-07, 4.8E-07, 2.6E-07, 2.3E-07, 1.9E-05, 8.4E-06, 3.0E-07, 1.5E-07, 1.3E-07, 1.2E-07, 2.4E-07, 5.5E-07, 2.5E-06, 1.4E-07, 7.7E-06, 1.3E+01, 1.3E+01, 1.3E+01, 1.3E+01, 1.3E+01, 1.3E+01, 1.3E+01, 8.4E-09, 2.4E-09, 1.0E+02, 1.0E+02, 1.0E+02, 1.0E+02, 1.0E+02, 1.0E+02, 1.0E+02, 1.0E+02, 1.0E+02, 1.0E+02, 1.0E+02, 1.0E+02, 1.0E+02, 1.0E+02, 1.0E+02, 1.0E+02, 1.0E+02, 5.6E-09, 4.8E-07, 2.4E-08, 5.4E-07, 9.4E-07, 1.1E-06, 1.0E-06, 8.0E-07, 5.4E-07, 3.9E-07, 2.3E-07, 8.4E-06, 4.7E-06, 3.8E-06, 2.3E-06, 2.9E-06, 2.4E-07, 1.6E-07, 3.7E-06, 4.7E-06, 3.3E-06, 1.8E-07, 1.9E-07, 3.4E-07, 6.2E-08, 6.4E-08, 6.6E-08, 6.8E-08, 7.0E-08, 7.2E-08, 7.4E-08, 7.2E-08, 7.0E-08, 7.1E-08, 7.3E-08, 2.4E-08, 1.0E+02, 1.0E+02, 1.0E+02, 1.0E+02, 1.0E+02, 1.0E+02, 1.0E+02, 1.0E+02, 1.0E+02, 1.0E+02, 1.0E+02, 1.7E-07, 1.4E-07, 3.1E-07, 5.4E-07, 2.0E-07, 3.8E-07, 1.2E-07, 2.1E-07, 2.1E-07, 1.8E-07, 1.3E-07, 1.5E-07, 1.7E-07, 4.6E-09, 5.9E-09, 1.3E-08, 9.8E-09, 2.6E-08, 1.4E-05, 8.8E-08, 4.2E-08, 2.7E-07, 3.0E-08, 3.0E-08, 2.9E-07, 1.2E+01, 1.3E+01, 1.3E+01, 1.3E+01, 1.3E+01, 1.3E+01, 1.3E+01, 1.3E+01, 2.4E-09, 1.0E+02, 1.0E+02, 1.0E+02, 1.0E+02, 1.0E+02, 1.0E+02, 1.0E+02, 1.0E+02, 1.0E+02, 2.9E-08, 1.7E-07, 4.9E-07, 3.4E-07, 3.1E-07, 2.7E-09, 1.7E-09, 2.8E-07, 4.2E-09, 7.0E-09, 1.5E-08, 1.3E+01, 1.3E+01, 1.3E+01, 1.3E+01, 1.3E+01, 1.3E+01, 1.3E+01, 1.3E+01, 1.3E+01, 1.3E+01, 1.3E+01, 1.3E+01, 1.3E+01, 1.3E+01, 1.3E+01, 1.3E+01, 1.3E+01, 1.3E+01, 1.3E+01, 1.3E+01, 1.3E+01, 1.3E+01, 1.3E+01, 1.3E+01, 1.3E+01, 1.3E+01, 1.3E+01, 1.3E+01, 1.3E+01, 2.4E-07, 1.1E-07, 1.0E-07, 8.2E-08, 7.2E-08, 6.6E-08, 6.8E-08, 5.7E-08, 6.3E-08, 1.0E+02, 1.0E+02, 1.0E+02, 1.0E+02, 1.0E+02, 1.0E+02, 1.0E+02, 1.0E+02, 1.0E+02, 1.0E+02, 1.0E+02, 1.0E+02, 1.0E+02, 1.0E+02, 1.0E+02, 1.2E+02, 8.8E-08, 1.2E-06, 1.2E-06, 1.6E-05, 1.2E-06, 9.7E-06, 7.6E-07, 4.9E-06, 1.6E-05, 1.1E-06, 1.9E-07, 1.4E-07, 1.1E-07, 1.4E-07, 3.0E-06, 2.2E-05, 2.3E-06, 1.6E-06, 1.6E-06, 1.6E-06, 8.2E-07, 5.2E-06, 1.5E-07, 1.5E-07, 1.2E+02, 1.2E+02, 1.2E+02, 1.2E+02, 1.2E+02, 1.2E+02, 1.2E+02, 1.2E+02, 1.2E+02, 1.2E+02, 1.2E+02, 1.2E+02, 1.2E+02, 1.2E+02, 1.2E+02, 1.2E+02, 1.2E+02, 1.2E+02, 1.2E+02, 1.2E+02, 1.2E+02, 1.3E+01, 1.3E+01, 1.3E+01, 1.3E+01, 1.3E+01, 1.3E+01, 1.3E+01, 1.3E+01, 1.3E+01, 1.3E+01, 1.3E+01, 1.3E+01, 1.3E+01, 1.3E+01, 1.3E+01, 1.3E+01, 1.3E+01, 1.3E+01, 1.3E+01, 1.3E+01, 1.3E+01, 1.3E+01, 6.7E-06, 5.8E-06, 5.0E-06, 4.6E-06, 5.9E-06, 6.2E-06, 6.8E-06, 5.7E-06, 5.8E-06, 5.9E-06, 8.9E-06, 8.1E-06, 9.8E-06, 2.1E-05, 2.1E-05, 1.5E-05, 9.1E-06, 1.0E+01, 1.3E+01, 1.3E+01, 1.3E+01, 1.3E+01, 1.3E+01, 1.3E+01, 1.3E+01, 4.9E+00, 3.4E+00, 2.9E+00, 4.2E+00, 1.3E+01, 1.3E+01, 1.3E+01, 1.3E+01, 1.3E+01, 1.3E+01, 1.0E+02, 1.0E+02, 1.0E+02, 1.0E+02, 1.0E+02, 1.0E+02, 1.0E+02, 1.0E+02, 1.0E+02, 1.0E+02, 1.2E+02, 1.2E+02, 1.2E+02, 1.2E+02, 1.2E+02, 1.2E+02, 1.2E+02, 1.2E+02, 1.3E+01, 1.3E+01, 1.3E+01, 1.3E+01, 1.3E+01, 1.3E+01, 7.3E-07, 4.2E-08, 9.6E-07, 7.5E-06, 1.2E-07, 2.4E-07, 3.4E-07, 1.1E-06, 3.0E-06, 3.9E-06, 1.5E-07, 4.2E-06, 4.1E-06, 4.3E-06, 1.6E-07, 4.0E-06, 3.2E-06, 1.3E-06, 3.5E-07, 2.4E-07, 2.3E-07, 2.3E-07, 2.7E-07, 3.5E-07, 1.2E-06, 4.7E-07, 4.9E-08, 4.3E-06, 4.9E-08, 5.1E-08, 9.0E-08, 1.0E+02, 1.0E+02, 1.0E+02, 1.0E+02, 1.0E+02, 1.0E+02, 1.0E+02, 1.0E+02, 1.0E+02, 1.0E+02, 1.0E+02, 1.0E+02, 1.0E+02, 1.0E+02, 1.7E-06, 6.6E-07, 1.3E-06, 3.7E-07, 7.2E-07, 5.2E-07, 1.4E-05, 3.3E-06, 2.0E-05, 8.9E-07, 4.6E-07, 2.2E-07, 1.6E-07, 1.9E-07, 2.1E-07, 2.1E-07, 1.8E-07, 1.4E-07, 1.6E-07, 1.8E-07, 8.1E-09, 6.7E-09, 1.1E-08, 1.1E-08, 1.8E-08, 1.1E-07, 1.9E-08, 1.7E-07, 6.6E-08, 2.7E-07, 2.8E-08, 6.5E-07, 1.6E-06, 1.3E+01, 1.3E+01, 1.0E-07, 1.7E-10, 1.0E+02, 1.0E+02, 1.0E+02, 1.0E+02, 1.0E+02, 1.0E+02, 1.0E+02, 1.0E+02, 1.0E+02, 1.0E+02, 1.1E-10, 8.1E-07, 2.7E-07, 3.1E-06, 3.9E-07, 1.3E+01, 1.3E+01, 1.3E+01, 1.3E+01, 1.3E+01, 1.3E+01, 1.3E+01, 1.3E+01, 1.3E+01, 1.3E+01, 1.3E+01, 1.2E-08, 6.6E-08, 6.7E-08, 3.3E-09, 7.8E-09, 1.0E-07, 1.6E-07, 2.1E-07, 2.9E-07, 2.5E-07, 2.1E-07, 1.4E-07, 8.5E-08, 8.2E-08, 9.5E-08, 9.4E-08, 9.4E-08, 9.5E-08, 9.5E-08, 9.5E-08, 9.6E-08, 7.7E-08, 9.6E-08, 1.2E-07, 2.0E-06, 2.1E-07, 1.3E+01, 1.3E+01, 1.3E+01, 1.2E+02, 1.2E+02, 1.2E+02, 1.2E+02, 1.2E+02, 1.0E+02, 1.0E+02, 1.0E+02, 1.0E+02, 1.0E+02, 1.0E+02, 1.0E+02, 1.0E+02, 1.0E+02, 1.0E+02, 1.0E+02, 1.0E+02, 1.0E+02, 1.1E-07, 4.4E-06, 3.8E-07, 5.1E-07, 8.5E-07, 7.2E-06, 1.1E-06, 1.6E-07, 3.3E-07, 1.1E-05, 1.1E-07, 1.2E-07, 1.2E-07, 3.8E-07, 1.2E-07, 1.9E-07, 1.3E+01, 1.3E+01, 1.3E+01, 1.3E+01, 1.3E+01, 1.3E+01, 1.3E+01, 1.3E+01, 1.3E+01, 1.3E+01, 1.3E+01, 1.3E+01, 4.2E-08, 4.3E-08, 4.4E-08, 4.6E-08, 4.5E-08, 4.6E-08, 4.8E-08, 5.1E-08, 5.3E-08, 5.5E-08, 5.7E-08, 5.9E-08, 6.0E-08, 6.1E-08, 6.3E-08, 9.5E-08, 1.0E+02, 1.0E+02, 1.3E+01, 1.3E+01, 1.3E+01, 1.3E+01, 1.3E+01, 1.3E+01, 1.0E+02, 1.0E+02, 1.0E+02, 1.0E+02, 1.0E+02, 1.0E+02, 1.0E+02, 1.0E+02, 1.0E+02, 1.0E+02, 1.0E+02, 1.0E+02, 1.0E+02, 1.0E+02, 1.0E+02, 1.0E+02, 1.0E+02, 1.0E+02, 1.0E+02, 1.0E+02, 5.6E-10, 1.2E-07, 1.1E-06, 2.7E-07, 2.5E-08, 3.4E-06, 8.9E-08, 6.5E-07, 1.7E-06, 2.5E-06, 2.7E-06, 2.7E-06, 2.7E-06, 2.5E-06, 2.0E-06, 7.9E-07, 2.1E-07, 7.6E-06, 5.3E-06, 3.2E-06, 3.4E-06, 4.1E-06, 3.6E-06, 9.6E-07, 1.9E-07, 1.9E-06, 7.5E-08, 8.1E-07, 1.3E+01, 1.3E+01, 1.3E+01, 1.3E+01, 1.3E+01, 1.3E+01, 5.1E-07, 3.3E-09, 7.7E-10, 1.4E-08, 1.0E+02, 1.0E+02, 1.0E+02, 1.0E+02, 1.0E+02, 1.0E+02, 1.0E+02, 1.0E+02, 1.0E+02, 1.0E+02, 1.0E+02, 1.0E+02, 1.0E+02, 1.0E+02, 1.0E+02, 1.0E+02, 1.0E+02, 1.0E+02, 1.0E+02, 1.0E+02, 1.0E+02, 6.3E-08, 5.2E-07, 2.8E-07, 5.4E-08, 8.6E-08, 1.0E-07, 2.3E-08, 2.3E-08, 2.4E-08, 2.6E-08, 2.9E-08, 3.1E-08, 3.5E-08, 3.8E-08, 4.2E-08, 4.6E-08, 5.0E-08, 5.4E-08, 5.8E-08, 6.1E-08, 6.4E-08, 6.7E-08, 7.0E-08, 7.3E-08, 7.5E-08, 8.1E-08, 8.3E-08, 8.6E-08, 8.8E-08, 9.0E-08, 9.1E-08, 9.3E-08, 3.3E-06, 1.4E-07, 1.2E+02, 1.2E+02, 1.2E+02, 1.2E+02, 1.2E+02, 1.2E+02, 1.2E+02, 1.2E+02, 1.2E+02, 1.2E+02, 1.2E+02, 1.2E+02, 3.9E-07, 2.1E-06, 2.1E-07, 4.2E-07, 4.8E-07, 4.6E-07, 7.5E-07, 5.2E-07, 1.7E-07, 2.2E-07, 3.4E-07, 1.8E-07, 2.0E-08, 5.3E-08, 1.3E-07, 1.1E-07, 4.0E-08, 4.7E-07, 6.3E-07, 2.2E-07, 3.1E-08, 1.7E-05, 1.3E+01, 1.3E+01, 1.3E+01, 1.3E+01, 1.3E+01, 1.3E+01, 1.3E+01, 1.3E+01, 1.2E-06, 3.7E-07, 1.4E-07, 3.3E-07, 2.6E-07, 3.8E-08, 5.8E-08, 3.9E-08, 2.5E-08, 3.6E-08, 2.4E-10, 1.0E+02, 1.0E+02, 1.0E+02, 1.0E+02, 1.0E+02, 1.0E+02, 1.0E+02, 1.0E+02, 1.0E+02, 1.0E+02, 7.5E-07, 1.5E-07, 2.4E-08, 1.9E-06, 1.3E-08, 1.2E-07, 2.9E-08, 7.5E-08, 2.5E-08, 9.6E-07, 2.6E-07, 1.2E-07, 1.3E+01, 1.3E+01, 1.3E+01, 1.3E+01, 1.3E+01, 1.3E+01, 9.7E-09, 6.5E-09, 3.9E-09, 1.8E-07, 1.3E-07, 1.8E-07, 1.1E-07, 1.0E-07, 1.0E-07, 1.0E-07, 1.0E-07, 9.9E-08, 7.1E-08, 1.3E+01, 1.3E+01, 1.3E+01, 1.3E+01, 1.3E+01, 1.3E+01, 1.3E+01, 1.3E+01, 1.3E+01, 1.0E+02, 1.0E+02, 1.0E+02, 1.0E+02, 1.0E+02, 1.0E+02, 1.0E+02, 1.0E+02, 1.0E+02, 1.0E+02, 1.0E+02, 1.0E+02, 1.0E+02, 1.0E+02, 1.0E+02, 6.9E+01, 7.3E-07, 4.0E-07, 9.9E-06, 3.1E-07, 4.5E-06, 5.1E-06, 6.6E-06, 9.9E-06, 3.6E-07, 1.1E-07, 4.2E-08, 2.5E-06, 4.6E-07, 1.6E-06, 6.0E-06, 5.7E-06, 3.0E-07, 9.9E-06, 1.2E-07, 1.4E-07, 1.3E-07, 9.8E-06, 7.2E-06, 1.1E-06, 8.1E-07, 1.2E-05, 5.4E-08, 8.0E-08, 2.9E-08, 1.6E-08, 2.6E-07, 1.7E-07, 4.6E-07, 1.3E-07, 6.5E-08, 1.0E+02, 1.0E+02, 1.0E+02, 1.0E+02, 1.0E+02, 1.0E+02, 1.0E+02, 1.0E+02, 1.0E+02, 1.0E+02, 1.2E+02, 1.2E+02, 1.3E+01, 1.3E+01, 1.3E+01, 2.5E-08, 2.0E-07, 3.7E-07, 1.1E-07, 1.0E+02, 1.0E+02, 1.0E+02, 1.0E+02, 1.0E+02, 1.0E+02, 1.0E+02, 1.0E+02, 1.0E+02, 1.0E+02, 1.0E+02, 1.0E+02, 1.0E+02, 1.0E+02, 1.0E+02, 1.0E+02, 1.0E+02, 1.0E+02, 1.0E+02, 1.6E-07, 1.3E+01, 1.3E+01, 1.3E+01, 1.3E+01, 1.0E-06, 8.1E-07, 8.3E-07, 8.7E-07, 3.8E-08, 5.2E-08, 9.0E-08, 1.1E-07, 1.3E-06, 4.0E-06, 4.2E-06, 3.9E-06, 3.4E-06, 6.3E-06, 4.1E-07, 1.4E-06, 2.5E-06, 2.8E-06, 2.9E-06, 3.0E-06, 3.0E-06, 1.3E-06, 4.9E-07, 1.5E-05, 7.4E-06, 1.1E-05, 1.3E+01, 1.3E+01, 1.3E+01, 1.3E+01, 1.3E+01, 7.0E-08, 7.2E-08, 7.3E-08, 7.4E-08, 7.5E-08, 7.6E-08, 7.7E-08, 7.8E-08, 1.6E-07, 5.2E-07, 2.0E-06, 1.2E+02, 1.2E+02, 1.2E+02, 1.2E+02, 1.2E+02, 1.2E+02, 1.2E+02, 1.2E+02, 1.2E+02, 1.2E+02, 1.2E+02, 1.2E+02, 1.2E+02, 1.2E+02, 1.2E+02, 1.2E+02, 1.2E+02, 1.3E+01, 1.3E+01, 1.3E+01, 3.9E-06, 3.3E-06, 3.6E-06, 6.8E-06, 6.4E-06, 9.7E-06, 1.6E-05, 4.0E-07, 6.6E-07, 4.0E-07, 6.1E-07, 7.5E-06, 1.0E-05, 1.0E-05, 4.2E-05, 8.0E-06, 5.2E-06, 3.5E-05, 3.8E-05, 3.5E-05, 7.3E-06, 2.8E-05, 8.2E-08, 6.0E-08, 5.9E-08, 1.4E-07, 1.1E-07, 5.5E-07, 4.0E-07, 2.9E-07, 6.9E-08, 1.2E+02, 1.2E+02, 1.2E+02, 1.2E+02, 1.2E+02, 1.2E+02, 1.2E+02, 1.2E+02, 1.2E+02, 1.2E+02, 1.2E+02, 1.2E+02, 2.3E-07, 1.8E-07, 1.9E-06, 1.4E-07, 1.3E-06, 2.5E-06, 3.4E-07, 6.2E-07, 2.4E-07, 4.9E-07, 7.2E-07, 3.0E-06, 2.8E-06, 1.6E-05, 6.1E-07, 5.1E-07, 7.4E-07, 6.4E-07, 7.9E-07, 4.0E-07, 4.9E-07, 7.6E-06, 2.1E-06, 4.1E-07, 5.4E-07, 3.1E-07, 1.2E-07, 3.4E-07, 1.7E-07, 1.9E-07, 1.7E-07, 1.2E+02, 1.2E+02, 1.2E+02, 1.2E+02, 1.2E+02, 1.2E+02, 3.9E+01, 1.3E+01, 1.3E+01, 1.3E+01, 1.3E+01, 1.3E+01, 3.1E-07, 6.0E-07, 5.2E-07, 4.0E-07, 6.5E-07, 6.2E-07, 6.9E-07, 2.0E-06, 1.3E+01, 6.4E-07, 2.0E-06, 5.1E-07, 2.7E-07, 3.3E-07, 4.0E-08, 7.7E-09, 2.9E-07, 4.3E+01, 4.7E+01, 5.5E+01, 4.8E+01, 1.0E+02, 1.0E+02, 1.3E+01, 1.3E+01, 1.3E+01, 1.3E+01, 1.3E+01, 1.3E+01, 1.3E+01, 1.3E+01, 1.3E+01, 1.3E+01, 1.3E+01, 1.3E+01, 1.3E+01, 1.5E-09, 7.8E-08, 1.0E+02, 1.0E+02, 1.0E+02, 1.0E+02, 1.0E+02, 1.0E+02, 1.0E+02, 1.0E+02, 1.0E+02, 1.0E+02, 1.0E+02, 1.0E+02, 1.0E+02, 1.0E+02, 8.2E+01, 2.1E-06, 1.0E-06, 4.1E-08, 3.7E-08, 2.6E-08, 5.5E-08, 1.3E-07, 1.4E-07, 1.5E-06, 1.9E-07, 3.1E-07, 5.3E-07, 2.4E-07, 5.3E-07, 6.8E-07, 5.6E-07, 1.3E-06, 1.7E-06, 1.7E-06, 1.4E-06, 7.9E-07, 4.4E-07, 5.3E-07, 4.9E-07, 2.3E-07, 8.9E-07, 2.1E-07, 1.1E-06, 1.1E-07, 1.2E-07, 1.2E+02, 1.2E+02, 1.2E+02, 1.2E+02, 1.2E+02, 1.2E+02, 1.2E+02, 1.2E+02, 1.1E-06, 3.0E-07, 2.4E-08, 1.4E-07, 1.3E+01, 1.3E+01, 1.3E+01, 1.3E+01, 1.3E+01, 1.3E+01, 1.3E+01, 2.5E-06, 2.8E-06, 3.0E-06, 3.3E-06, 5.4E-08, 3.0E-06, 1.6E-07, 1.0E+02, 1.0E+02, 1.0E+02, 1.0E+02, 1.0E+02, 1.0E+02, 1.0E+02, 1.0E+02, 1.0E+02, 1.0E+02, 1.0E+02, 1.0E+02, 1.0E+02, 1.0E+02, 1.0E+02, 1.0E+02, 1.0E+02, 1.2E+02, 1.2E+02, 1.2E+02, 1.3E+01, 1.3E+01, 1.3E+01, 1.3E+01, 1.1E-06, 2.5E-08, 4.2E-07, 1.3E+01, 1.3E+01, 1.3E+01, 1.3E+01, 1.3E+01, 1.3E+01, 1.3E+01, 1.3E+01, 1.3E+01, 1.3E+01, 1.7E-08, 2.4E-08, 2.4E-08, 2.6E-08, 2.8E-08, 2.9E-08, 3.0E-08, 3.1E-08, 3.2E-08, 3.3E-08, 3.4E-08, 3.5E-08, 3.6E-08, 3.9E-08, 4.2E-08, 4.9E-08, 4.7E-08, 5.0E-08, 5.3E-08, 5.6E-08, 1.2E+02, 1.2E+02, 1.2E+02, 1.2E+02, 1.2E+02, 1.2E+02, 1.2E+02, 1.2E+02, 1.2E+02, 1.2E+02, 1.2E+02, 1.2E+02, 1.2E+02, 1.2E+02, 1.2E+02, 1.2E+02, 1.2E+02, 1.2E+02, 1.2E+02, 5.9E-07, 2.3E-07, 1.6E-07, 1.3E+01, 1.3E+01, 1.3E+01, 1.3E+01, 1.3E+01, 1.3E+01, 1.3E+01, 1.3E+01, 1.3E+01, 1.3E+01, 1.3E+01, 1.3E+01, 1.3E+01, 1.3E+01, 1.3E+01, 1.3E+01, 1.3E+01, 1.3E+01, 1.3E+01, 1.3E+01, 1.3E+01, 4.2E-06, 4.4E-06, 5.0E-06, 4.8E-06, 4.3E-06, 1.6E-06, 2.0E-07, 2.2E-07, 3.6E-07, 2.0E-06, 5.7E-07, 3.8E-07, 4.3E-07, 1.1E-06, 9.2E-07, 2.8E-06, 1.3E+01, 1.3E+01, 1.3E+01, 1.3E+01, 1.0E+02, 1.3E+01, 1.3E+01, 1.3E+01, 6.7E+00, 1.0E+02, 1.0E+02, 1.0E+02, 1.0E+02, 1.0E+02, 1.0E+02, 1.0E+02, 1.0E+02, 1.0E+02, 1.0E+02, 3.4E-09, 2.8E-06, 3.5E-07, 7.1E-07, 3.9E-07, 1.1E-05, 6.5E-06, 6.7E-08, 6.9E-08, 7.0E-08, 7.0E-08, 9.5E-08, 7.4E-08, 7.6E-08, 7.6E-08, 7.7E-08, 7.7E-08, 7.8E-08, 7.9E-08, 8.0E-08, 8.0E-08, 8.1E-08, 8.2E-08, 8.3E-08, 8.4E-08, 8.5E-08, 8.5E-08, 8.6E-08, 8.7E-08, 8.8E-08, 8.9E-08, 8.8E-08, 9.1E-08, 9.3E-08, 1.2E+02, 1.2E+02, 1.2E+02, 1.2E+02, 1.2E+02, 1.2E+02, 1.2E+02, 1.2E+02, 1.2E+02, 1.2E+02, 2.0E-07, 1.0E-07, 3.9E-07, 1.1E-07, 1.1E-07, 1.2E-07, 1.2E-07, 1.3E-07, 1.2E-07, 1.4E-07, 1.6E-07, 1.8E-07, 1.8E-07, 1.7E-07, 1.4E-07, 1.1E-07, 1.3E-07, 1.4E-07, 3.4E-07, 5.6E-07, 8.0E-09, 1.2E-08, 3.8E-07, 2.9E-07, 5.1E-07, 8.5E-06, 1.3E-05, 1.3E+01, 3.3E-07, 2.8E-06, 5.1E-07, 1.3E+01, 1.3E+01, 1.3E+01, 1.3E+01, 1.3E+01, 1.3E+01, 1.3E+01, 1.3E+01, 1.3E+01, 1.3E+01, 1.3E+01, 1.3E+01, 1.3E+01, 1.3E+01, 1.3E+01, 1.3E+01, 1.0E+02, 1.0E+02, 1.0E+02, 1.0E+02, 1.0E+02, 1.0E+02, 1.0E+02, 1.0E+02, 1.0E+02, 1.0E+02, 1.0E+02, 1.0E+02, 1.0E+02, 1.0E+02, 1.0E+02, 1.0E+02, 1.0E+02, 1.1E-06, 5.2E-07, 5.7E-06, 1.1E-06, 8.5E-07, 1.3E-06, 8.8E-06, 2.9E-07, 2.6E-08, 2.6E-07, 2.0E-07, 2.7E-07, 2.6E-06, 1.3E-07, 7.8E-06, 1.6E-07, 2.0E-07, 3.5E-07, 2.1E-07, 2.0E-07, 5.0E-07, 7.9E-08, 3.2E-07, 9.5E-06, 1.2E-07, 5.1E-06, 5.0E-08, 1.5E-08, 3.1E-07, 5.7E-07, 1.8E-09, 1.6E-07, 1.0E+02, 1.0E+02, 1.0E+02, 1.0E+02, 1.0E+02, 1.0E+02, 1.0E+02, 1.0E+02, 1.0E+02, 1.0E+02, 1.0E+02, 1.0E+02, 4.9E-06, 1.4E-08, 5.2E-08, 1.3E-06, 2.3E-07, 6.8E-07, 4.4E-06, 4.3E-07, 2.0E-07, 1.0E+02, 1.0E+02, 1.0E+02, 1.0E+02, 1.0E+02, 1.0E+02, 1.0E+02, 1.0E+02, 1.0E+02, 1.0E+02, 1.0E+02, 1.0E+02, 1.0E+02, 1.0E+02, 1.0E+02, 1.0E+02, 1.0E+02, 1.0E+02, 1.0E+02, 1.0E+02, 6.4E+00, 8.9E-08, 1.5E-08, 1.8E-08, 1.7E-08, 1.9E-08, 2.0E-08, 2.1E-08, 2.2E-08, 2.3E-08, 2.4E-08, 2.6E-08, 2.7E-08, 3.0E-08, 3.5E-08, 3.9E-08, 4.4E-08, 4.9E-08, 5.5E-08, 6.1E-08, 6.6E-08, 7.1E-08, 8.2E-08, 9.1E-08, 9.7E-08, 9.0E-08, 8.8E-08, 9.7E-08, 9.3E-08, 9.2E-08, 8.8E-08, 8.8E-08, 8.8E-08, 8.9E-08, 1.6E-07, 1.2E+02, 8.9E-09, 2.7E-07, 1.3E+01, 1.3E+01, 1.3E+01, 1.3E+01, 1.3E+01, 1.3E+01, 1.3E+01, 1.2E+02, 1.2E+02, 1.2E+02, 1.2E+02, 1.2E+02, 1.2E+02, 1.2E+02, 1.2E+02, 1.2E+02, 1.2E+02, 1.2E+02, 1.2E+02, 1.2E+02, 1.2E+02, 1.2E+02, 1.2E+02, 1.2E+02, 1.3E+01, 1.3E+01, 1.3E+01, 1.3E+01, 1.3E+01, 2.8E-06, 5.5E-06, 3.8E-06, 4.2E-06, 3.8E-06, 3.6E-06, 3.7E-06, 3.9E-06, 4.0E-06, 3.8E-06, 3.1E-06, 1.4E-06, 3.9E-07, 1.9E-07, 1.7E-07, 4.4E-06, 3.7E-06, 4.2E-08, 4.4E-08, 4.7E-08, 4.9E-08, 5.2E-08, 5.4E-08, 1.1E-06, 7.8E-06, 3.9E-07, 6.7E-08, 1.4E-06, 9.6E-08, 1.2E+02, 1.2E+02, 1.2E+02, 1.2E+02, 1.2E+02, 1.2E+02, 1.2E+02, 1.2E+02, 1.2E+02, 1.2E+02, 1.2E+02, 1.2E+02, 1.4E-07, 1.7E-06, 3.4E-07, 1.0E-06, 3.1E-06, 1.4E-06, 6.1E-07, 3.7E-06, 6.9E-07, 4.1E-06, 3.4E-06, 8.6E-06, 2.7E-07, 2.5E-07, 2.4E-07, 2.8E-07, 2.5E-07, 2.2E-07, 2.3E-07, 2.7E-07, 2.5E-07, 2.4E-07, 8.0E-06, 2.8E-06, 1.3E-06, 3.8E-06, 2.9E-06, 5.8E-07, 3.6E-06, 2.1E-07, 4.6E-07, 1.2E+02, 1.2E+02, 1.2E+02, 1.2E+02, 1.2E+02, 1.2E+02, 1.2E+02, 2.5E+00, 3.8E-07, 9.9E-07, 5.4E-07, 5.1E-08, 3.8E-08, 1.3E+01, 1.3E+01, 1.3E+01, 1.3E+01, 1.3E+01, 1.3E+01, 1.3E+01, 1.3E+01, 1.3E+01, 1.5E-06, 1.4E-06, 1.1E-06, 6.7E-07, 7.3E-07, 6.6E-08, 5.6E-08, 6.4E-08, 5.4E-08, 6.1E-08, 2.3E-08, 4.6E-09, 3.7E-08, 2.1E-06, 1.6E-07, 4.4E-07, 1.3E-06, 6.1E-07, 6.7E-07, 1.1E-06, 1.1E-06, 4.8E+01, 1.2E+02, 1.2E+02, 1.2E+02, 1.1E+02, 2.1E+00, 8.0E+00, 8.1E+00, 1.2E+02, 1.2E+02, 1.2E+02, 1.2E+02, 1.2E+02, 1.2E+02, 1.2E+02, 1.0E+02, 8.6E+01, 8.2E+01, 1.3E+01, 1.3E+01, 1.3E+01, 1.3E+01, 1.3E+01, 1.3E+01, 1.3E+01, 1.3E+01, 1.3E+01, 1.3E+01, 4.7E-08, 1.6E-06, 4.1E-08, 4.2E-08, 2.6E-07, 7.1E-08, 2.1E-07, 3.4E-07, 1.3E-06, 5.6E-06, 8.9E-06, 8.9E-06, 5.2E-06, 7.4E-07, 3.0E-07, 1.9E-07, 1.0E-07, 4.4E-08, 6.5E-07, 2.2E-08, 4.6E-08, 1.0E+02, 1.0E+02, 1.0E+02, 1.0E+02, 1.0E+02, 1.0E+02, 1.0E+02, 2.4E+01, 8.1E-07, 2.0E-07, 1.4E-08, 1.3E-08, 1.3E-07, 1.3E+01, 1.3E+01, 1.3E+01, 1.3E+01, 1.7E-07, 2.8E-07, 1.8E-06, 5.2E-07, 6.1E-07, 6.7E-08, 1.2E-07, 3.4E-07, 8.9E-08, 8.6E-08, 2.7E-07, 4.5E+01, 5.9E+01, 7.3E+01, 1.2E+02, 1.2E+02, 1.2E+02, 1.2E+02, 1.2E+02, 1.2E+02, 1.2E+02, 1.2E+02, 1.2E+02, 1.2E+02, 1.2E+02, 1.0E+02, 1.0E+02, 1.0E+02, 1.0E+02, 1.0E+02, 1.0E+02, 1.0E+02, 1.0E+02, 1.0E+02, 2.9E-07, 1.0E-07, 3.6E-06, 1.9E-05, 8.1E-06, 1.1E-06, 1.0E-07, 5.1E-07, 6.0E-06, 7.9E-06, 1.0E-05, 6.6E-07, 1.5E-06, 1.4E-06, 1.7E-06, 1.7E-06, 6.2E-07, 2.8E-07, 8.4E-06, 6.4E-06, 4.6E-06, 3.7E-06, 4.5E-06, 5.2E-06, 4.8E-06, 2.1E-06, 2.3E-07, 6.9E-07, 6.1E-07, 6.8E-06, 2.7E-08, 2.8E-07, 5.2E-08, 8.5E-10, 1.0E+02, 1.0E+02, 1.0E+02, 1.0E+02, 1.0E+02, 1.0E+02, 1.0E+02, 1.0E+02, 1.0E+02, 1.0E+02, 1.0E+02, 1.0E+02, 1.0E+02, 8.6E-09, 4.5E-07, 2.8E-07, 2.1E-06, 1.0E-07, 2.3E-05, 1.4E-06, 2.9E-06, 2.9E-06, 3.6E-07, 1.1E-07, 1.0E+02, 1.0E+02, 1.0E+02, 1.0E+02, 1.0E+02, 1.0E+02, 1.0E+02, 1.0E+02, 1.0E+02, 1.0E+02, 1.0E+02, 1.0E+02, 1.0E+02, 1.0E+02, 1.2E+02, 1.9E-08, 1.9E-08, 1.5E-06, 1.7E-08, 1.8E-08, 1.9E-08, 2.0E-08, 2.2E-08, 2.5E-08, 4.1E-08, 5.4E-08, 7.3E-08, 1.0E-07, 1.1E-07, 1.2E-07, 1.1E-07, 8.9E-08, 8.8E-08, 5.8E-08, 6.4E-08, 6.8E-08, 7.2E-08, 7.5E-08, 7.8E-08, 8.0E-08, 8.1E-08, 8.3E-08, 8.4E-08, 8.4E-08, 8.5E-08, 8.6E-08, 8.6E-08, 1.1E-07, 1.4E-07, 1.2E+02, 1.2E+02, 1.2E+02, 1.2E+02, 1.2E+02, 1.2E+02, 1.2E+02, 1.2E+02, 1.2E+02, 1.2E+02, 1.2E+02, 3.1E-07, 1.2E-07, 1.4E-07, 5.8E-06, 4.8E-07, 7.2E-07, 2.1E-07, 4.5E-07, 1.4E-06, 9.7E-08, 9.8E-08, 1.0E-07, 1.1E-07, 1.1E-07, 1.1E-07, 1.2E-07, 1.2E-07, 1.2E-07, 2.5E-07, 2.8E-07, 3.3E-07, 4.8E-07, 1.5E-07, 1.1E-07, 1.2E-07, 1.3E-07, 1.4E-07, 2.8E-07, 4.8E-07, 1.0E-08, 1.6E-08, 1.7E-08, 7.6E-08, 4.3E-08, 3.4E-08, 9.4E-08, 9.4E-10, 1.0E+02, 1.0E+02, 1.0E+02, 1.0E+02, 1.0E+02, 1.0E+02, 1.0E+02, 1.0E+02, 1.0E+02, 1.0E+02, 3.7E-09, 3.2E-07, 1.2E-06, 1.2E-08, 2.4E-07, 1.3E+01, 1.3E+01, 1.3E+01, 1.3E+01, 1.3E+01, 1.3E+01, 1.3E+01, 1.3E+01, 1.3E+01, 4.1E-06, 1.3E+01, 1.9E-09, 7.7E-08, 9.1E-08, 9.9E-08, 9.7E-08, 1.9E-07, 1.1E-07, 1.3E+01, 1.3E+01, 1.3E+01, 1.3E+01, 1.3E+01, 1.3E+01, 1.3E+01, 1.3E+01, 1.3E+01, 1.3E+01, 1.3E+01, 1.3E+01, 1.3E+01, 1.3E+01, 1.3E+01, 1.3E+01, 1.3E+01, 1.3E+01, 1.3E+01, 1.3E+01, 1.3E+01, 1.3E+01, 1.3E+01, 1.3E+01, 1.3E+01, 1.4E-08, 1.0E+02, 1.0E+02, 1.0E+02, 1.0E+02, 1.0E+02, 1.0E+02, 1.0E+02, 1.0E+02, 1.0E+02, 1.0E+02, 1.0E+02, 1.0E+02, 1.0E+02, 1.0E+02, 1.0E+02, 1.0E+02, 1.2E+02, 2.8E-07, 3.2E-06, 2.8E-07, 3.5E-06, 2.8E-06, 2.7E-07, 6.9E-07, 1.0E-07, 2.7E-07, 5.9E-07, 9.0E-06, 7.1E-08, 7.3E-08, 7.5E-08, 7.7E-08, 7.5E-08, 7.5E-08, 8.5E-08, 8.7E-08, 8.9E-08, 9.3E-08, 9.2E-08, 9.7E-08, 9.3E-08, 9.3E-08, 1.8E-07, 1.8E-07, 2.7E-07, 4.0E-07, 2.9E-07, 2.0E-07, 1.9E-07, 5.3E-08, 1.3E+01, 1.3E+01, 1.0E+02, 1.0E+02, 1.0E+02, 1.0E+02, 1.0E+02, 1.0E+02, 1.0E+02, 1.0E+02, 1.0E+02, 1.0E+02, 1.0E+02, 1.0E+02, 1.0E+02, 1.0E+02, 1.0E+02, 1.0E+02, 1.0E+02, 1.0E+02, 1.0E+02, 1.0E+02, 1.0E+02, 1.0E+02, 1.0E+02, 1.0E+02, 1.0E+02, 1.0E+02, 1.0E+02, 4.7E-07, 2.8E-07, 1.3E+01, 1.3E+01, 1.3E+01, 1.3E+01, 1.3E+01, 1.3E+01, 1.3E+01, 1.2E-05, 5.2E-07, 1.7E-06, 5.9E-06, 5.3E-08, 6.4E-08, 9.5E-08, 1.3E-07, 1.6E-07, 1.8E-07, 7.2E-07, 2.4E-06, 4.3E-06, 2.9E-06, 4.4E-06, 5.3E-06, 6.0E-06, 6.6E-06, 7.5E-06, 3.6E-06, 2.6E-06, 1.6E-06, 3.3E-07, 3.5E-07, 9.5E-06, 3.5E-05, 1.3E+01, 1.0E+02, 1.3E+01, 1.3E+01, 1.3E+01, 1.0E+02, 1.0E+02, 1.0E+02, 1.0E+02, 1.0E+02, 1.0E+02, 1.0E+02, 1.0E+02, 1.0E+02, 1.0E+02, 1.2E+02, 1.2E+02, 1.2E+02, 1.2E+02, 1.2E+02, 1.2E+02, 1.2E+02, 1.2E+02, 1.2E+02, 1.2E+02, 1.2E+02, 1.3E+01, 1.9E-08, 5.0E-07, 7.5E-08, 5.9E-08, 5.0E-08, 4.5E-08, 4.2E-08, 4.1E-08, 4.0E-08, 4.0E-08, 4.1E-08, 4.2E-08, 4.2E-08, 4.3E-08, 4.4E-08, 4.5E-08, 4.7E-08, 4.8E-08, 4.9E-08, 5.0E-08, 5.2E-08, 5.4E-08, 5.7E-08, 5.9E-08, 6.1E-08, 6.3E-08, 6.5E-08, 6.7E-08, 6.8E-08, 7.0E-08, 7.2E-08, 7.3E-08, 7.5E-08, 7.7E-08, 7.9E-08, 8.1E-08, 8.2E-08, 1.0E+02, 8.5E-08, 8.1E-08, 8.0E-08, 8.6E-08, 8.7E-08, 1.0E+02, 1.0E+02, 1.0E+02, 1.2E+02, 1.2E+02, 1.2E+02, 1.2E+02, 1.2E+02, 1.2E+02, 1.2E+02, 1.2E+02, 1.2E+02, 1.2E+02, 2.9E-07, 7.9E-07, 3.4E-06, 2.7E-07, 1.9E-05, 8.3E-07, 6.3E-07, 3.7E-08, 1.9E-06, 1.3E-08, 1.6E-08, 1.8E-07, 1.3E-08, 1.5E-07, 2.7E-07, 2.4E-07, 9.0E-08, 1.0E-06, 6.3E-06, 1.3E+01, 1.3E+01, 1.3E+01, 1.3E+01, 1.3E+01, 1.3E+01, 1.3E+01, 1.3E+01, 1.4E-06, 2.2E-07, 4.9E-08, 2.1E-07, 2.3E-07, 1.3E+01, 1.3E+01, 1.3E+01, 1.3E+01, 1.3E+01, 1.3E+01, 1.3E+01, 1.3E+01, 1.3E+01, 1.0E+02, 1.3E+01, 1.3E+01, 1.3E+01, 1.3E+01, 1.9E-08, 7.0E-08, 7.7E-08, 1.0E+02, 1.0E+02, 1.0E+02, 1.0E+02, 1.0E+02, 1.0E+02, 1.0E+02, 1.0E+02, 1.3E+01, 1.3E+01, 1.3E+01, 1.3E+01, 1.3E+01, 1.3E+01, 1.3E+01, 1.3E+01, 1.3E+01, 1.3E+01, 1.3E+01, 1.3E+01, 1.3E+01, 1.3E+01, 1.3E+01, 1.3E+01, 1.3E+01, 1.3E+01, 1.3E+01, 1.3E+01, 1.3E+01, 1.3E+01, 1.3E+01, 6.0E-08, 6.0E-08, 6.1E-08, 6.3E-08, 6.5E-08, 6.8E-08, 7.2E-08, 7.8E-08, 8.3E-08, 9.0E-08, 1.0E-07, 1.1E-07, 1.2E-07, 1.4E-07, 3.6E-08, 3.8E-08, 4.0E-08, 4.4E-08, 1.0E+02, 1.0E+02, 1.0E+02, 1.0E+02, 1.0E+02, 1.0E+02, 1.0E+02, 1.0E+02, 1.0E+02, 1.0E+02, 1.0E+02, 1.0E+02, 1.2E+02, 1.2E+02, 1.2E+02, 9.8E-08, 8.4E-07, 5.7E-07, 1.5E-06, 5.8E-07, 1.2E-06, 7.3E-06, 5.6E-05, 3.3E-06, 1.0E-05, 2.4E-07, 3.3E-08, 2.7E-07, 7.7E-08, 3.0E-08, 1.9E-07, 3.5E-07, 4.9E-07, 4.4E-07, 6.4E-07, 6.2E-07, 2.1E-06, 1.3E+01, 1.3E+01, 1.3E+01, 1.3E+01, 4.3E-07, 1.0E+02, 1.3E+01, 1.3E+01, 1.3E+01, 1.3E+01, 1.3E+01, 1.3E+01, 1.0E+02, 1.0E+02, 1.0E+02, 1.0E+02, 1.0E+02, 1.0E+02, 1.0E+02, 1.0E+02, 1.0E+02, 1.0E+02, 1.0E+02, 1.0E+02, 1.0E+02, 1.0E+02, 1.0E+02, 1.2E+02, 1.2E+02, 1.2E+02, 1.2E+02, 1.2E+02, 2.2E-06, 7.6E-06, 3.3E-07, 3.8E-07, 1.3E-07, 1.3E+01, 1.3E+01, 1.3E+01, 1.3E+01, 1.3E+01, 1.3E+01, 1.3E+01, 1.3E+01, 1.3E+01, 1.3E+01, 1.2E+01, 9.0E+00, 6.7E+00, 4.6E+00, 1.3E+01, 1.5E-02, 1.8E-05, 8.0E-06, 5.1E-06, 6.9E-06, 6.3E-07, 9.2E-06, 1.3E+01, 1.3E+01, 1.3E+01, 1.3E+01, 1.3E+01, 1.3E+01, 1.3E+01, 1.3E+01, 1.3E+01, 1.3E+01, 1.3E+01, 1.3E+01, 1.3E+01, 1.3E+01, 1.3E+01, 1.3E+01, 1.3E+01, 1.3E+01, 1.3E+01, 1.3E+01, 1.3E+01, 1.3E+01, 1.3E+01, 1.2E+02, 1.2E+02, 1.2E+02, 1.2E+02, 1.2E+02, 1.2E+02, 1.2E+02, 1.2E+02, 1.2E+02, 1.2E+02, 1.2E+02, 1.2E+02, 1.2E+02, 1.2E+02, 4.0E-07, 2.5E-07, 7.8E-06, 5.7E-07, 1.1E-06, 3.7E-05, 1.7E-06, 1.2E-05, 1.7E-07, 8.7E-07, 1.1E-07, 3.2E-06, 3.6E-06, 4.1E-07, 2.1E-06, 2.9E-06, 3.0E-06, 5.9E-08, 2.1E-06, 1.6E-06, 6.5E-07, 3.3E-07, 1.5E-06, 1.9E-06, 1.0E-07, 8.8E-08, 1.3E-07, 7.0E-07, 1.6E-07, 1.3E-07, 9.6E-08, 1.3E-07, 1.2E+02, 1.2E+02, 1.2E+02, 1.2E+02, 1.2E+02, 1.2E+02, 1.2E+02, 1.2E+02, 1.2E+02, 1.2E+02, 1.2E+02, 1.0E-07, 3.2E-07, 1.3E-07, 1.3E-07, 3.3E-06, 2.8E-07, 8.0E-07, 1.4E-06, 3.5E-07, 7.5E-07, 8.5E-07, 3.1E-06, 5.1E-06, 3.9E-05, 7.5E-07, 1.3E-06, 4.4E-06, 7.5E-06, 6.5E-06, 3.2E-06, 2.2E-05, 3.7E-06, 1.8E-06, 5.7E-07, 6.3E-07, 2.7E-07, 6.1E-07, 5.6E-07, 8.8E-07, 3.1E-08, 2.8E-08, 1.2E+02, 1.2E+02, 1.2E+02, 1.2E+02, 3.7E-07, 1.8E-06, 3.8E-07, 2.9E-07, 6.5E-08, 1.3E+01, 1.3E+01, 1.3E+01, 1.3E+01, 1.3E+01, 1.3E+01, 1.3E+01, 1.3E+01, 1.3E+01, 1.3E-08, 2.0E-11, 7.4E-10, 2.8E-09, 1.5E-09, 3.8E-10, 1.1E-08, 5.2E-08, 8.3E-08, 1.8E-11, 9.8E+00, 1.0E+02, 1.0E+02, 1.0E+02, 8.3E+01, 2.0E-09, 2.8E-14, 5.6E+00, 7.3E+00, 1.0E+01, 1.1E+01, 1.2E+02, 1.2E+02, 1.2E+02, 1.2E+02, 1.2E+02, 1.2E+02, 1.2E+02, 1.2E+02, 1.2E+02, 1.2E+02, 1.2E+02, 1.1E+02, 6.6E-07, 5.9E-07, 1.2E-05, 1.3E+01, 1.3E+01, 1.3E+01, 1.3E+01, 1.3E+01, 1.3E+01, 1.3E+01, 1.3E+01, 1.3E+01, 1.3E+01, 1.3E+01, 1.3E+01, 1.3E+01, 1.3E+01, 2.7E-06, 2.6E-06, 8.4E-07, 1.1E-06, 1.5E-06, 2.0E-06, 1.8E-06, 1.5E-06, 1.1E-06, 2.1E-05, 3.6E-06, 2.0E-06, 2.1E-06, 8.5E-07, 8.0E-08, 8.8E-08, 3.2E-08, 1.0E+02, 1.0E+02, 1.0E+02, 1.0E+02, 1.0E+02, 1.0E+02, 1.0E+02, 1.0E+02, 1.0E+02, 3.6E-07, 3.7E-07, 6.5E-08, 6.7E-09, 1.2E-07, 1.7E-07, 8.1E-07, 3.2E-08, 1.4E-07, 1.4E-07, 1.4E-07, 1.4E-07, 2.0E-07, 2.3E-07, 2.8E-07, 1.6E-07, 1.6E-07, 1.7E-07, 1.7E-07, 1.5E-07, 1.5E-06, 3.1E-07, 7.4E-07, 1.7E-07, 1.3E+01, 1.3E+01, 1.3E+01, 1.3E+01, 1.3E+01, 1.3E+01, 3.5E-07, 2.3E+01, 8.1E+01, 9.2E+01, 1.0E+02, 1.0E+02, 1.0E+02, 1.0E+02, 1.0E+02, 1.0E+02, 1.0E+02, 1.0E+02, 1.0E+02, 1.0E+02, 1.0E+02, 1.0E+02, 1.0E+02, 1.0E+02, 1.0E+02, 1.0E+02, 1.0E+02, 2.9E+01, 1.3E+01, 1.3E+01, 1.3E+01, 1.3E+01, 1.3E+01, 1.3E+01, 4.5E-08, 2.9E-06, 3.3E-07, 1.2E-06, 3.8E-07, 2.7E-07, 3.2E-06, 6.9E-06, 1.2E-07, 1.0E-07, 8.6E-08, 1.2E-07, 5.7E-07, 6.6E-07, 8.4E-07, 3.0E-08, 7.2E-07, 1.6E-07, 5.2E-06, 3.6E-06, 3.7E-07, 1.9E-06, 7.7E-09, 2.6E-07, 1.9E-08, 3.8E-08, 1.0E+02, 1.0E+02, 1.0E+02, 1.0E+02, 1.0E+02, 1.0E+02, 1.0E+02, 1.0E+02, 1.0E+02, 1.2E+02, 1.2E+02, 4.7E-06, 1.9E-05, 1.3E+01, 1.3E+01, 8.7E-07, 4.5E-08, 4.8E-08, 5.4E-08, 3.0E-06, 4.5E-06, 1.3E+01, 1.3E+01, 1.3E+01, 1.3E+01, 1.3E+01, 1.3E+01, 1.3E+01, 1.3E+01, 1.2E+02, 1.2E+02, 1.2E+02, 1.0E+02, 1.0E+02, 1.0E+02, 1.0E+02, 1.0E+02, 1.0E+02, 1.0E+02, 1.0E+02, 1.0E+02, 1.0E+02, 1.0E+02, 4.1E-07, 3.8E-07, 2.1E-06, 1.1E-07, 7.7E-08, 9.6E-07, 5.4E-07, 6.0E-08, 1.3E-07, 8.1E-07, 6.3E-06, 4.5E-06, 4.1E-06, 3.6E-06, 3.7E-06, 3.9E-06, 4.0E-06, 4.0E-06, 3.8E-06, 3.6E-06, 3.7E-06, 4.2E-06, 2.3E-06, 1.3E-07, 9.2E-07, 5.1E-08, 3.1E-08, 4.5E-09, 8.2E-08, 3.3E-08, 1.1E-09, 1.0E+02, 1.0E+02, 1.0E+02, 1.0E+02, 1.0E+02, 1.2E+02, 1.2E+02, 1.2E+02, 1.2E+02, 1.2E+02, 1.2E+02, 1.2E+02, 9.9E-08, 1.3E-07, 1.1E-06, 3.1E-07, 9.3E-07, 1.8E-05, 6.2E-07, 1.9E-06, 5.7E-06, 1.9E-06, 5.6E-06, 9.3E-06, 3.2E-07, 1.0E-06, 1.8E-06, 2.2E-07, 2.6E-06, 5.2E-07, 3.1E-06, 2.2E-06, 1.0E-05, 2.5E-07, 5.4E-09, 8.4E-09, 1.3E-08, 1.6E-08, 7.4E-08, 3.4E-08, 3.5E-08, 9.2E-08, 3.4E-08, 3.6E-07, 2.3E-07, 8.6E-07, 2.8E-07, 1.1E-06, 9.3E-06, 1.2E-08, 6.1E-09, 1.0E+02, 1.0E+02, 1.0E+02, 1.0E+02, 1.0E+02, 1.0E+02, 1.0E+02, 1.0E+02, 1.0E+02, 1.0E+02, 2.1E-07, 2.2E-07, 2.7E-06, 1.5E-05, 9.1E-06, 6.2E-07, 6.1E-08, 5.4E-07, 1.1E-07, 1.3E+01, 1.3E+01, 1.3E-09, 1.3E-09, 1.5E-09, 3.5E-09, 1.4E-08, 7.1E-09, 1.1E-07, 1.1E-07, 1.3E-08, 2.4E-06, 1.3E+01, 1.3E+01, 1.3E+01, 1.3E+01, 1.3E+01, 1.3E+01, 1.3E+01, 1.3E+01, 1.3E+01, 1.3E+01, 1.3E+01, 1.3E+01, 1.3E+01, 1.3E+01, 1.3E+01, 1.3E+01, 1.0E+02, 1.0E+02, 1.0E+02, 1.0E+02, 1.0E+02, 1.0E+02, 1.0E+02, 1.0E+02, 1.0E+02, 1.0E+02, 1.0E+02, 1.0E+02, 1.0E+02, 1.0E+02, 1.0E+02, 1.0E+02, 4.4E-07, 3.7E-07, 2.1E-07, 1.1E-07, 1.9E-06, 9.3E-08, 9.8E-07, 2.5E-08, 9.9E-08, 3.4E-07, 7.3E-07, 7.9E-06, 1.5E-06, 1.3E+01, 1.3E+01, 1.3E+01, 1.3E+01, 1.3E+01, 1.3E+01, 1.3E+01, 5.4E-08, 5.7E-08, 6.0E-08, 6.5E-08, 6.8E-08, 7.0E-08, 7.2E-08, 7.4E-08, 7.6E-08, 7.3E-08, 7.4E-08, 7.6E-08, 1.0E+02, 7.9E-08, 8.0E-08, 8.1E-08, 8.3E-08, 8.4E-08, 1.3E-07, 1.3E+01, 1.2E+02, 1.2E+02, 1.2E+02, 1.2E+02, 1.2E+02, 1.2E+02, 1.2E+02, 1.2E+02, 1.2E+02, 1.2E+02, 1.0E+02, 1.0E+02, 1.0E+02, 1.0E+02, 1.0E+02, 1.0E+02, 1.0E+02, 1.0E+02, 1.0E+02, 4.3E-08, 2.1E-07, 2.8E-06, 8.9E-07, 3.8E-08, 1.0E-07, 4.4E-06, 1.3E+01, 1.3E+01, 1.3E+01, 4.1E-06, 3.7E-06, 4.8E-06, 6.2E-07, 2.8E-06, 2.6E-06, 3.0E-06, 2.9E-06, 2.3E-06, 2.4E-06, 2.6E-06, 2.9E-06, 3.0E-06, 2.8E-06, 2.2E-06, 2.4E-06, 3.0E-06, 3.1E-06, 2.2E-06, 5.1E-07, 7.7E-06, 9.3E-08, 1.2E-09, 1.0E+02, 1.0E+02, 1.0E+02, 1.0E+02, 1.0E+02, 1.0E+02, 1.0E+02, 1.0E+02, 1.0E+02, 1.0E+02, 1.0E+02, 1.0E+02, 1.0E+02, 1.0E+02, 1.0E+02, 1.2E+02, 1.2E+02, 1.2E+02, 1.2E+02, 1.2E+02, 1.2E+02, 1.2E+02, 1.3E+01, 1.3E+01, 1.3E+01, 4.1E-06, 1.3E+01, 1.3E+01, 1.3E+01, 1.3E+01, 1.3E+01, 1.3E+01, 1.3E+01, 6.5E+00, 6.5E+00, 6.5E+00, 6.5E+00, 3.0E-07, 4.5E-07, 1.7E-06, 6.5E-06, 1.5E-05, 1.4E-06, 7.7E-06, 1.1E-06, 1.5E-06, 2.5E-06, 2.5E-07, 5.2E-07, 4.7E-06, 5.8E-07, 4.0E-05, 1.7E-06, 2.4E-05, 6.3E-07, 5.2E-07, 5.2E-07, 3.5E-06, 6.3E-08, 6.4E-08, 6.6E-08, 6.8E-08, 3.1E-09, 7.2E-08, 7.4E-08, 7.6E-08, 7.8E-08, 8.0E-08, 8.2E-08, 8.3E-08, 1.0E+02, 1.0E+02, 1.0E+02, 1.0E+02, 1.0E+02, 1.0E+02, 1.0E+02, 1.0E+02, 1.0E+02, 1.0E+02, 1.2E+02, 1.2E+02, 1.2E+02, 1.2E+02, 1.2E+02, 2.2E-07, 1.2E-06, 7.9E-07, 1.6E-05, 8.9E-07, 8.4E-06, 3.7E-06, 3.2E-06, 6.7E-07, 1.6E-07, 1.9E-07, 4.9E-09, 7.9E-09, 1.1E-08, 1.1E-08, 1.7E-08, 1.0E-07, 1.0E-08, 1.7E-07, 6.5E-08, 5.7E-08, 6.3E-08, 1.1E-06, 1.2E-07, 1.3E+01, 1.3E+01, 1.3E+01, 1.3E+01, 1.3E+01, 1.3E+01, 1.3E+01, 1.3E+01, 1.9E-07, 1.9E-07, 5.4E-09, 3.4E-08, 1.3E+01, 1.3E+01, 1.3E+01, 1.0E+02, 1.3E+01, 1.3E+01, 1.3E+01, 1.3E+01, 1.3E+01, 1.3E+01, 1.3E+01, 1.3E+01, 1.0E+02, 1.0E+02, 1.0E+02, 1.0E+02, 1.0E+02, 1.0E+02, 1.0E+02, 1.0E+02, 5.2E-08, 1.3E-07, 5.1E-07, 2.5E-06, 5.7E-08, 5.7E-08, 1.3E-07, 5.9E-08, 6.3E-08, 6.3E-08, 6.6E-08, 6.7E-08, 6.9E-08, 7.2E-08, 7.2E-08, 7.4E-08, 1.1E-07, 1.1E-07, 1.1E-07, 1.8E-07, 1.5E-07, 1.3E-07, 1.2E-07, 1.8E-07, 1.3E-07, 1.2E-07, 1.1E-07, 1.0E-07, 1.4E-07, 5.7E-07, 7.9E-07, 1.1E-06, 1.3E+01, 1.3E+01, 1.3E+01, 1.3E+01, 1.3E+01, 1.3E+01, 1.3E+01, 1.3E+01, 1.0E+02, 1.0E+02, 1.0E+02, 1.0E+02, 1.0E+02, 1.0E+02, 1.0E+02, 1.0E+02, 1.0E+02, 1.0E+02, 1.0E+02, 1.0E+02, 1.0E+02, 1.0E+02, 1.0E+02, 1.0E+02, 1.0E+02, 1.0E+02, 1.0E+02, 4.1E-08, 5.0E-06, 5.7E-07, 6.5E-06, 2.0E-06, 2.1E-07, 7.4E-07, 2.3E-08, 4.7E-07, 2.7E-07, 1.7E-08, 2.1E-08, 2.4E-08, 2.9E-08, 3.4E-08, 3.9E-08, 4.3E-08, 4.8E-08, 5.3E-08, 5.9E-08, 6.6E-08, 9.9E-08, 5.6E-09, 1.3E-08, 7.3E-09, 3.5E-09, 1.9E-09, 1.0E-07, 1.0E-07, 2.0E-09, 5.8E-08, 1.0E+02, 1.0E-07, 1.1E-07, 9.8E-08, 1.0E-07, 1.1E-07, 1.2E-07, 1.0E+02, 1.0E+02, 1.0E+02, 1.0E+02, 1.0E+02, 1.0E+02, 1.0E+02, 1.0E+02, 1.0E+02, 1.0E+02, 1.0E+02, 1.0E+02, 1.0E+02, 1.0E+02, 1.0E+02, 1.0E+02, 1.0E+02, 1.0E+02, 1.0E+02, 1.0E+02, 1.8E-06, 1.5E-06, 1.1E-07, 1.3E-06, 7.9E-07, 7.3E-07, 4.0E-08, 3.8E-07, 3.8E-06, 1.3E+01, 1.3E+01, 1.3E+01, 1.3E+01, 1.3E+01, 1.3E+01, 1.3E+01, 1.3E+01, 1.3E+01, 1.3E+01, 5.6E-08, 5.3E-08, 1.3E-07, 4.0E-08, 3.9E-08, 5.1E-08, 3.8E-08, 3.7E-08, 4.4E-08, 1.7E-06, 2.1E-06, 5.4E-08, 1.2E-08, 2.1E-07, 1.2E-06, 1.3E-09, 1.0E+02, 1.0E+02, 1.0E+02, 1.0E+02, 1.0E+02, 1.0E+02, 1.0E+02, 1.0E+02, 1.0E+02, 1.0E+02, 1.0E+02, 1.0E+02, 1.0E+02, 6.7E-09, 2.0E-07, 2.4E-07, 9.2E-07, 7.8E-07, 4.9E-07, 5.3E-07, 2.9E-06, 5.6E-06, 4.6E-06, 3.5E-05, 2.6E-05, 1.6E-05, 1.7E-07, 3.1E-07, 1.2E+02, 1.2E+02, 1.2E+02, 1.2E+02, 1.2E+02, 1.2E+02, 1.2E+02, 1.2E+02, 1.2E+02, 1.2E+02, 1.2E+02, 1.2E+02, 1.2E+02, 1.2E+02, 1.0E+02, 1.0E+02, 7.3E-07, 2.4E-07, 5.9E-07, 1.3E+01, 1.3E+01, 1.3E+01, 6.7E-06, 2.5E-07, 1.5E-06, 3.0E-06, 2.1E-06, 3.2E-06, 5.0E-06, 8.5E-06, 1.4E-05, 1.9E-05, 5.3E-07, 5.7E-07, 5.4E-07, 1.8E-05, 1.3E-05, 8.1E-06, 5.1E-06, 3.8E-06, 2.4E-06, 3.1E-06, 2.3E-06, 2.5E-07, 1.2E-07, 1.1E-05, 1.2E-05, 5.1E-08, 5.4E-08, 5.6E-08, 5.8E-08, 6.1E-08, 6.3E-08, 6.5E-08, 6.7E-08, 6.9E-08, 7.0E-08, 6.7E-08, 6.8E-08, 6.9E-08, 7.0E-08, 7.8E-08, 1.0E+02, 1.0E+02, 1.0E+02, 1.0E+02, 1.0E+02, 1.0E+02, 1.0E+02, 1.2E+02, 1.2E+02, 1.2E+02, 1.2E+02, 1.2E+02, 1.2E+02, 1.2E+02, 1.2E+02, 1.8E-07, 1.9E-06, 7.0E-07, 1.1E-05, 8.9E-06, 3.1E-07, 1.0E-06, 1.5E-07, 1.3E-07, 1.5E-07, 2.4E-07, 5.0E-09, 8.1E-09, 1.3E-08, 1.6E-08, 9.9E-08, 5.1E-08, 3.6E-08, 2.4E-08, 2.3E-07, 9.2E-09, 2.8E-08, 2.1E-06, 1.3E+01, 1.3E+01, 1.3E+01, 1.3E+01, 1.3E+01, 1.3E+01, 1.3E+01, 1.3E+01, 1.4E-07, 7.0E-08, 9.4E-08, 2.2E-08, 4.3E-08, 1.0E-07, 2.0E-07, 1.5E-07, 5.1E-08, 5.2E-08, 9.7E-09, 3.3E-08, 2.1E-08, 6.5E-08, 1.3E+01, 1.3E+01, 1.3E+01, 1.3E+01, 1.3E+01, 1.3E+01, 1.3E+01, 1.3E+01, 1.3E+01, 1.0E+02, 1.3E+01, 1.0E+02, 1.0E+02, 1.0E+02, 1.0E+02, 1.0E+02, 1.0E+02, 1.0E+02, 1.0E+02, 1.0E+02, 1.0E+02, 1.0E+02, 1.0E+02, 1.0E+02, 1.0E+02, 1.0E+02, 1.0E+02, 1.0E+02, 1.0E+02, 1.0E+02, 1.0E+02, 2.4E-06, 8.9E-08, 2.3E-07, 8.0E-07, 3.5E-08, 3.2E-07, 1.3E-06, 2.6E-08, 3.0E-08, 3.6E-08, 3.4E-08, 3.9E-08, 4.6E-08, 5.2E-08, 5.4E-08, 1.3E-07, 9.4E-08, 1.1E-07, 9.8E-08, 1.3E-07, 2.5E-07, 1.2E-07, 1.6E-07, 4.1E-07, 4.4E-06, 1.3E+01, 7.9E-08, 8.3E-08, 8.8E-08, 9.2E-08, 9.6E-08, 1.0E-07, 6.9E-09, 7.8E-09, 3.4E-09, 4.8E-09, 6.1E-09, 7.4E-09, 8.4E-09, 2.6E-08, 4.0E-09, 1.1E-07, 1.5E-09, 1.3E+01, 1.3E+01, 1.3E+01, 1.3E+01, 1.0E+02, 1.0E+02, 1.0E+02, 1.0E+02, 1.0E+02, 1.0E+02, 1.0E+02, 1.0E+02, 1.0E+02, 1.0E+02, 1.0E+02, 1.0E+02, 1.0E+02, 1.0E+02, 1.0E+02, 1.0E+02, 1.3E+01, 1.3E+01, 1.3E+01, 1.3E+01, 1.3E+01, 1.3E+01, 1.3E+01, 1.3E+01, 1.3E+01, 1.3E+01, 1.3E+01, 1.3E+01, 1.3E+01, 1.3E+01, 1.3E+01, 1.3E+01, 1.3E+01, 1.3E+01, 1.3E+01, 6.5E+00, 6.5E+00, 6.5E+00, 3.4E-05, 3.7E-05, 4.6E-05, 7.8E-07, 1.0E+02, 1.0E+02, 2.8E-06, 6.0E-06, 1.1E-05, 1.0E+02, 1.0E+02, 1.0E+02, 1.0E+02, 1.0E+02, 2.7E-09, 1.0E+02, 1.0E+02, 1.0E+02, 1.0E+02, 1.0E+02, 1.0E+02, 3.0E-10, 2.3E-06, 8.0E-08, 8.4E-08, 8.7E-08, 8.9E-08, 9.1E-08, 8.5E-08, 8.6E-08, 8.7E-08, 8.9E-08, 9.1E-08, 9.5E-08, 1.0E-07, 1.1E-07, 1.1E-07, 2.3E-07, 1.2E-07, 1.2E-07, 1.5E-07, 1.3E-07, 1.3E+01, 1.3E+01, 1.3E+01, 1.3E+01, 1.3E+01, 1.3E+01, 1.3E+01, 1.3E+01, 1.3E+01, 1.2E+02, 1.0E+02, 1.0E+02, 1.0E+02, 1.0E+02, 1.0E+02, 1.0E+02, 1.0E+02, 1.0E+02, 1.0E+02, 1.0E+02, 1.0E+02, 1.0E+02, 1.0E+02, 1.0E+02, 2.9E-07, 1.5E-06, 1.1E-07, 1.4E-05, 6.2E-06, 1.9E-07, 1.0E-06, 4.1E-08, 4.4E-08, 1.0E-05, 3.8E-07, 3.7E-06, 4.9E-06, 6.3E-06, 2.0E-06, 1.3E-06, 7.4E-07, 2.9E-07, 9.2E-08, 6.5E-06, 1.2E-06, 7.9E-07, 2.7E-06, 4.0E-08, 2.0E-08, 6.2E-09, 1.7E-07, 5.0E-06, 3.8E-07, 6.9E-09, 7.6E-08, 1.0E+02, 1.0E+02, 1.0E+02, 1.0E+02, 1.0E+02, 1.0E+02, 1.0E+02, 1.2E+02, 1.2E+02, 1.2E+02, 1.2E+02, 9.4E-07, 9.2E-08, 1.6E-07, 2.0E-07, 2.2E-07, 2.9E-06, 2.7E-07, 6.4E-07, 8.0E-07, 9.6E-07, 3.1E-07, 2.2E-06, 2.3E-06, 3.6E-06, 4.3E-06, 4.8E-06, 5.2E-06, 5.7E-06, 5.1E-06, 3.8E-06, 3.0E-06, 2.1E-06, 1.1E-06, 6.1E-07, 5.9E-07, 3.8E-07, 5.7E-06, 1.9E-06, 2.2E-07, 5.9E-08, 6.0E-08, 1.0E-07, 1.0E+02, 1.0E+02, 1.0E+02, 2.1E-05, 2.3E-06, 3.2E-08, 7.7E-08, 3.0E-08, 8.7E-08, 2.9E-08, 7.6E-08, 7.8E-08, 7.7E-08, 7.5E-08, 7.2E-08, 7.4E-08, 8.3E-08, 1.0E-07, 1.3E-07, 2.0E-07, 2.2E-08, 2.5E-07, 8.0E-08, 1.6E-08, 6.3E-07, 3.3E-08, 7.8E-08, 8.5E-08, 9.0E-08, 6.7E-07, 3.2E-07, 9.3E+01, 1.0E+02, 1.0E+02, 1.0E+02, 1.0E+02, 9.8E+01, 6.1E+00, 1.0E+01, 1.0E+01, 1.3E-07, 1.1E-07, 9.7E-08, 1.3E-07, 8.5E-08, 2.5E+00, 1.6E+01, 1.1E+01, 1.0E+01, 1.1E+01, 1.2E+01, 1.2E+02, 1.2E+02, 1.2E+02, 1.2E+02, 1.2E+02, 1.2E+02, 1.2E+02, 1.2E+02, 1.2E+02, 1.2E+02, 1.2E+02, 1.3E+01, 2.6E-05, 3.3E-08, 1.6E-08, 1.9E-08, 4.2E-08, 6.3E-08, 1.4E-07, 1.2E-07, 2.3E-07, 2.3E-06, 5.5E-07, 5.0E-07, 6.7E-08, 2.6E-07, 5.8E-07, 4.1E-07, 1.5E-06, 3.6E-06, 1.3E-07, 4.9E-08, 6.4E-08, 8.7E-07, 6.5E-07, 4.7E-07, 1.7E-07, 4.4E+01, 1.0E+02, 1.0E+02, 1.0E+02, 1.0E+02, 1.0E+02, 1.0E+02, 1.0E+02, 6.2E+01, 5.3E-08, 2.7E-07, 8.6E-08, 4.4E-08, 3.3E-08, 6.4E-07, 3.7E-08, 6.1E-07, 1.0E+02, 1.2E+02, 1.2E+02, 1.2E+02, 1.2E+02, 1.2E+02, 1.2E+02, 1.2E+02, 1.2E+02, 1.2E+02, 1.2E+02, 1.2E+02, 1.2E+02, 1.2E+02, 1.2E+02, 1.2E+02, 1.0E+02, 1.0E+02, 1.0E+02, 1.0E+02, 1.0E-05, 2.3E-08, 3.2E-06, 1.3E+01, 1.3E+01, 1.3E+01, 1.3E+01, 1.3E+01, 1.3E+01, 1.3E+01, 1.3E+01, 1.3E+01, 1.3E+01, 1.3E+01, 1.3E+01, 1.3E+01, 1.3E+01, 1.3E+01, 1.3E+01, 1.3E+01, 1.3E+01, 1.3E+01, 1.3E+01, 1.3E+01, 1.3E+01, 6.4E-08, 1.3E-07, 1.4E-07, 1.6E-07, 1.6E-07, 3.2E-07, 3.9E-07, 1.6E-07, 9.7E-08, 2.0E-08, 5.9E-08, 7.4E-08, 2.7E-08, 1.3E-07, 1.9E-07, 1.2E-06, 2.9E-08, 5.0E-08, 5.5E-08, 4.7E-08, 2.2E-06, 1.2E-06, 1.2E+02, 1.2E+02, 1.2E+02, 1.2E+02, 1.2E+02, 1.2E+02, 1.2E+02, 1.2E+02, 1.2E+02, 1.2E+02, 1.2E+02, 1.2E+02, 1.2E+02, 1.2E+02, 1.3E+01, 1.3E+01, 1.3E+01, 1.3E+01, 1.3E+01, 2.9E-06, 7.2E-06, 6.2E-07, 1.4E-06, 3.3E-08, 2.1E-07, 3.5E-07, 3.5E-07, 5.7E-07, 6.4E-07, 7.2E-07, 9.7E-09, 1.0E+02, 1.0E+02, 1.0E+02, 1.0E+02, 1.0E+02, 1.0E+02, 1.0E+02, 1.0E+02, 1.0E+02, 1.0E+02, 1.0E+02, 1.0E+02, 1.0E+02, 3.8E-07, 3.5E-07, 6.0E-08, 6.1E-08, 6.2E-08, 6.4E-08, 6.6E-08, 6.8E-08, 7.0E-08, 7.1E-08, 7.3E-08, 7.5E-08, 7.7E-08, 7.9E-08, 8.0E-08, 8.2E-08, 8.3E-08, 8.5E-08, 8.6E-08, 8.8E-08, 8.9E-08, 9.0E-08, 9.2E-08, 9.7E-08, 9.8E-08, 1.3E-07, 1.3E-07, 1.4E-07, 1.0E-07, 1.0E-07, 1.1E-07, 1.1E-07, 1.3E-07, 1.4E-07, 8.3E-08, 1.0E+02, 1.0E+02, 1.0E+02, 1.0E+02, 1.0E+02, 1.0E+02, 1.0E+02, 1.0E+02, 1.0E+02, 1.0E+02, 1.0E+02, 1.8E-09, 3.8E-06, 8.2E-07, 4.2E-08, 6.2E-07, 2.6E-06, 3.0E-09, 3.2E-08, 3.3E-07, 1.9E-07, 1.3E+01, 1.3E+01, 1.3E+01, 1.3E+01, 1.3E+01, 1.3E+01, 1.3E+01, 1.3E+01, 9.3E-07, 2.0E-07, 5.0E-07, 1.0E-07, 2.1E-08, 1.5E-07, 5.5E-08, 1.2E-07, 7.9E-08, 2.4E-07, 2.4E-08, 1.3E+01, 1.3E+01, 1.2E+01, 1.3E+01, 1.3E+01, 1.3E+01, 1.3E+01, 2.0E-07, 1.0E+02, 1.0E+02, 1.3E+01, 1.3E+01, 1.0E+02, 1.0E+02, 1.0E+02, 1.0E+02, 1.0E+02, 1.0E+02, 1.0E+02, 2.3E-08, 3.6E-09, 3.9E-07, 8.6E-08, 8.7E-08, 8.8E-08, 8.7E-08, 7.2E-09, 8.7E-08, 9.5E-08, 9.2E-08, 9.5E-08, 2.1E-09, 1.3E+01, 1.3E+01, 1.3E+01, 1.3E+01, 1.3E+01, 1.3E+01, 1.3E+01, 1.3E+01, 1.3E+01, 1.3E+01, 1.3E+01, 1.3E+01, 1.3E+01, 1.3E+01, 1.3E+01, 1.3E+01, 1.3E+01, 1.3E+01, 1.3E+01, 1.3E+01, 1.3E+01, 1.3E+01, 1.3E+01, 1.3E+01, 1.3E+01, 1.3E+01, 1.3E+01, 5.3E-07, 1.9E-07, 1.3E-07, 1.0E+02, 1.0E+02, 1.0E+02, 1.0E+02, 1.0E+02, 1.0E+02, 1.0E+02, 1.0E+02, 1.0E+02, 1.0E+02, 1.0E+02, 1.0E+02, 1.0E+02, 1.0E+02, 1.0E+02, 3.3E-07, 2.7E-06, 6.5E-07, 4.7E-06, 1.5E-07, 2.8E-06, 1.0E-05, 1.1E-06, 6.9E-07, 1.0E-07, 1.0E-07, 2.3E-07, 3.2E-06, 6.0E-07, 1.1E-06, 1.2E-07, 1.4E-07, 1.5E-07, 1.2E-07, 7.3E-06, 1.9E-06, 7.8E-07, 3.2E-06, 4.6E-08, 4.0E-08, 2.0E-08, 3.0E-07, 1.9E-07, 3.6E-06, 9.0E-09, 5.8E-09, 1.0E+02, 1.0E+02, 1.0E+02, 1.0E+02, 1.0E+02, 1.0E+02, 1.0E+02, 1.0E+02, 1.0E+02, 1.0E+02, 1.0E+02, 1.0E+02, 1.0E+02, 1.0E+02, 1.0E+02, 1.0E+02, 1.0E+02, 1.0E+02, 1.0E+02, 1.0E+02, 1.0E+02, 1.0E+02, 1.0E+02, 1.0E+02, 1.0E+02, 1.0E+02, 1.0E+02, 1.0E+02, 1.0E+02, 1.0E+02, 1.0E+02, 1.4E-07, 1.3E+01, 1.3E+01, 1.3E+01, 6.5E+00, 6.5E+00, 6.5E+00, 6.5E+00, 6.5E+00, 6.5E+00, 6.5E+00, 6.5E+00, 6.5E+00, 6.5E+00, 3.8E-08, 3.6E-08, 4.1E-08, 4.8E-08, 7.8E-08, 1.0E-07, 1.2E-07, 1.5E-06, 4.1E-06, 4.5E-06, 4.8E-06, 4.9E-06, 4.7E-06, 4.0E-06, 4.4E-06, 5.3E-06, 4.2E-06, 4.4E-06, 2.6E-09, 2.8E-09, 3.0E-09, 3.2E-09, 3.5E-09, 1.3E+01, 1.3E+01, 1.3E+01, 1.3E+01, 1.3E+01, 1.3E+01, 1.3E+01, 1.3E+01, 1.3E+01, 1.3E+01, 1.3E+01, 1.3E+01, 1.3E+01, 1.3E+01, 1.2E+02, 1.2E+02, 1.2E+02, 1.2E+02, 1.2E+02, 1.2E+02, 1.2E+02, 1.2E+02, 1.2E+02, 1.2E+02, 1.2E+02, 1.2E+02, 1.2E+02, 1.2E+02, 1.2E+02, 1.2E+02, 1.2E+02, 1.2E+02, 1.3E+01, 1.3E+01, 1.3E+01, 1.3E+01, 1.9E-07, 5.2E-07, 7.7E-07, 3.2E-07, 7.8E-07, 6.4E-06, 2.1E-07, 9.4E-07, 6.1E-08, 6.4E-07, 1.1E-05, 1.3E-06, 5.3E-06, 3.3E-06, 3.4E-06, 3.2E-06, 3.2E-06, 2.7E-06, 5.0E-07, 1.4E-06, 5.3E-06, 8.0E-08, 1.2E-07, 8.6E-08, 7.3E-07, 6.8E-07, 1.8E-07, 1.5E-06, 2.5E-07, 1.3E-07, 1.2E+02, 1.2E+02, 1.2E+02, 1.2E+02, 1.2E+02, 1.2E+02, 1.2E+02, 1.2E+02, 1.2E+02, 1.2E+02, 1.2E+02, 1.2E+02, 8.2E-04, 1.5E-07, 1.4E-07, 1.2E-07, 5.8E-07, 3.6E-06, 4.0E-06, 2.3E-07, 1.6E-06, 1.2E-05, 4.4E-07, 8.6E-07, 8.2E-07, 3.7E-06, 8.3E-06, 1.3E-05, 1.6E-05, 3.6E-07, 1.5E-05, 1.2E-05, 6.6E-06, 7.3E-07, 6.5E-07, 4.7E-07, 3.1E-07, 9.2E-07, 2.5E-07, 1.6E-07, 7.6E-07, 1.6E-07, 1.2E+02, 1.2E+02, 1.2E+02, 1.2E+02, 1.2E+02, 1.2E+02, 1.2E+02, 1.2E+02, 1.2E+02, 6.6E+01, 5.8E-07, 3.6E-07, 1.1E-07, 4.2E-08, 3.0E-07, 2.3E-07, 1.6E-06, 3.2E-06, 3.7E-06, 1.0E-06, 9.8E-07, 4.0E-06, 1.5E-05, 1.3E+01, 1.3E+01, 1.3E+01, 1.3E+01, 1.3E+01, 1.3E+01, 1.3E+01, 1.3E+01, 1.3E+01, 1.3E+01, 6.1E-07, 3.0E-06, 5.4E-08, 1.2E+02, 1.2E+02, 1.2E+02, 1.2E+02, 1.2E+02, 1.2E+02, 1.2E+02, 1.2E+02, 1.2E+02, 1.2E+02, 1.2E+02, 1.2E+02, 1.2E+02, 1.2E+02, 1.2E+02, 1.2E+02, 1.2E+02, 1.2E+02, 1.2E+02, 1.3E+01, 1.3E+01, 1.3E+01, 1.3E+01, 1.3E+01, 1.3E+01, 1.3E+01, 1.3E+01, 1.3E+01, 1.3E+01, 1.3E+01, 1.3E+01, 1.3E+01, 1.3E+01, 1.3E+01, 1.3E+01, 1.3E+01, 2.9E-07, 1.4E-07, 9.7E-08, 8.2E-08, 7.7E-08, 7.6E-08, 7.7E-08, 8.3E-08, 1.0E-07, 1.2E-07, 1.6E-07, 2.1E-07, 2.8E-07, 4.6E-07, 7.6E-07, 5.0E-07, 8.1E-07, 4.6E-08, 4.9E-08, 5.2E-08, 5.5E-08, 5.8E-08, 6.3E-08, 6.7E-08, 9.2E-08, 4.3E-10, 9.3E-08, 1.3E-07, 4.7E-09, 1.5E-07, 6.1E-09, 1.0E+02, 1.0E+02, 1.0E+02, 1.0E+02, 1.0E+02, 1.0E+02, 1.0E+02, 1.0E+02, 1.0E+02, 1.0E+02, 1.0E+02, 1.0E+02, 1.0E+02, 1.0E+02, 1.0E+02, 1.0E+02, 1.0E+02, 1.0E+02, 1.0E+02, 1.0E+02, 1.0E+02, 1.0E+02, 1.0E+02, 1.0E+02, 1.0E+02, 1.0E+02, 1.0E+02, 1.3E+01, 1.3E+01, 1.3E+01, 1.3E+01, 1.3E+01, 1.3E+01, 1.3E+01, 4.2E-06, 2.9E-06, 2.4E-06, 1.3E+01, 1.3E+01, 1.3E+01, 1.3E+01, 1.3E+01, 1.3E+01, 1.3E+01, 1.3E+01, 1.3E+01, 1.3E+01, 1.3E+01, 1.3E+01, 1.3E+01, 1.3E+01, 1.3E+01, 5.4E-06, 3.1E-07, 2.3E-06, 1.5E-06, 3.4E-06, 2.8E-08, 2.9E-08, 3.1E-08, 3.2E-08, 3.4E-08, 3.8E-08, 4.7E-08, 5.6E-08, 6.5E-08, 7.0E-08, 7.0E-08, 7.0E-08, 6.9E-08, 6.9E-08, 6.9E-08, 7.0E-08, 7.2E-08, 7.5E-08, 7.7E-08, 7.4E-08, 7.4E-08, 7.5E-08, 1.2E+02, 1.2E+02, 1.2E+02, 1.2E+02, 1.2E+02, 1.2E+02, 1.2E+02, 1.2E+02, 1.2E+02, 1.2E+02, 1.2E+02, 1.2E+02, 1.2E+02, 1.2E+02, 1.2E+02, 1.2E+02, 1.2E+02, 1.2E+02, 1.2E+02, 1.2E+02, 1.3E+01, 1.3E+01, 1.3E+01, 1.3E+01, 1.3E+01, 1.3E+01, 4.3E-06, 5.8E-07, 2.8E-07, 3.2E-06, 5.3E-07, 1.5E-07, 1.6E-07, 1.8E-07, 1.9E-07, 2.0E-07, 2.0E-07, 2.0E-07, 2.0E-07, 2.1E-07, 2.1E-07, 2.1E-07, 2.1E-07, 2.2E-07, 2.3E-07, 2.4E-07, 2.4E-07, 2.2E-07, 3.0E-07, 1.1E-06, 3.9E-06, 7.0E-08, 2.2E-07, 7.0E-08, 1.2E+02, 1.2E+02, 1.2E+02, 1.2E+02, 1.2E+02, 1.2E+02, 1.2E+02, 1.2E+02, 1.2E+02

Carbohydrate Events (120 total):
  - Week 1 Day 1 07:10: 83.2g (breakfast)
  - Week 1 Day 1 10:05: 10.8g (morning_snack)
  - Week 1 Day 1 13:12: 206.9g (lunch)
  - Week 1 Day 1 16:40: 11.6g (afternoon_snack)
  - Week 1 Day 1 19:21: 97.4g (dinner)
  - Week 1 Day 2 07:52: 85.3g (breakfast)
  - Week 1 Day 2 10:32: 19.2g (morning_snack)
  - Week 1 Day 2 13:12: 222.2g (lunch)
  - Week 1 Day 2 15:02: 10.2g (afternoon_snack)
  - Week 1 Day 2 18:32: 84.0g (dinner)
  - Week 1 Day 3 07:00: 90.1g (breakfast)
  - Week 1 Day 3 10:58: 19.2g (morning_snack)
  - Week 1 Day 3 12:18: 162.4g (lunch)
  - Week 1 Day 3 15:16: 18.1g (afternoon_snack)
  - Week 1 Day 3 18:12: 103.8g (dinner)
  - Week 1 Day 4 07:47: 100.6g (breakfast)
  - Week 1 Day 4 10:22: 13.9g (morning_snack)
  - Week 1 Day 4 13:44: 209.3g (lunch)
  - Week 1 Day 4 15:12: 17.3g (afternoon_snack)
  - Week 1 Day 4 19:56: 83.2g (dinner)
  - Week 1 Day 5 07:43: 95.4g (breakfast)
  - Week 1 Day 5 09:04: 16.3g (morning_snack)
  - Week 1 Day 5 12:41: 193.1g (lunch)
  - Week 1 Day 5 15:47: 13.9g (afternoon_snack)
  - Week 1 Day 5 19:46: 107.5g (dinner)
  - Week 1 Day 6 06:41: 83.2g (breakfast)
  - Week 1 Day 6 10:44: 15.1g (morning_snack)
  - Week 1 Day 6 12:55: 166.5g (lunch)
  - Week 1 Day 6 15:09: 15.2g (afternoon_snack)
  - Week 1 Day 6 18:03: 94.1g (dinner)
  - Week 1 Day 7 07:34: 118.4g (breakfast)
  - Week 1 Day 7 09:36: 18.4g (morning_snack)
  - Week 1 Day 7 12:18: 231.9g (lunch)
  - Week 1 Day 7 16:52: 16.2g (afternoon_snack)
  - Week 1 Day 7 19:07: 116.4g (dinner)
  - Week 2 Day 1 07:28: 119.6g (breakfast)
  - Week 2 Day 1 09:32: 19.6g (morning_snack)
  - Week 2 Day 1 12:04: 210.9g (lunch)
  - Week 2 Day 1 16:06: 17.0g (afternoon_snack)
  - Week 2 Day 1 19:45: 103.0g (dinner)
  - Week 2 Day 2 06:56: 88.1g (breakfast)
  - Week 2 Day 2 09:48: 16.6g (morning_snack)
  - Week 2 Day 2 12:10: 193.1g (lunch)
  - Week 2 Day 2 16:33: 19.0g (afternoon_snack)
  - Week 2 Day 2 19:52: 92.1g (dinner)
  - Week 2 Day 3 07:35: 105.1g (breakfast)
  - Week 2 Day 3 10:49: 14.1g (morning_snack)
  - Week 2 Day 3 12:15: 175.4g (lunch)
  - Week 2 Day 3 16:04: 15.2g (afternoon_snack)
  - Week 2 Day 3 18:08: 111.1g (dinner)
  - Week 2 Day 4 07:29: 84.4g (breakfast)
  - Week 2 Day 4 10:23: 10.9g (morning_snack)
  - Week 2 Day 4 13:47: 183.4g (lunch)
  - Week 2 Day 4 15:04: 10.9g (afternoon_snack)
  - Week 2 Day 4 19:09: 99.8g (dinner)
  - Week 2 Day 5 06:09: 118.8g (breakfast)
  - Week 2 Day 5 10:56: 10.2g (morning_snack)
  - Week 2 Day 5 14:00: 201.2g (lunch)
  - Week 2 Day 5 16:17: 19.4g (afternoon_snack)
  - Week 2 Day 5 18:46: 82.0g (dinner)
  - Week 2 Day 6 07:43: 114.3g (breakfast)
  - Week 2 Day 6 10:28: 12.7g (morning_snack)
  - Week 2 Day 6 13:23: 189.9g (lunch)
  - Week 2 Day 6 15:16: 12.0g (afternoon_snack)
  - Week 2 Day 6 18:06: 101.0g (dinner)
  - Week 2 Day 7 06:50: 105.1g (breakfast)
  - Week 2 Day 7 09:50: 11.4g (morning_snack)
  - Week 2 Day 7 13:57: 205.3g (lunch)
  - Week 2 Day 7 16:17: 18.0g (afternoon_snack)
  - Week 2 Day 7 19:36: 80.4g (dinner)
  - Week 3 Day 1 07:46: 92.5g (breakfast)
  - Week 3 Day 1 09:37: 11.8g (morning_snack)
  - Week 3 Day 1 13:46: 167.3g (lunch)
  - Week 3 Day 1 15:12: 16.6g (afternoon_snack)
  - Week 3 Day 1 19:45: 116.0g (dinner)
  - Week 3 Day 2 07:47: 110.7g (breakfast)
  - Week 3 Day 2 10:57: 17.3g (morning_snack)
  - Week 3 Day 2 13:53: 230.3g (lunch)
  - Week 3 Day 2 16:23: 18.3g (afternoon_snack)
  - Week 3 Day 2 19:16: 111.5g (dinner)
  - Week 3 Day 3 06:49: 117.2g (breakfast)
  - Week 3 Day 3 09:33: 13.9g (morning_snack)
  - Week 3 Day 3 13:01: 239.2g (lunch)
  - Week 3 Day 3 16:32: 16.4g (afternoon_snack)
  - Week 3 Day 3 18:13: 88.5g (dinner)
  - Week 3 Day 4 06:23: 106.7g (breakfast)
  - Week 3 Day 4 10:29: 11.8g (morning_snack)
  - Week 3 Day 4 13:49: 161.6g (lunch)
  - Week 3 Day 4 16:01: 12.1g (afternoon_snack)
  - Week 3 Day 4 19:41: 88.9g (dinner)
  - Week 3 Day 5 06:31: 108.7g (breakfast)
  - Week 3 Day 5 09:26: 10.5g (morning_snack)
  - Week 3 Day 5 12:04: 214.1g (lunch)
  - Week 3 Day 5 15:50: 14.7g (afternoon_snack)
  - Week 3 Day 5 18:00: 82.0g (dinner)
  - Week 3 Day 6 07:35: 96.6g (breakfast)
  - Week 3 Day 6 10:44: 19.0g (morning_snack)
  - Week 3 Day 6 12:19: 166.5g (lunch)
  - Week 3 Day 6 16:46: 11.1g (afternoon_snack)
  - Week 3 Day 6 19:27: 117.6g (dinner)
  - Week 3 Day 7 06:43: 93.7g (breakfast)
  - Week 3 Day 7 10:34: 14.9g (morning_snack)
  - Week 3 Day 7 13:33: 200.4g (lunch)
  - Week 3 Day 7 16:17: 11.2g (afternoon_snack)
  - Week 3 Day 7 18:16: 104.2g (dinner)
  - Week 4 Day 1 07:46: 102.6g (breakfast)
  - Week 4 Day 1 09:30: 19.2g (morning_snack)
  - Week 4 Day 1 12:14: 210.1g (lunch)
  - Week 4 Day 1 16:50: 17.4g (afternoon_snack)
  - Week 4 Day 1 19:35: 85.7g (dinner)
  - Week 4 Day 2 06:42: 106.3g (breakfast)
  - Week 4 Day 2 09:47: 12.7g (morning_snack)
  - Week 4 Day 2 13:44: 238.4g (lunch)
  - Week 4 Day 2 15:15: 11.7g (afternoon_snack)
  - Week 4 Day 2 18:59: 117.6g (dinner)
  - Week 4 Day 3 06:19: 110.7g (breakfast)
  - Week 4 Day 3 09:38: 10.5g (morning_snack)
  - Week 4 Day 3 13:00: 204.4g (lunch)
  - Week 4 Day 3 16:33: 16.1g (afternoon_snack)
  - Week 4 Day 3 19:20: 100.6g (dinner)

Running Events (24 total):
 - Week 1 Day 1 06:22: Running avg speed 5.0 mph for 30 min
 - Week 1 Day 2 06:22: Running avg speed 5.0 mph for 30 min
 - Week 1 Day 3 06:22: Running avg speed 5.0 mph for 30 min
 - Week 1 Day 4 06:22: Running avg speed 5.0 mph for 30 min
 - Week 1 Day 5 06:22: Running avg speed 5.0 mph for 30 min
 - Week 1 Day 6 06:22: Running avg speed 5.0 mph for 30 min
 - Week 1 Day 7 06:22: Running avg speed 5.0 mph for 30 min
 - Week 2 Day 1 06:22: Running avg speed 5.0 mph for 30 min
 - Week 2 Day 2 06:22: Running avg speed 5.0 mph for 30 min
 - Week 2 Day 3 06:22: Running avg speed 5.0 mph for 30 min
 - Week 2 Day 4 06:22: Running avg speed 5.0 mph for 30 min
 - Week 2 Day 5 06:22: Running avg speed 5.0 mph for 30 min
 - Week 2 Day 6 06:22: Running avg speed 5.0 mph for 30 min
 - Week 2 Day 7 06:22: Running avg speed 5.0 mph for 30 min
 - Week 3 Day 1 06:22: Running avg speed 5.0 mph for 30 min
 - Week 3 Day 2 06:22: Running avg speed 5.0 mph for 30 min
 - Week 3 Day 3 06:22: Running avg speed 5.0 mph for 30 min
 - Week 3 Day 4 06:22: Running avg speed 5.0 mph for 30 min
 - Week 3 Day 5 06:22: Running avg speed 5.0 mph for 30 min
 - Week 3 Day 6 06:22: Running avg speed 5.0 mph for 30 min
 - Week 3 Day 7 06:22: Running avg speed 5.0 mph for 30 min
 - Week 4 Day 1 06:22: Running avg speed 5.0 mph for 30 min
 - Week 4 Day 2 06:22: Running avg speed 5.0 mph for 30 min
 - Week 4 Day 3 06:22: Running avg speed 5.0 mph for 30 min

Cycling Events (24 total):
  - Week 1 Day 1 16:49: Cycling avg power 90.0 for 20 min
  - Week 1 Day 2 16:36: Cycling avg power 90.0 for 20 min
  - Week 1 Day 3 16:41: Cycling avg power 90.0 for 20 min
  - Week 1 Day 4 16:37: Cycling avg power 90.0 for 20 min
  - Week 1 Day 5 17:55: Cycling avg power 90.0 for 20 min
  - Week 1 Day 6 16:48: Cycling avg power 90.0 for 20 min
  - Week 1 Day 7 17:18: Cycling avg power 90.0 for 20 min
  - Week 2 Day 1 17:47: Cycling avg power 90.0 for 20 min
  - Week 2 Day 2 17:09: Cycling avg power 90.0 for 20 min
  - Week 2 Day 3 17:32: Cycling avg power 90.0 for 20 min
  - Week 2 Day 4 17:13: Cycling avg power 90.0 for 20 min
  - Week 2 Day 5 17:32: Cycling avg power 90.0 for 20 min
  - Week 2 Day 6 17:45: Cycling avg power 90.0 for 20 min
  - Week 2 Day 7 16:48: Cycling avg power 90.0 for 20 min
  - Week 3 Day 1 17:11: Cycling avg power 90.0 for 20 min
  - Week 3 Day 2 17:11: Cycling avg power 90.0 for 20 min
  - Week 3 Day 3 16:35: Cycling avg power 90.0 for 20 min
  - Week 3 Day 4 16:20: Cycling avg power 90.0 for 20 min
  - Week 3 Day 5 17:09: Cycling avg power 90.0 for 20 min
  - Week 3 Day 6 17:40: Cycling avg power 90.0 for 20 min
  - Week 3 Day 7 17:06: Cycling avg power 90.0 for 20 min
  - Week 4 Day 1 17:12: Cycling avg power 90.0 for 20 min
  - Week 4 Day 2 17:53: Cycling avg power 90.0 for 20 min
  - Week 4 Day 3 17:58: Cycling avg power 90.0 for 20 min



Question: Given recent habits of having a heavy lunch (160-240) carbs, what is the most likely time of day the patient will experience a glucose spike tomorrow?

Instructions: Predict the time index assuming time is between 12AM to 12AM where index goes from 0 to 288 where time is sampled every 5 minutes

Expected Answer Type: integer

Example Answer: 141

Please analyze the data carefully and provide your answer as a **json object** in the exact format specified by the answer type. Be precise and base your response only on the data provided.

Conclude your analysis with: 
```json 
{"answer": your answer here}
```