You are a medical AI assistant analyzing diabetes management data. Based on the patient's health data, answer the following question accurately.

PATIENT DATA OVERVIEW:
This data represents a continuous glucose monitoring (CGM) session for a diabetes patient. The data includes:
- Blood glucose readings taken every 5 minutes, begining at Week 1, Day 1, 00:00 (normal range: 70-180 mg/dL)
- Carbohydrate intake events with timing and amounts
- Insulin delivery events (basal background insulin and bolus meal insulin)
- Physical activity events (running/cycling with duration and intensity)

The data may contain various artifacts, sensor issues, or abnormal patterns that need to be identified and analyzed.

Patient Health Data:

Blood Glucose Readings (mg/dL, every 5 minutes): 6624 readings
  Values: 108.0, 108.0, 108.0, 108.0, 108.0, 108.0, 108.0, 108.0, 108.0, 108.0, 108.0, 108.1, 108.1, 108.2, 108.3, 108.5, 108.6, 108.8, 109.0, 109.2, 109.4, 109.5, 109.7, 109.8, 109.9, 110.0, 110.0, 110.1, 110.1, 110.2, 110.2, 110.2, 110.2, 110.2, 110.2, 110.1, 110.1, 110.1, 110.1, 110.1, 110.1, 110.1, 110.0, 110.0, 110.0, 110.0, 110.0, 110.0, 110.0, 110.0, 110.0, 110.0, 110.0, 110.0, 110.0, 110.0, 110.0, 110.0, 110.0, 110.0, 110.0, 110.0, 110.0, 110.0, 110.0, 110.0, 110.0, 110.0, 110.0, 110.0, 110.0, 110.0, 110.0, 110.0, 110.0, 110.0, 110.0, 110.0, 107.5, 94.3, 74.9, 58.8, 47.2, 38.9, 33.8, 33.7, 40.0, 48.5, 56.6, 63.4, 69.0, 74.2, 79.6, 85.8, 92.9, 101.1, 110.2, 120.3, 131.1, 142.1, 153.0, 163.7, 173.9, 183.5, 192.3, 200.2, 207.1, 213.1, 218.1, 222.0, 224.9, 226.8, 227.9, 228.0, 227.3, 225.9, 223.8, 221.2, 218.0, 214.6, 211.5, 208.8, 206.5, 204.4, 202.1, 199.7, 197.0, 193.9, 190.7, 187.1, 183.4, 179.6, 175.7, 171.7, 167.7, 163.8, 159.8, 155.9, 152.1, 148.4, 144.8, 141.3, 137.9, 134.6, 131.5, 128.5, 125.5, 122.8, 120.1, 117.5, 115.1, 112.8, 110.5, 108.6, 107.0, 106.1, 105.8, 106.4, 107.7, 109.9, 113.0, 116.7, 121.0, 125.5, 130.2, 134.9, 139.4, 143.7, 147.8, 151.5, 154.8, 157.7, 160.1, 162.1, 163.6, 164.7, 165.2, 165.4, 165.1, 164.4, 163.4, 162.1, 160.4, 158.5, 156.3, 154.0, 151.5, 148.9, 146.1, 143.3, 140.3, 137.4, 134.4, 131.5, 128.5, 125.6, 123.0, 120.8, 119.2, 118.1, 117.2, 116.4, 115.6, 114.5, 110.3, 104.2, 97.8, 92.0, 89.3, 89.3, 90.1, 90.9, 91.5, 91.7, 91.5, 91.0, 90.3, 89.3, 88.3, 87.1, 85.9, 84.6, 83.4, 82.1, 80.8, 79.6, 78.4, 77.2, 76.1, 75.0, 73.9, 72.9, 71.9, 70.9, 70.0, 69.1, 68.4, 68.2, 68.6, 69.8, 72.0, 75.1, 79.1, 83.8, 88.9, 94.3, 99.8, 105.4, 110.9, 116.2, 121.3, 126.1, 130.6, 134.7, 138.4, 141.7, 144.6, 147.0, 148.9, 150.5, 151.5, 152.1, 152.4, 152.2, 151.6, 150.8, 149.6, 148.2, 146.5, 144.6, 142.6, 140.4, 138.1, 135.6, 133.2, 130.6, 128.1, 125.5, 122.9, 120.4, 117.8, 115.3, 112.9, 110.5, 108.2, 105.9, 103.7, 101.6, 99.5, 97.5, 95.6, 93.7, 91.9, 90.2, 88.5, 87.0, 85.5, 84.0, 82.7, 81.3, 80.1, 78.9, 77.8, 76.7, 75.7, 74.8, 73.9, 73.0, 72.2, 71.4, 70.7, 70.0, 69.4, 68.8, 68.2, 67.6, 67.1, 66.6, 66.1, 65.7, 65.2, 64.8, 64.4, 64.0, 63.6, 63.3, 62.9, 62.5, 62.2, 61.9, 61.5, 61.2, 60.9, 60.6, 60.3, 60.0, 59.8, 59.6, 59.4, 59.2, 59.1, 59.0, 58.9, 58.9, 59.0, 59.0, 59.1, 59.3, 59.5, 59.8, 60.2, 60.6, 61.1, 61.6, 62.2, 62.9, 63.7, 64.6, 65.5, 66.5, 67.6, 68.7, 69.9, 71.2, 72.7, 74.6, 75.2, 67.2, 55.7, 45.3, 37.8, 33.5, 34.0, 44.4, 60.9, 79.4, 97.3, 113.8, 128.6, 142.1, 154.5, 165.9, 176.1, 185.1, 192.7, 199.1, 204.1, 208.0, 210.7, 212.3, 212.9, 212.6, 211.5, 209.7, 207.3, 204.4, 201.0, 197.3, 193.3, 189.1, 184.7, 180.2, 175.6, 171.0, 166.3, 161.7, 157.1, 152.5, 148.0, 143.6, 139.3, 135.1, 131.0, 127.4, 124.7, 122.8, 121.3, 120.1, 119.0, 117.8, 116.6, 115.2, 113.7, 112.1, 110.4, 108.6, 106.9, 105.0, 103.2, 101.4, 99.6, 97.8, 96.1, 94.4, 92.8, 91.2, 89.7, 88.2, 86.8, 85.5, 84.2, 83.0, 81.9, 80.8, 79.8, 78.8, 77.9, 77.1, 76.3, 75.5, 74.9, 74.7, 74.9, 75.7, 77.1, 79.2, 82.1, 85.7, 90.0, 94.8, 100.0, 105.4, 110.8, 116.2, 121.5, 126.6, 131.4, 135.9, 140.1, 143.8, 147.2, 150.1, 152.5, 154.5, 156.1, 157.2, 158.3, 159.9, 161.8, 163.8, 165.6, 167.0, 168.0, 168.5, 168.5, 167.2, 160.9, 153.0, 144.8, 137.7, 135.6, 135.7, 136.3, 136.7, 136.7, 136.2, 135.2, 133.9, 132.2, 130.5, 128.5, 126.5, 124.5, 122.5, 120.5, 118.5, 116.6, 114.7, 112.9, 111.2, 109.5, 107.9, 106.3, 104.8, 103.4, 102.1, 100.8, 99.5, 98.4, 97.2, 96.2, 95.2, 94.2, 93.3, 92.4, 91.6, 90.8, 90.1, 89.7, 89.6, 90.0, 90.9, 92.2, 94.2, 96.7, 99.9, 103.6, 107.8, 112.6, 117.6, 122.8, 128.0, 133.0, 137.9, 142.6, 146.9, 150.8, 154.3, 157.4, 160.0, 162.2, 163.8, 165.0, 165.7, 165.9, 165.7, 165.1, 164.1, 162.8, 161.1, 159.2, 157.1, 154.7, 152.2, 149.6, 146.9, 144.1, 141.2, 138.3, 135.5, 132.6, 129.8, 127.0, 124.2, 121.5, 118.9, 116.3, 113.8, 111.4, 109.0, 106.8, 104.6, 102.5, 100.5, 98.5, 96.7, 94.9, 93.2, 91.6, 90.0, 88.5, 87.1, 85.7, 84.5, 83.2, 82.1, 81.0, 79.9, 79.0, 78.0, 77.2, 76.3, 75.6, 74.8, 74.2, 73.5, 72.9, 72.4, 71.9, 71.4, 70.9, 70.5, 70.1, 69.8, 69.5, 69.2, 69.0, 68.8, 68.7, 68.6, 68.6, 68.6, 68.7, 68.8, 69.0, 69.2, 69.4, 69.7, 70.1, 70.5, 70.9, 71.4, 72.0, 72.6, 73.2, 73.9, 74.6, 75.4, 76.2, 77.1, 78.0, 78.9, 79.9, 80.9, 82.0, 83.1, 84.3, 85.5, 86.8, 88.1, 89.5, 90.9, 92.3, 93.9, 93.2, 83.0, 68.2, 54.1, 43.9, 36.5, 33.3, 40.4, 54.5, 71.7, 89.4, 106.6, 123.0, 138.7, 153.6, 167.9, 181.1, 193.1, 203.7, 212.9, 220.7, 227.1, 232.2, 235.9, 238.4, 239.8, 240.0, 239.4, 237.9, 235.6, 232.7, 229.1, 225.2, 220.8, 216.0, 211.1, 205.9, 200.6, 195.2, 189.8, 184.4, 179.0, 173.7, 168.5, 163.3, 158.3, 153.4, 148.7, 144.5, 141.3, 138.9, 137.1, 135.5, 134.0, 132.5, 130.9, 129.2, 127.3, 125.4, 123.4, 121.3, 119.2, 117.1, 115.0, 112.9, 110.8, 108.8, 106.8, 104.9, 103.1, 101.3, 99.6, 97.9, 96.4, 94.9, 93.4, 92.1, 90.8, 89.6, 88.4, 87.3, 86.3, 85.3, 84.4, 83.6, 82.8, 82.0, 81.3, 80.7, 80.1, 79.6, 79.2, 79.3, 80.0, 81.5, 83.9, 87.2, 91.5, 96.4, 101.8, 107.5, 113.4, 119.3, 125.1, 130.8, 136.3, 141.5, 146.3, 150.7, 154.7, 158.1, 161.1, 163.6, 165.6, 167.1, 168.1, 168.7, 168.7, 168.4, 168.2, 168.3, 168.6, 168.8, 168.7, 167.5, 161.9, 154.2, 146.3, 139.1, 136.3, 135.9, 136.1, 136.3, 136.1, 135.4, 134.2, 132.6, 130.8, 128.7, 126.5, 124.2, 122.0, 120.0, 118.4, 117.2, 116.6, 116.5, 117.1, 118.2, 119.9, 122.3, 125.1, 128.4, 131.9, 135.5, 139.1, 142.5, 145.7, 148.6, 151.1, 153.3, 155.1, 156.4, 157.4, 157.9, 158.0, 157.8, 157.2, 156.3, 155.1, 153.7, 152.0, 150.1, 148.1, 145.9, 143.6, 141.2, 138.7, 136.1, 133.6, 130.9, 128.3, 125.7, 123.1, 120.5, 117.9, 115.4, 112.9, 110.4, 108.0, 105.7, 103.4, 101.2, 99.1, 97.0, 95.0, 93.1, 91.2, 89.4, 87.7, 86.1, 84.5, 83.0, 81.6, 80.2, 78.9, 77.7, 76.5, 75.4, 74.3, 73.3, 72.3, 71.4, 70.5, 69.7, 68.9, 68.2, 67.5, 66.8, 66.1, 65.4, 64.8, 64.1, 63.5, 62.9, 62.2, 61.6, 60.9, 60.2, 59.5, 58.9, 58.2, 57.5, 56.8, 56.1, 55.4, 54.8, 54.1, 53.5, 53.0, 52.4, 51.9, 51.4, 51.0, 50.5, 50.1, 49.8, 49.5, 49.2, 48.9, 48.6, 48.4, 48.2, 48.1, 48.0, 48.0, 48.0, 48.0, 48.1, 48.2, 48.4, 48.6, 48.9, 49.2, 49.5, 49.9, 50.4, 50.8, 51.3, 51.9, 52.5, 53.2, 53.8, 54.6, 55.4, 56.2, 57.1, 58.1, 59.1, 60.2, 61.4, 62.6, 64.0, 65.4, 66.9, 68.4, 70.0, 71.7, 71.3, 61.3, 49.2, 40.3, 34.0, 29.5, 27.3, 31.2, 41.1, 52.8, 64.1, 73.9, 82.2, 89.6, 96.7, 104.0, 111.6, 119.7, 128.4, 137.8, 148.0, 158.9, 170.5, 182.7, 195.1, 207.4, 219.3, 230.4, 240.5, 249.5, 257.4, 263.9, 269.0, 272.9, 275.4, 276.7, 276.8, 275.9, 274.0, 271.2, 267.7, 263.6, 258.9, 253.7, 248.2, 242.5, 236.5, 230.4, 224.3, 218.3, 212.7, 208.0, 203.9, 200.0, 196.3, 192.6, 188.8, 185.1, 181.3, 177.5, 173.7, 169.9, 166.1, 162.4, 158.7, 155.1, 151.6, 148.2, 144.9, 141.7, 138.6, 135.6, 132.7, 130.0, 127.3, 124.7, 122.3, 119.9, 117.7, 115.7, 114.1, 113.0, 112.5, 112.7, 113.7, 115.4, 117.8, 121.0, 125.0, 129.4, 134.3, 139.3, 144.2, 149.1, 153.7, 158.0, 161.9, 165.4, 168.3, 170.8, 172.8, 174.2, 175.2, 175.6, 175.6, 175.1, 174.2, 172.9, 171.2, 169.3, 167.4, 165.8, 164.5, 163.6, 162.8, 161.9, 160.8, 159.4, 157.9, 156.1, 154.1, 151.9, 149.6, 147.2, 144.4, 138.7, 131.1, 123.3, 116.2, 112.4, 111.2, 111.0, 110.9, 110.6, 110.0, 109.1, 107.9, 106.6, 105.0, 103.4, 101.7, 100.0, 98.2, 96.5, 94.8, 93.1, 91.5, 89.8, 88.3, 86.7, 85.3, 83.8, 82.6, 81.6, 81.0, 80.9, 81.3, 82.3, 83.9, 86.0, 88.9, 92.3, 96.2, 100.4, 104.8, 109.3, 113.7, 118.1, 122.3, 126.2, 129.9, 133.3, 136.3, 139.0, 141.3, 143.3, 144.8, 146.0, 146.8, 147.3, 147.4, 147.2, 146.7, 145.9, 144.9, 143.7, 142.3, 140.7, 139.0, 137.2, 135.3, 133.3, 131.2, 129.2, 127.1, 125.0, 122.9, 120.8, 118.7, 116.7, 114.7, 112.8, 110.9, 109.0, 107.2, 105.5, 103.8, 102.1, 100.6, 99.0, 97.6, 96.2, 94.8, 93.6, 92.3, 91.2, 90.0, 89.0, 88.0, 87.0, 86.1, 85.3, 84.5, 83.7, 83.0, 82.3, 81.7, 81.1, 80.5, 80.0, 79.6, 79.2, 78.8, 78.4, 78.1, 77.8, 77.6, 77.4, 77.3, 77.2, 77.1, 77.1, 77.2, 77.3, 77.5, 77.7, 77.9, 78.2, 78.6, 79.0, 79.4, 79.9, 80.4, 81.0, 81.6, 82.3, 83.0, 83.8, 84.6, 85.5, 86.4, 87.4, 88.4, 89.4, 90.5, 91.7, 92.9, 94.1, 95.4, 96.8, 98.2, 99.6, 101.0, 102.5, 103.9, 105.3, 106.6, 107.8, 108.9, 109.9, 110.8, 111.5, 112.2, 112.7, 113.1, 113.3, 113.5, 113.6, 111.3, 99.0, 81.3, 63.7, 50.7, 41.5, 35.7, 35.0, 40.2, 46.8, 52.9, 57.6, 61.2, 64.2, 67.3, 70.6, 74.3, 78.5, 83.1, 88.4, 94.4, 101.0, 108.3, 116.0, 124.0, 131.9, 139.7, 147.2, 154.2, 160.7, 166.7, 171.9, 176.5, 180.4, 183.5, 185.9, 187.7, 188.7, 189.1, 189.0, 188.2, 186.9, 185.2, 183.1, 180.6, 177.8, 174.9, 171.7, 168.7, 166.0, 163.8, 161.8, 159.9, 157.9, 155.9, 153.7, 151.4, 148.9, 146.4, 143.8, 141.2, 138.5, 135.8, 133.2, 130.6, 128.0, 125.5, 123.0, 120.6, 118.3, 116.1, 113.9, 111.9, 109.9, 108.0, 106.2, 104.4, 102.8, 101.2, 99.7, 98.3, 97.0, 95.7, 94.5, 93.3, 92.2, 91.2, 90.4, 89.9, 90.1, 90.9, 92.6, 95.2, 98.7, 103.1, 108.3, 114.1, 120.2, 126.5, 132.8, 139.0, 144.9, 150.6, 155.8, 160.6, 165.0, 168.8, 172.1, 174.8, 177.0, 178.6, 179.7, 180.2, 180.3, 179.9, 179.0, 177.7, 176.1, 174.1, 171.8, 169.3, 166.6, 163.8, 161.2, 159.1, 157.5, 156.2, 154.4, 148.1, 140.7, 133.3, 126.8, 124.8, 124.7, 125.1, 125.3, 125.0, 124.4, 123.3, 121.9, 120.3, 118.5, 116.6, 114.7, 112.7, 110.7, 108.8, 107.0, 105.7, 105.0, 105.0, 105.8, 107.5, 110.1, 113.6, 117.5, 121.8, 126.3, 130.9, 135.3, 139.6, 143.7, 147.5, 151.0, 154.0, 156.7, 158.9, 160.7, 162.0, 163.0, 163.4, 163.5, 163.2, 162.5, 161.4, 160.1, 158.4, 156.5, 154.4, 152.1, 149.7, 147.1, 144.4, 141.7, 138.8, 136.0, 133.1, 130.2, 127.4, 124.5, 121.8, 119.0, 116.3, 113.7, 111.1, 108.7, 106.3, 103.9, 101.7, 99.5, 97.4, 95.4, 93.5, 91.6, 89.9, 88.2, 86.5, 85.0, 83.5, 82.1, 80.8, 79.5, 78.3, 77.1, 76.1, 75.0, 74.1, 73.1, 72.3, 71.4, 70.7, 69.9, 69.2, 68.6, 67.9, 67.3, 66.8, 66.2, 65.7, 65.2, 64.7, 64.2, 63.7, 63.3, 62.8, 62.4, 61.9, 61.5, 61.0, 60.6, 60.1, 59.7, 59.2, 58.8, 58.4, 57.9, 57.5, 57.1, 56.8, 56.4, 56.0, 55.7, 55.4, 55.1, 54.9, 54.7, 54.5, 54.4, 54.3, 54.2, 54.2, 54.3, 54.4, 54.5, 54.7, 55.0, 55.2, 55.6, 56.0, 56.4, 56.9, 57.5, 58.1, 58.8, 59.5, 60.3, 61.3, 62.2, 63.3, 64.5, 65.7, 67.0, 68.3, 69.8, 71.3, 72.8, 74.4, 76.1, 75.6, 65.7, 52.5, 42.7, 35.7, 30.7, 28.2, 31.9, 41.5, 53.0, 64.3, 74.9, 84.8, 94.6, 104.9, 115.7, 127.2, 139.2, 151.5, 163.8, 175.8, 187.3, 198.1, 208.0, 217.0, 224.9, 231.6, 237.3, 241.7, 244.9, 247.0, 248.0, 247.9, 246.9, 245.1, 242.5, 239.3, 235.5, 231.6, 227.9, 224.4, 221.1, 217.7, 214.1, 210.4, 206.4, 202.2, 197.8, 193.4, 188.8, 184.2, 179.7, 175.1, 170.6, 166.2, 161.9, 157.6, 153.5, 149.6, 145.7, 142.0, 138.5, 135.0, 131.8, 128.7, 125.7, 122.8, 120.1, 117.5, 115.0, 112.7, 110.5, 108.4, 106.4, 104.5, 102.6, 100.9, 99.3, 97.8, 96.5, 95.6, 95.2, 95.5, 96.6, 98.4, 101.1, 104.6, 108.8, 113.5, 118.6, 123.8, 129.0, 134.2, 139.2, 143.9, 148.3, 152.3, 155.9, 159.1, 161.8, 164.1, 165.8, 167.1, 167.8, 168.1, 168.0, 167.5, 166.9, 166.4, 166.1, 165.9, 165.4, 164.7, 163.6, 162.3, 160.6, 158.7, 156.6, 154.2, 151.7, 149.0, 146.3, 143.4, 140.6, 137.7, 134.9, 131.6, 124.4, 116.1, 107.9, 100.7, 97.8, 97.2, 97.2, 97.4, 97.3, 97.0, 96.3, 95.5, 94.4, 93.3, 92.0, 90.8, 89.5, 88.3, 87.0, 85.9, 84.7, 83.6, 82.5, 81.5, 80.6, 79.7, 78.8, 78.1, 77.5, 77.2, 77.6, 78.5, 80.2, 82.7, 86.1, 90.2, 94.9, 99.9, 105.2, 110.5, 115.9, 121.1, 126.2, 131.0, 135.5, 139.8, 143.6, 147.1, 150.1, 152.7, 154.9, 156.6, 157.9, 158.8, 159.2, 159.2, 158.8, 158.0, 156.9, 155.6, 153.9, 152.1, 150.0, 147.8, 145.4, 143.0, 140.4, 137.8, 135.2, 132.5, 129.8, 127.2, 124.5, 121.9, 119.3, 116.8, 114.4, 112.0, 109.6, 107.4, 105.2, 103.1, 101.0, 99.0, 97.1, 95.3, 93.6, 91.9, 90.3, 88.7, 87.3, 85.8, 84.5, 83.2, 82.0, 80.9, 79.8, 78.7, 77.8, 76.8, 76.0, 75.1, 74.4, 73.6, 73.0, 72.3, 71.7, 71.1, 70.6, 70.1, 69.7, 69.2, 68.8, 68.5, 68.1, 67.8, 67.5, 67.3, 67.1, 66.9, 66.8, 66.7, 66.7, 66.7, 66.8, 66.9, 67.1, 67.3, 67.6, 67.9, 68.2, 68.7, 69.1, 69.6, 70.2, 70.8, 71.5, 72.2, 72.9, 73.7, 74.6, 75.4, 76.4, 77.3, 78.3, 79.4, 80.5, 81.7, 82.8, 84.1, 85.4, 86.7, 88.1, 89.5, 91.0, 92.6, 94.1, 95.8, 97.4, 99.1, 100.8, 100.1, 89.6, 73.8, 58.2, 46.8, 38.6, 34.6, 40.9, 54.2, 70.4, 86.5, 101.6, 115.2, 127.6, 139.0, 149.4, 158.6, 166.6, 173.1, 178.4, 182.4, 185.2, 187.0, 187.9, 188.0, 187.3, 186.0, 184.2, 181.9, 179.2, 176.3, 173.0, 169.6, 166.1, 162.4, 158.7, 155.0, 151.2, 147.5, 143.8, 140.2, 136.6, 133.2, 129.8, 126.5, 123.3, 120.3, 117.3, 114.8, 113.0, 112.0, 111.3, 110.9, 110.5, 110.1, 109.5, 108.9, 108.2, 107.4, 106.5, 105.5, 104.5, 103.4, 102.3, 101.2, 100.1, 99.0, 97.9, 96.9, 95.9, 94.9, 94.0, 93.1, 92.2, 91.4, 90.6, 89.9, 89.2, 88.6, 88.0, 87.5, 87.0, 86.5, 86.3, 86.6, 87.5, 89.3, 92.1, 96.0, 101.1, 107.3, 114.5, 122.4, 130.9, 139.5, 148.2, 156.7, 164.9, 172.7, 180.0, 186.7, 192.8, 198.1, 202.7, 206.6, 209.7, 212.1, 213.8, 214.9, 215.6, 216.4, 216.9, 217.1, 216.8, 215.8, 214.3, 212.3, 209.8, 206.8, 203.4, 199.8, 195.2, 186.3, 175.8, 165.3, 155.8, 150.8, 148.2, 146.5, 144.9, 143.0, 140.8, 138.3, 135.6, 132.7, 129.8, 126.8, 123.8, 120.9, 118.0, 115.2, 112.5, 109.9, 107.3, 105.0, 102.8, 100.9, 99.6, 98.8, 98.7, 99.2, 100.3, 102.2, 104.6, 107.4, 110.5, 113.8, 117.0, 120.3, 123.4, 126.3, 129.1, 131.6, 133.8, 135.8, 137.4, 138.7, 139.7, 140.4, 140.8, 140.9, 140.8, 140.4, 139.7, 138.9, 137.9, 136.7, 135.4, 134.0, 132.5, 130.9, 129.3, 127.6, 125.9, 124.2, 122.4, 120.7, 118.9, 117.2, 115.5, 113.8, 112.2, 110.6, 109.0, 107.5, 106.1, 104.7, 103.3, 102.0, 100.7, 99.5, 98.3, 97.2, 96.1, 95.1, 94.2, 93.2, 92.4, 91.5, 90.8, 90.0, 89.3, 88.7, 88.1, 87.5, 87.0, 86.5, 86.1, 85.7, 85.3, 85.0, 84.7, 84.4, 84.3, 84.1, 84.0, 84.0, 84.0, 84.1, 84.2, 84.4, 84.6, 84.9, 85.2, 85.6, 86.0, 86.5, 87.0, 87.6, 88.2, 88.9, 89.6, 90.3, 91.1, 92.0, 92.9, 93.8, 94.8, 95.8, 96.9, 98.0, 99.2, 100.4, 101.6, 102.9, 104.1, 105.3, 106.5, 107.6, 108.6, 109.5, 110.3, 111.0, 111.6, 112.1, 112.5, 112.8, 112.9, 113.0, 113.1, 113.0, 112.9, 112.8, 112.6, 112.4, 112.1, 111.8, 111.5, 111.2, 110.9, 110.6, 110.2, 109.9, 109.6, 109.3, 108.9, 108.6, 108.3, 105.7, 93.1, 75.3, 59.1, 47.4, 39.1, 33.9, 33.5, 38.9, 45.7, 51.9, 56.9, 60.8, 64.0, 66.9, 69.5, 71.8, 73.8, 75.4, 76.7, 77.7, 78.8, 80.3, 82.2, 84.8, 88.1, 92.4, 97.4, 103.4, 110.3, 117.9, 125.9, 134.3, 142.6, 150.8, 158.6, 166.0, 172.8, 178.9, 184.3, 189.2, 193.9, 198.5, 202.9, 206.9, 210.2, 212.8, 214.4, 215.2, 215.2, 214.4, 212.9, 210.8, 208.2, 205.1, 201.7, 198.1, 194.2, 190.2, 186.0, 181.9, 177.7, 173.5, 169.4, 165.3, 161.3, 157.4, 153.6, 149.9, 146.3, 142.9, 139.5, 136.3, 133.2, 130.2, 127.4, 124.7, 122.1, 119.7, 117.9, 116.6, 116.2, 116.6, 118.0, 120.2, 123.3, 126.9, 130.8, 134.9, 139.1, 143.1, 146.9, 150.4, 153.6, 156.4, 158.8, 160.8, 162.3, 163.3, 163.9, 164.1, 163.9, 163.3, 162.3, 161.1, 159.9, 159.0, 158.1, 157.1, 155.9, 154.6, 153.0, 151.3, 149.3, 147.2, 145.0, 142.7, 140.3, 137.9, 134.9, 127.8, 119.7, 111.9, 105.1, 102.8, 102.5, 102.7, 102.9, 102.8, 102.4, 101.7, 100.8, 99.7, 98.5, 97.3, 96.0, 94.7, 93.5, 92.2, 91.0, 89.9, 88.8, 87.7, 86.7, 85.7, 84.8, 83.9, 83.1, 82.3, 81.6, 80.9, 80.2, 79.6, 79.2, 79.1, 79.5, 80.6, 82.4, 85.0, 88.4, 92.7, 97.8, 103.7, 110.1, 116.8, 123.7, 130.5, 137.2, 143.7, 149.9, 155.7, 161.0, 165.9, 170.2, 173.9, 177.1, 179.7, 181.7, 183.2, 184.0, 184.3, 184.1, 183.4, 182.2, 180.6, 178.7, 176.4, 173.8, 171.0, 168.0, 164.9, 161.6, 158.3, 154.8, 151.4, 147.9, 144.5, 141.1, 137.7, 134.3, 131.1, 127.9, 124.8, 121.8, 118.9, 116.1, 113.4, 110.7, 108.2, 105.8, 103.5, 101.2, 99.1, 97.1, 95.1, 93.3, 91.5, 89.8, 88.2, 86.6, 85.2, 83.8, 82.5, 81.2, 80.0, 78.9, 77.9, 76.9, 75.9, 75.1, 74.2, 73.4, 72.7, 72.0, 71.4, 70.8, 70.2, 69.7, 69.2, 68.7, 68.3, 67.9, 67.5, 67.2, 66.9, 66.6, 66.3, 66.1, 65.8, 65.7, 65.5, 65.5, 65.4, 65.4, 65.5, 65.6, 65.7, 65.9, 66.1, 66.4, 66.8, 67.2, 67.7, 68.2, 68.7, 69.4, 70.0, 70.7, 71.5, 72.3, 73.2, 74.1, 75.0, 76.0, 77.1, 78.1, 79.3, 80.4, 81.6, 82.9, 84.2, 85.6, 87.0, 88.5, 90.0, 91.5, 93.3, 95.4, 95.9, 87.4, 74.7, 62.3, 52.7, 46.3, 45.0, 54.4, 70.8, 89.9, 108.9, 126.6, 142.6, 157.2, 170.6, 182.9, 193.9, 203.5, 211.6, 218.2, 223.4, 227.2, 229.7, 231.1, 231.3, 230.6, 229.1, 226.8, 223.8, 220.4, 216.4, 212.2, 207.7, 203.4, 199.4, 195.7, 192.2, 188.6, 184.9, 181.1, 177.2, 173.2, 169.1, 164.9, 160.7, 156.6, 152.4, 148.3, 144.3, 140.4, 136.6, 132.9, 129.3, 125.9, 122.5, 119.4, 116.3, 113.4, 110.6, 107.9, 105.4, 102.9, 100.6, 98.4, 96.4, 94.4, 92.5, 90.7, 89.0, 87.4, 85.9, 84.4, 83.1, 81.8, 80.6, 79.5, 78.4, 77.4, 76.4, 75.5, 74.7, 73.9, 73.2, 72.5, 72.0, 71.9, 72.3, 73.4, 75.3, 78.0, 81.5, 85.8, 90.8, 96.1, 101.7, 107.4, 113.1, 118.7, 124.1, 129.3, 134.2, 138.7, 142.7, 146.4, 149.6, 152.3, 154.5, 156.3, 157.9, 159.8, 162.0, 164.1, 166.0, 167.4, 168.3, 168.7, 168.5, 168.0, 166.9, 165.5, 163.8, 161.8, 159.6, 157.2, 154.7, 152.1, 149.4, 146.6, 143.9, 141.1, 138.4, 135.2, 128.9, 120.5, 112.0, 104.3, 100.2, 99.3, 99.5, 100.1, 100.4, 100.4, 100.1, 99.6, 98.8, 97.8, 96.7, 95.6, 94.4, 93.3, 92.1, 90.9, 89.8, 88.8, 88.1, 87.7, 87.8, 88.4, 89.6, 91.4, 93.7, 96.7, 100.3, 104.3, 108.7, 113.2, 117.8, 122.4, 126.8, 131.0, 135.0, 138.6, 141.9, 144.8, 147.3, 149.4, 151.1, 152.4, 153.2, 153.7, 153.8, 153.5, 152.9, 151.9, 150.7, 149.3, 147.7, 145.9, 143.9, 141.9, 139.7, 137.5, 135.2, 132.9, 130.5, 128.2, 125.9, 123.6, 121.3, 119.0, 116.8, 114.7, 112.6, 110.6, 108.6, 106.7, 104.8, 103.0, 101.3, 99.6, 98.1, 96.5, 95.1, 93.7, 92.3, 91.1, 89.8, 88.7, 87.6, 86.5, 85.5, 84.6, 83.7, 82.9, 82.1, 81.3, 80.6, 80.0, 79.4, 78.8, 78.3, 77.8, 77.4, 76.9, 76.6, 76.2, 76.0, 75.7, 75.5, 75.4, 75.3, 75.3, 75.3, 75.4, 75.5, 75.7, 75.9, 76.2, 76.5, 76.9, 77.3, 77.7, 78.2, 78.7, 79.3, 80.0, 80.6, 81.4, 82.1, 82.9, 83.8, 84.7, 85.7, 86.7, 87.8, 88.9, 90.0, 91.2, 92.5, 93.8, 95.1, 96.5, 97.9, 99.4, 100.9, 102.4, 103.8, 105.3, 106.6, 107.8, 109.0, 110.0, 110.9, 111.7, 112.3, 112.8, 113.2, 113.4, 111.3, 99.0, 81.3, 63.6, 50.7, 41.4, 36.3, 40.2, 51.0, 64.7, 79.1, 93.3, 106.8, 119.9, 132.6, 144.7, 155.9, 166.2, 175.2, 183.1, 189.8, 195.4, 199.8, 203.2, 205.6, 207.0, 207.6, 207.4, 206.5, 204.9, 202.8, 200.2, 197.1, 193.7, 190.0, 186.1, 182.0, 177.8, 173.5, 169.1, 164.7, 160.3, 156.0, 151.7, 147.4, 143.3, 139.2, 135.3, 131.7, 128.4, 125.7, 123.4, 121.4, 119.6, 117.7, 115.9, 114.1, 112.3, 110.4, 108.5, 106.7, 104.8, 103.0, 101.2, 99.4, 97.7, 96.0, 94.3, 92.8, 91.3, 89.8, 88.4, 87.1, 85.8, 84.6, 83.5, 82.4, 81.4, 80.4, 79.5, 78.7, 77.9, 77.1, 76.4, 75.8, 75.2, 74.8, 74.7, 75.1, 76.2, 78.0, 80.6, 84.1, 88.4, 93.5, 99.1, 105.1, 111.3, 117.6, 123.8, 130.0, 135.8, 141.4, 146.6, 151.5, 155.8, 159.7, 163.1, 166.0, 168.3, 170.2, 171.5, 172.4, 172.7, 172.6, 172.1, 171.1, 169.8, 168.5, 167.4, 166.7, 166.5, 166.3, 166.0, 165.4, 164.6, 163.5, 162.0, 160.3, 158.4, 156.3, 153.4, 146.0, 137.4, 128.9, 121.5, 118.8, 118.3, 118.4, 118.5, 118.3, 117.7, 116.8, 115.6, 114.2, 112.6, 111.0, 109.3, 107.6, 105.9, 104.3, 102.6, 101.0, 99.6, 98.5, 97.8, 97.7, 98.2, 99.4, 101.2, 103.8, 107.0, 110.9, 115.4, 120.2, 125.2, 130.2, 135.2, 139.9, 144.5, 148.6, 152.5, 155.9, 158.9, 161.4, 163.4, 165.0, 166.1, 166.7, 166.9, 166.7, 166.0, 165.1, 163.7, 162.1, 160.3, 158.2, 155.9, 153.5, 150.9, 148.3, 145.6, 142.8, 140.0, 137.2, 134.4, 131.7, 128.9, 126.2, 123.6, 121.0, 118.5, 116.0, 113.7, 111.4, 109.1, 107.0, 104.9, 102.9, 101.0, 99.2, 97.4, 95.7, 94.1, 92.6, 91.1, 89.7, 88.4, 87.1, 85.9, 84.7, 83.7, 82.6, 81.7, 80.7, 79.9, 79.1, 78.3, 77.5, 76.8, 76.2, 75.5, 75.0, 74.4, 73.8, 73.3, 72.8, 72.4, 71.9, 71.5, 71.1, 70.7, 70.3, 69.9, 69.5, 69.1, 68.7, 68.3, 67.9, 67.5, 67.1, 66.7, 66.3, 65.9, 65.5, 65.1, 64.6, 64.2, 63.7, 63.3, 62.8, 62.3, 61.7, 61.2, 60.6, 60.0, 59.4, 58.7, 58.1, 57.4, 56.7, 55.9, 55.2, 54.4, 53.7, 52.9, 52.1, 51.4, 50.6, 49.8, 49.1, 48.3, 47.6, 46.8, 46.1, 45.3, 44.6, 43.9, 41.6, 34.9, 30.1, 26.7, 24.2, 22.5, 21.6, 22.8, 27.9, 33.4, 38.1, 41.5, 44.1, 46.1, 47.9, 49.6, 51.3, 53.2, 55.4, 58.1, 61.4, 65.4, 70.1, 75.8, 82.3, 89.6, 97.4, 105.6, 113.9, 122.1, 130.3, 138.1, 145.6, 152.6, 159.1, 165.0, 170.3, 174.9, 179.2, 183.4, 187.7, 191.7, 195.2, 198.0, 200.1, 201.3, 201.8, 201.6, 200.6, 199.1, 197.0, 194.6, 191.7, 188.5, 185.1, 181.5, 177.8, 174.0, 170.1, 166.2, 162.3, 158.5, 154.7, 150.9, 147.3, 143.7, 140.2, 136.8, 133.6, 130.4, 127.4, 124.4, 121.6, 118.9, 116.4, 113.9, 111.5, 109.2, 107.1, 105.2, 103.8, 103.0, 103.0, 103.9, 105.7, 108.4, 111.9, 115.9, 120.3, 124.9, 129.5, 134.1, 138.4, 142.5, 146.3, 149.7, 152.7, 155.2, 157.4, 159.0, 160.3, 161.0, 161.4, 161.3, 160.8, 160.0, 158.8, 157.4, 155.6, 153.7, 151.5, 149.2, 146.8, 144.3, 141.6, 138.9, 136.2, 133.5, 130.7, 128.0, 125.3, 122.7, 120.0, 117.5, 115.2, 113.4, 112.0, 111.1, 110.1, 105.1, 99.2, 93.5, 88.5, 87.8, 88.9, 90.3, 91.5, 92.3, 92.7, 92.7, 92.3, 91.7, 91.0, 90.0, 88.9, 87.8, 86.6, 85.4, 84.2, 82.9, 81.7, 80.5, 79.3, 78.2, 77.1, 76.1, 75.3, 74.8, 74.7, 75.0, 75.7, 76.9, 78.6, 80.8, 83.5, 86.6, 90.2, 94.2, 98.4, 102.8, 107.1, 111.5, 115.6, 119.7, 123.4, 127.0, 130.2, 133.1, 135.7, 137.9, 139.8, 141.3, 142.4, 143.1, 143.6, 143.7, 143.4, 143.0, 142.2, 141.2, 140.1, 138.7, 137.2, 135.6, 133.8, 132.0, 130.1, 128.2, 126.2, 124.2, 122.2, 120.2, 118.3, 116.3, 114.4, 112.5, 110.6, 108.8, 107.0, 105.3, 103.6, 101.9, 100.3, 98.7, 97.2, 95.7, 94.3, 92.9, 91.6, 90.3, 89.1, 87.9, 86.8, 85.7, 84.6, 83.6, 82.7, 81.8, 80.9, 80.1, 79.3, 78.6, 77.9, 77.3, 76.7, 76.1, 75.6, 75.1, 74.7, 74.2, 73.9, 73.5, 73.2, 72.9, 72.7, 72.5, 72.4, 72.3, 72.2, 72.2, 72.3, 72.4, 72.6, 72.8, 73.0, 73.3, 73.6, 74.0, 74.4, 74.9, 75.4, 75.9, 76.5, 77.2, 77.9, 78.6, 79.3, 80.2, 81.0, 81.9, 82.9, 83.9, 84.9, 86.0, 87.1, 88.3, 89.5, 90.8, 92.1, 93.5, 94.9, 96.4, 97.9, 99.5, 101.0, 102.6, 104.1, 105.5, 104.6, 93.8, 77.4, 60.9, 48.7, 40.0, 34.8, 35.3, 41.7, 49.6, 56.9, 62.8, 67.3, 71.0, 74.1, 77.1, 80.0, 83.2, 86.9, 91.3, 96.5, 102.7, 109.9, 118.2, 127.5, 137.3, 147.5, 157.6, 167.5, 176.9, 185.7, 193.7, 201.0, 207.4, 212.8, 217.4, 221.1, 223.8, 225.7, 226.7, 226.9, 226.7, 226.7, 226.9, 227.0, 226.7, 226.0, 224.6, 222.7, 220.3, 217.3, 214.0, 210.2, 206.2, 202.0, 197.7, 193.2, 188.7, 184.2, 179.7, 175.3, 171.0, 166.7, 162.6, 158.5, 154.6, 150.8, 147.2, 143.7, 140.3, 137.1, 134.0, 131.0, 128.2, 125.5, 122.9, 120.4, 118.1, 115.9, 113.8, 111.8, 109.9, 108.0, 106.3, 104.7, 103.2, 101.7, 100.4, 99.1, 97.9, 96.7, 95.8, 95.0, 94.7, 94.7, 95.2, 96.3, 97.9, 100.0, 102.7, 106.0, 109.7, 113.9, 118.3, 122.8, 127.4, 131.8, 136.0, 140.0, 143.7, 147.1, 150.0, 152.6, 154.7, 156.4, 157.6, 158.4, 158.8, 158.9, 158.6, 158.4, 158.2, 158.1, 157.9, 157.4, 156.8, 155.8, 154.6, 153.1, 151.4, 149.5, 147.4, 145.2, 143.0, 140.6, 138.2, 135.1, 127.7, 119.2, 110.9, 103.9, 101.9, 101.9, 102.4, 102.9, 103.5, 104.3, 105.6, 107.4, 109.9, 113.1, 116.7, 120.5, 124.5, 128.5, 132.4, 136.1, 139.6, 142.8, 145.6, 148.0, 150.1, 151.7, 152.9, 153.8, 154.2, 154.2, 153.9, 153.3, 152.3, 151.1, 149.7, 148.0, 146.2, 144.2, 142.0, 139.8, 137.5, 135.2, 132.8, 130.4, 127.9, 125.5, 123.1, 120.7, 118.4, 116.1, 113.9, 111.7, 109.6, 107.5, 105.5, 103.6, 101.7, 99.9, 98.2, 96.5, 94.9, 93.4, 91.9, 90.5, 89.2, 87.9, 86.7, 85.5, 84.4, 83.4, 82.4, 81.5, 80.6, 79.8, 79.0, 78.3, 77.6, 76.9, 76.4, 75.8, 75.3, 74.8, 74.4, 74.0, 73.6, 73.3, 73.0, 72.8, 72.5, 72.3, 72.2, 72.1, 72.0, 72.0, 72.1, 72.2, 72.3, 72.5, 72.7, 73.0, 73.3, 73.7, 74.1, 74.6, 75.1, 75.6, 76.2, 76.9, 77.6, 78.3, 79.1, 79.9, 80.7, 81.7, 82.6, 83.6, 84.7, 85.8, 86.9, 88.1, 89.3, 90.6, 92.0, 93.4, 94.8, 96.3, 97.8, 99.4, 100.9, 102.5, 104.0, 105.5, 106.9, 108.2, 109.4, 110.4, 111.4, 112.2, 112.8, 113.3, 113.7, 113.9, 114.1, 114.1, 114.1, 113.9, 113.7, 113.5, 113.1, 112.8, 112.4, 109.6, 96.7, 78.4, 61.4, 49.1, 40.3, 34.8, 34.1, 39.3, 46.0, 52.2, 57.4, 61.8, 66.2, 71.1, 76.9, 83.5, 90.9, 99.0, 107.6, 116.4, 125.2, 133.9, 142.3, 150.3, 157.8, 164.7, 171.0, 176.6, 181.5, 185.6, 189.0, 191.6, 193.5, 194.6, 195.1, 194.9, 194.2, 192.9, 191.1, 188.9, 186.3, 183.5, 180.3, 177.0, 173.5, 170.0, 166.4, 163.1, 160.4, 158.2, 156.1, 154.0, 152.0, 149.8, 147.6, 145.2, 142.8, 140.4, 137.9, 135.3, 132.8, 130.3, 127.8, 125.4, 123.0, 120.7, 118.4, 116.2, 114.1, 112.0, 110.0, 108.1, 106.3, 104.5, 102.7, 101.1, 99.5, 97.9, 96.5, 95.2, 94.1, 93.4, 93.2, 93.5, 94.3, 95.6, 97.6, 100.1, 103.1, 106.7, 110.7, 115.0, 119.4, 123.8, 128.1, 132.2, 136.1, 139.6, 142.8, 145.7, 148.1, 150.0, 151.6, 152.7, 153.3, 153.6, 153.4, 152.9, 152.0, 150.9, 149.4, 147.7, 145.8, 143.7, 141.5, 139.1, 136.7, 134.2, 131.6, 129.0, 126.4, 123.8, 121.2, 118.6, 116.1, 113.6, 111.2, 109.2, 108.0, 107.5, 107.4, 107.5, 107.6, 107.6, 107.4, 107.1, 106.7, 106.2, 104.9, 99.3, 92.6, 85.9, 80.4, 79.6, 80.7, 82.2, 83.7, 84.8, 85.5, 85.9, 86.0, 85.8, 85.6, 85.2, 84.8, 84.3, 83.9, 83.4, 82.9, 82.5, 82.2, 82.2, 82.7, 83.9, 85.8, 88.4, 91.9, 96.3, 101.5, 107.6, 114.4, 121.7, 129.3, 137.0, 144.6, 152.0, 159.1, 165.8, 172.1, 177.7, 182.8, 187.4, 191.2, 194.5, 197.1, 199.1, 200.4, 201.1, 201.3, 200.8, 199.8, 198.3, 196.3, 194.0, 191.3, 188.2, 185.0, 181.5, 177.9, 174.2, 170.3, 166.5, 162.6, 158.7, 154.8, 150.9, 147.1, 143.4, 139.8, 136.2, 132.8, 129.4, 126.2, 123.1, 120.1, 117.2, 114.4, 111.7, 109.1, 106.7, 104.3, 102.1, 99.9, 97.9, 95.9, 94.1, 92.3, 90.6, 89.0, 87.5, 86.0, 84.7, 83.4, 82.1, 81.0, 79.9, 78.9, 77.9, 77.0, 76.1, 75.3, 74.6, 73.9, 73.2, 72.6, 72.0, 71.5, 71.0, 70.5, 70.1, 69.7, 69.4, 69.0, 68.7, 68.5, 68.2, 68.0, 67.9, 67.8, 67.8, 67.8, 67.8, 67.9, 68.0, 68.2, 68.5, 68.8, 69.1, 69.5, 69.9, 70.4, 71.0, 71.5, 72.2, 72.9, 73.6, 74.3, 75.2, 76.0, 76.9, 77.8, 78.8, 79.9, 80.9, 82.1, 83.2, 84.4, 83.7, 73.6, 59.2, 47.5, 39.2, 33.2, 30.0, 32.7, 40.9, 50.7, 60.3, 69.3, 77.9, 86.8, 96.4, 106.9, 118.3, 130.5, 143.3, 156.4, 169.4, 182.1, 194.4, 205.9, 216.6, 226.3, 235.0, 242.6, 249.0, 254.3, 258.4, 261.3, 263.1, 263.8, 263.5, 262.3, 260.3, 257.5, 254.0, 250.0, 245.5, 240.6, 235.4, 230.0, 224.4, 218.7, 213.4, 209.0, 205.4, 202.4, 199.6, 196.8, 193.9, 190.8, 187.6, 184.3, 180.9, 177.3, 173.7, 170.1, 166.5, 162.9, 159.3, 155.7, 152.3, 148.9, 145.6, 142.4, 139.2, 136.2, 133.3, 130.5, 127.8, 125.3, 123.2, 121.5, 120.2, 119.6, 119.6, 120.2, 121.4, 123.2, 125.5, 128.3, 131.4, 134.7, 137.9, 141.1, 144.1, 146.9, 149.3, 151.5, 153.2, 154.6, 155.6, 156.3, 156.5, 156.4, 155.9, 155.2, 154.1, 152.8, 151.2, 149.4, 147.4, 145.3, 143.0, 140.7, 138.2, 135.7, 133.1, 130.5, 127.9, 125.3, 122.7, 120.2, 117.7, 115.2, 112.7, 110.4, 108.1, 105.9, 104.1, 102.7, 101.6, 100.7, 99.9, 99.0, 98.2, 97.4, 96.4, 95.5, 94.5, 93.6, 92.6, 91.5, 90.5, 89.5, 88.6, 87.1, 81.5, 74.9, 68.4, 62.9, 62.2, 63.7, 66.1, 69.1, 72.5, 76.1, 80.2, 84.7, 89.7, 95.1, 100.8, 106.6, 112.4, 118.2, 123.8, 129.2, 134.3, 139.0, 143.4, 147.4, 151.0, 154.1, 156.7, 158.9, 160.5, 161.7, 162.4, 162.7, 162.6, 162.0, 161.1, 159.8, 158.2, 156.4, 154.3, 152.1, 149.6, 147.0, 144.3, 141.5, 138.6, 135.7, 132.8, 129.9, 126.9, 124.0, 121.2, 118.4, 115.6, 112.9, 110.3, 107.8, 105.3, 102.9, 100.6, 98.4, 96.2, 94.1, 92.2, 90.3, 88.4, 86.7, 85.0, 83.4, 81.9, 80.5, 79.1, 77.8, 76.5, 75.4, 74.2, 73.2, 72.2, 71.2, 70.3, 69.4, 68.6, 67.8, 67.0, 66.3, 65.6, 64.8, 64.1, 63.4, 62.7, 62.0, 61.3, 60.5, 59.8, 59.0, 58.2, 57.4, 56.6, 55.9, 55.1, 54.4, 53.6, 53.0, 52.3, 51.7, 51.1, 50.5, 50.0, 49.5, 49.1, 48.6, 48.3, 47.9, 47.6, 47.3, 47.0, 46.8, 46.6, 46.4, 46.2, 46.2, 46.1, 46.1, 46.1, 46.2, 46.4, 46.5, 46.8, 47.0, 47.3, 47.7, 48.1, 48.5, 49.0, 49.5, 50.0, 50.6, 51.2, 51.9, 52.6, 53.4, 54.2, 55.1, 56.0, 56.9, 58.0, 59.1, 60.2, 61.5, 60.7, 50.7, 41.4, 34.8, 30.0, 26.6, 25.4, 30.8, 42.8, 57.7, 73.6, 89.8, 106.3, 123.4, 141.2, 159.4, 177.5, 195.3, 212.3, 228.5, 243.5, 257.4, 270.1, 281.4, 291.4, 300.1, 307.3, 313.2, 317.6, 320.7, 322.5, 323.0, 322.3, 320.4, 317.4, 313.4, 308.7, 303.3, 297.5, 291.6, 285.8, 280.3, 274.7, 269.1, 263.3, 257.4, 251.4, 245.2, 239.0, 232.8, 226.6, 220.4, 214.3, 208.4, 202.6, 196.9, 191.5, 186.2, 181.1, 176.2, 171.6, 167.1, 162.8, 158.7, 154.8, 151.0, 147.5, 144.1, 140.9, 137.8, 134.9, 132.1, 129.5, 127.0, 124.7, 122.4, 120.3, 118.3, 116.5, 114.7, 113.0, 111.6, 110.7, 110.4, 110.9, 112.2, 114.5, 117.8, 121.9, 126.7, 131.8, 137.1, 142.4, 147.7, 152.8, 157.6, 162.1, 166.1, 169.7, 172.8, 175.4, 177.4, 179.0, 180.0, 180.5, 180.5, 180.0, 179.1, 177.8, 176.1, 174.0, 171.7, 169.1, 166.3, 163.3, 160.2, 156.3, 148.1, 138.8, 129.8, 122.4, 120.1, 120.1, 120.7, 121.3, 121.4, 121.1, 120.3, 119.1, 117.6, 115.9, 114.0, 112.0, 110.0, 107.9, 105.8, 103.7, 101.6, 99.6, 97.7, 95.8, 93.9, 92.1, 90.4, 88.8, 87.2, 85.7, 84.3, 83.0, 82.0, 81.2, 80.8, 80.7, 81.1, 81.9, 83.1, 84.8, 86.9, 89.4, 92.4, 95.7, 99.2, 102.8, 106.5, 110.1, 113.7, 117.1, 120.2, 123.2, 125.9, 128.3, 130.4, 132.2, 133.7, 134.8, 135.7, 136.2, 136.4, 136.3, 136.0, 135.5, 134.7, 133.8, 132.7, 131.4, 130.0, 128.6, 127.0, 125.4, 123.7, 122.0, 120.3, 118.6, 116.9, 115.1, 113.4, 111.7, 110.1, 108.4, 106.8, 105.3, 103.8, 102.3, 100.9, 99.5, 98.2, 96.9, 95.7, 94.5, 93.4, 92.3, 91.2, 90.3, 89.3, 88.4, 87.6, 86.8, 86.0, 85.3, 84.6, 84.0, 83.4, 82.9, 82.4, 81.9, 81.4, 81.0, 80.7, 80.3, 80.1, 79.9, 79.7, 79.6, 79.5, 79.5, 79.6, 79.7, 79.8, 80.0, 80.2, 80.5, 80.9, 81.2, 81.7, 82.1, 82.7, 83.2, 83.9, 84.5, 85.2, 86.0, 86.8, 87.7, 88.6, 89.5, 90.5, 91.6, 92.7, 93.8, 95.0, 96.3, 97.6, 98.9, 100.3, 101.6, 103.0, 104.4, 105.7, 107.0, 108.1, 109.2, 110.1, 110.9, 111.6, 112.2, 112.6, 113.0, 113.2, 113.3, 113.4, 113.3, 113.2, 113.0, 112.8, 112.5, 112.1, 111.8, 111.4, 108.9, 96.6, 79.6, 62.8, 50.1, 41.0, 36.2, 41.3, 53.3, 67.9, 82.9, 97.5, 111.3, 124.5, 137.1, 149.1, 160.2, 170.3, 179.1, 186.8, 193.3, 198.6, 202.8, 206.0, 208.2, 209.4, 209.8, 209.5, 208.4, 206.7, 204.4, 201.7, 198.5, 195.1, 191.3, 187.3, 183.2, 178.9, 174.6, 170.3, 165.9, 161.5, 157.2, 153.0, 148.8, 144.8, 141.3, 138.7, 136.9, 135.6, 134.5, 133.5, 132.4, 131.2, 129.9, 128.4, 126.9, 125.2, 123.5, 121.7, 119.8, 118.0, 116.1, 114.3, 112.5, 110.7, 109.0, 107.3, 105.7, 104.1, 102.6, 101.1, 99.7, 98.3, 97.1, 95.9, 94.8, 94.0, 93.5, 93.5, 94.0, 95.0, 96.5, 98.6, 101.3, 104.4, 108.2, 112.4, 117.0, 121.8, 126.7, 131.5, 136.2, 140.7, 144.9, 148.7, 152.1, 155.1, 157.6, 159.7, 161.3, 162.4, 163.0, 163.2, 162.9, 162.3, 161.3, 160.0, 158.4, 156.5, 154.4, 152.1, 149.7, 147.1, 144.5, 141.8, 139.3, 137.4, 136.0, 134.8, 133.2, 127.2, 120.3, 113.4, 107.5, 106.3, 106.8, 107.7, 108.3, 108.6, 108.4, 107.9, 107.0, 105.9, 104.7, 103.4, 102.0, 100.6, 99.2, 97.8, 96.5, 95.1, 93.8, 92.6, 91.4, 90.3, 89.2, 88.2, 87.2, 86.3, 85.4, 84.6, 83.8, 83.1, 82.4, 81.8, 81.2, 80.6, 80.1, 79.7, 79.2, 78.9, 78.7, 78.8, 79.3, 80.5, 82.3, 85.0, 88.4, 92.6, 97.7, 103.6, 110.1, 117.2, 124.6, 132.0, 139.5, 146.8, 153.9, 160.5, 166.8, 172.6, 177.8, 182.4, 186.5, 189.9, 192.7, 194.9, 196.4, 197.4, 197.8, 197.6, 196.9, 195.6, 194.0, 191.8, 189.4, 186.6, 183.5, 180.2, 176.7, 173.1, 169.5, 165.7, 161.9, 158.1, 154.3, 150.5, 146.8, 143.1, 139.5, 136.0, 132.5, 129.1, 125.9, 122.7, 119.6, 116.6, 113.7, 110.9, 108.2, 105.6, 103.0, 100.6, 98.2, 96.0, 93.8, 91.8, 89.8, 87.9, 86.0, 84.3, 82.6, 81.0, 79.5, 78.1, 76.7, 75.4, 74.2, 73.0, 71.9, 70.9, 69.8, 68.9, 67.9, 67.0, 66.1, 65.3, 64.4, 63.5, 62.6, 61.7, 60.8, 59.9, 58.9, 57.9, 56.9, 55.9, 55.0, 54.0, 53.0, 52.1, 51.3, 50.4, 49.7, 48.9, 48.2, 47.6, 46.9, 46.4, 45.8, 45.3, 44.9, 44.4, 44.0, 43.7, 43.3, 43.0, 42.8, 42.5, 42.3, 42.1, 41.9, 41.8, 41.7, 41.6, 41.6, 41.7, 40.2, 33.9, 29.4, 26.2, 23.9, 22.2, 21.7, 23.7, 30.2, 37.4, 44.0, 49.4, 54.1, 58.6, 63.4, 68.7, 74.5, 80.9, 88.0, 95.7, 104.1, 113.4, 123.3, 133.7, 144.4, 155.1, 165.7, 175.9, 185.8, 195.1, 203.7, 211.6, 218.8, 225.0, 230.4, 234.9, 238.4, 241.0, 242.7, 243.5, 243.4, 242.4, 240.8, 238.4, 235.5, 232.0, 228.1, 223.9, 219.3, 214.5, 209.5, 204.4, 199.2, 194.0, 188.8, 183.9, 179.6, 176.0, 173.1, 170.6, 168.3, 165.9, 163.5, 161.0, 158.4, 155.7, 152.9, 150.0, 147.1, 144.2, 141.3, 138.5, 135.7, 132.9, 130.3, 127.7, 125.1, 122.7, 120.4, 118.2, 116.0, 114.0, 112.0, 110.2, 108.4, 106.7, 105.1, 103.6, 102.1, 100.7, 99.4, 98.3, 97.6, 97.4, 97.8, 98.9, 100.8, 103.4, 106.9, 111.2, 116.2, 121.9, 127.9, 134.2, 140.5, 146.7, 152.6, 158.2, 163.4, 168.2, 172.7, 177.3, 181.9, 186.3, 190.2, 193.4, 196.0, 197.9, 198.3, 193.5, 187.0, 180.0, 173.7, 172.0, 172.0, 172.2, 172.0, 171.2, 169.7, 167.7, 165.3, 162.5, 159.5, 156.3, 153.0, 149.7, 146.3, 143.0, 139.7, 136.4, 133.3, 130.2, 127.2, 124.4, 121.9, 119.9, 118.4, 117.5, 117.2, 117.5, 118.5, 120.1, 122.2, 124.7, 127.3, 130.1, 132.8, 135.5, 138.0, 140.4, 142.4, 144.3, 145.8, 147.0, 147.9, 148.5, 148.7, 148.7, 148.3, 147.7, 146.8, 145.7, 144.4, 142.8, 141.2, 139.4, 137.4, 135.4, 133.3, 131.1, 128.9, 126.6, 124.3, 122.0, 119.7, 117.3, 115.0, 112.7, 110.5, 108.3, 106.1, 103.9, 101.8, 99.8, 97.8, 95.8, 94.0, 92.1, 90.4, 88.7, 87.1, 85.5, 84.0, 82.5, 81.2, 79.8, 78.6, 77.4, 76.2, 75.1, 74.1, 73.1, 72.2, 71.3, 70.4, 69.6, 68.8, 68.1, 67.4, 66.7, 66.0, 65.3, 64.7, 64.1, 63.4, 62.8, 62.1, 61.5, 60.8, 60.1, 59.4, 58.7, 58.0, 57.3, 56.6, 55.9, 55.2, 54.6, 53.9, 53.3, 52.7, 52.2, 51.7, 51.2, 50.7, 50.3, 49.9, 49.5, 49.2, 48.9, 48.6, 48.4, 48.1, 47.9, 47.8, 47.7, 47.6, 47.6, 47.6, 47.7, 47.8, 48.0, 48.2, 48.4, 48.7, 49.1, 49.4, 49.8, 50.3, 50.8, 51.3, 51.9, 52.6, 53.2, 53.9, 54.7, 55.5, 56.4, 57.3, 58.3, 59.4, 60.5, 61.7, 63.0, 64.4, 65.8, 67.3, 68.9, 68.4, 58.5, 47.0, 38.8, 32.9, 28.7, 26.8, 31.2, 41.9, 55.2, 68.9, 82.1, 95.0, 107.8, 121.2, 135.1, 149.4, 164.1, 178.8, 193.3, 207.3, 220.6, 233.1, 244.5, 254.8, 263.8, 271.6, 278.0, 283.1, 286.9, 289.3, 290.5, 290.4, 289.2, 287.0, 283.9, 280.1, 275.5, 270.4, 264.9, 258.9, 252.7, 246.4, 239.9, 233.3, 226.7, 220.2, 213.8, 207.5, 201.3, 195.3, 189.5, 183.8, 178.4, 173.7, 169.9, 167.2, 165.1, 163.3, 161.6, 159.9, 158.2, 156.3, 154.3, 152.2, 150.1, 147.9, 145.6, 143.4, 141.1, 138.8, 136.6, 134.5, 132.4, 130.3, 128.4, 126.5, 124.7, 122.9, 121.3, 119.7, 118.2, 116.8, 115.5, 114.2, 113.1, 112.1, 111.4, 111.1, 111.4, 112.2, 113.7, 115.8, 118.6, 122.0, 126.0, 130.6, 135.4, 140.4, 145.4, 150.2, 154.8, 159.1, 163.0, 166.5, 169.5, 172.0, 174.0, 175.4, 176.3, 176.8, 176.7, 176.1, 175.1, 173.8, 172.0, 170.0, 167.6, 165.1, 162.3, 159.5, 156.0, 148.7, 140.5, 132.8, 126.2, 124.3, 124.4, 125.0, 125.4, 125.3, 124.8, 123.8, 122.4, 120.8, 118.9, 117.0, 114.9, 112.8, 110.6, 108.5, 106.4, 104.4, 102.4, 100.4, 98.5, 96.8, 95.2, 94.0, 93.3, 93.3, 94.0, 95.4, 97.7, 100.6, 104.0, 107.8, 111.8, 115.8, 119.8, 123.7, 127.4, 131.0, 134.2, 137.2, 139.9, 142.2, 144.2, 145.8, 147.0, 147.9, 148.4, 148.6, 148.5, 148.1, 147.4, 146.4, 145.3, 143.9, 142.4, 140.8, 139.0, 137.2, 135.2, 133.2, 131.2, 129.1, 127.1, 125.0, 122.9, 120.9, 118.9, 116.9, 115.0, 113.1, 111.2, 109.4, 107.7, 106.0, 104.3, 102.8, 101.3, 99.8, 98.4, 97.1, 95.8, 94.5, 93.4, 92.3, 91.2, 90.2, 89.2, 88.3, 87.5, 86.7, 85.9, 85.2, 84.5, 83.9, 83.3, 82.7, 82.2, 81.8, 81.4, 81.0, 80.6, 80.3, 80.0, 79.8, 79.6, 79.5, 79.4, 79.4, 79.4, 79.5, 79.7, 79.8, 80.1, 80.3, 80.7, 81.0, 81.5, 81.9, 82.5, 83.0, 83.6, 84.3, 85.0, 85.8, 86.6, 87.4, 88.3, 89.3, 90.3, 91.3, 92.4, 93.6, 94.8, 96.0, 97.3, 98.7, 100.0, 101.4, 102.8, 104.2, 105.5, 106.8, 107.9, 109.0, 110.0, 110.8, 111.5, 112.1, 112.6, 113.0, 113.2, 113.4, 113.4, 113.4, 113.3, 113.2, 113.0, 112.7, 112.4, 112.1, 111.8, 111.4, 111.0, 108.4, 95.7, 77.7, 60.9, 48.7, 40.0, 34.6, 34.1, 39.5, 46.4, 52.7, 57.8, 61.7, 64.9, 67.9, 70.7, 73.8, 77.4, 81.6, 86.7, 92.9, 100.0, 108.0, 116.5, 125.2, 134.0, 142.7, 151.1, 159.0, 166.4, 173.2, 179.3, 184.7, 189.3, 193.1, 196.2, 198.4, 199.8, 200.6, 200.6, 200.0, 198.9, 197.4, 195.8, 194.4, 193.0, 191.6, 190.0, 188.1, 185.9, 183.4, 180.7, 177.7, 174.4, 171.1, 167.6, 164.0, 160.4, 156.7, 153.0, 149.3, 145.7, 142.1, 138.6, 135.1, 131.7, 128.5, 125.3, 122.2, 119.3, 116.4, 113.7, 111.0, 108.5, 106.1, 103.9, 102.2, 101.0, 100.4, 100.6, 101.6, 103.4, 106.0, 109.4, 113.5, 118.0, 122.7, 127.6, 132.4, 137.1, 141.5, 145.6, 149.4, 152.8, 155.8, 158.3, 160.3, 161.9, 163.0, 163.6, 163.8, 163.6, 163.0, 162.1, 160.8, 159.3, 157.4, 155.4, 153.2, 150.8, 148.3, 145.8, 143.1, 140.4, 137.7, 135.0, 132.2, 129.5, 126.9, 124.2, 121.6, 119.1, 116.6, 114.3, 111.9, 109.7, 107.5, 105.4, 103.7, 102.5, 101.9, 101.1, 96.3, 90.6, 85.1, 80.6, 80.5, 82.1, 84.1, 85.9, 87.2, 88.2, 88.7, 89.1, 89.7, 90.7, 92.2, 94.5, 97.6, 101.6, 106.4, 111.8, 117.5, 123.5, 129.5, 135.4, 141.2, 146.8, 152.0, 156.9, 161.4, 165.5, 169.1, 172.1, 174.7, 176.8, 178.4, 179.4, 180.0, 180.0, 179.7, 178.8, 177.6, 176.0, 174.1, 171.9, 169.4, 166.8, 163.9, 160.9, 157.7, 154.4, 151.1, 147.7, 144.3, 140.9, 137.5, 134.1, 130.7, 127.4, 124.2, 121.0, 118.0, 115.0, 112.0, 109.2, 106.5, 103.9, 101.3, 98.9, 96.5, 94.3, 92.1, 90.1, 88.1, 86.2, 84.4, 82.7, 81.0, 79.5, 78.0, 76.6, 75.3, 74.0, 72.8, 71.7, 70.6, 69.5, 68.5, 67.6, 66.6, 65.7, 64.8, 63.9, 63.0, 62.0, 61.1, 60.1, 59.1, 58.0, 57.0, 55.9, 54.9, 53.9, 52.9, 51.9, 51.0, 50.1, 49.3, 48.5, 47.7, 47.0, 46.4, 45.8, 45.2, 44.7, 44.2, 43.7, 43.3, 42.9, 42.5, 42.2, 41.9, 41.7, 41.4, 41.2, 41.0, 40.9, 40.7, 40.6, 40.5, 40.4, 40.4, 40.5, 40.5, 40.7, 40.8, 41.0, 41.3, 41.5, 41.9, 42.2, 42.6, 43.0, 43.5, 44.0, 44.6, 45.1, 45.8, 46.4, 47.1, 47.9, 48.6, 49.5, 50.3, 51.2, 52.1, 53.1, 52.4, 43.4, 36.2, 31.0, 27.3, 24.9, 26.3, 38.0, 56.1, 76.6, 97.1, 116.6, 134.8, 152.1, 168.5, 184.1, 198.6, 211.9, 223.9, 234.5, 243.8, 251.7, 258.2, 263.5, 267.5, 270.4, 272.0, 272.5, 272.0, 270.5, 268.1, 264.9, 261.1, 256.7, 252.1, 247.9, 244.2, 240.6, 237.0, 233.2, 229.1, 224.8, 220.2, 215.3, 210.3, 205.2, 200.0, 194.7, 189.4, 184.2, 179.1, 174.0, 169.1, 164.3, 159.6, 155.1, 150.7, 146.5, 142.4, 138.4, 134.7, 131.1, 127.6, 124.3, 121.1, 118.1, 115.2, 112.4, 109.8, 107.3, 104.9, 102.6, 100.4, 98.4, 96.5, 95.0, 93.8, 93.2, 93.0, 93.5, 94.5, 96.1, 98.2, 101.0, 104.3, 108.0, 112.0, 116.1, 120.3, 124.4, 128.4, 132.1, 135.6, 138.8, 141.6, 144.1, 146.2, 147.9, 149.2, 150.1, 150.7, 150.9, 150.7, 150.2, 149.5, 148.5, 147.2, 145.8, 144.1, 142.4, 140.5, 138.5, 136.4, 134.3, 132.1, 130.0, 127.8, 125.6, 123.4, 121.3, 119.1, 116.5, 109.7, 102.4, 95.8, 90.8, 90.9, 93.0, 95.5, 97.7, 99.4, 100.7, 101.4, 101.8, 101.9, 101.7, 101.3, 100.9, 100.3, 99.6, 99.0, 98.4, 98.1, 98.3, 99.0, 100.3, 102.4, 105.2, 108.6, 112.5, 116.7, 121.0, 125.5, 129.8, 134.0, 138.0, 141.8, 145.3, 148.4, 151.1, 153.4, 155.3, 156.8, 157.9, 158.5, 158.7, 158.6, 158.0, 157.1, 155.9, 154.4, 152.7, 150.7, 148.5, 146.2, 143.7, 141.1, 138.4, 135.7, 132.9, 130.0, 127.2, 124.4, 121.6, 118.8, 116.1, 113.4, 110.8, 108.2, 105.7, 103.3, 101.0, 98.7, 96.5, 94.4, 92.4, 90.5, 88.6, 86.8, 85.1, 83.5, 81.9, 80.4, 79.0, 77.6, 76.3, 75.1, 73.9, 72.8, 71.8, 70.8, 69.8, 68.9, 68.0, 67.2, 66.3, 65.5, 64.7, 63.9, 63.1, 62.3, 61.5, 60.6, 59.7, 58.9, 57.9, 57.0, 56.1, 55.2, 54.3, 53.5, 52.6, 51.9, 51.1, 50.4, 49.7, 49.0, 48.4, 47.9, 47.3, 46.9, 46.4, 46.0, 45.6, 45.2, 44.9, 44.6, 44.4, 44.1, 43.9, 43.7, 43.6, 43.5, 43.4, 43.4, 43.4, 43.5, 43.6, 43.7, 43.9, 44.1, 44.4, 44.7, 45.1, 45.5, 45.9, 46.4, 46.9, 47.5, 48.1, 48.7, 49.4, 50.1, 50.9, 51.6, 52.5, 53.4, 54.3, 55.3, 56.3, 57.4, 58.5, 59.8, 61.0, 62.4, 63.9, 65.4, 67.0, 66.4, 56.4, 45.5, 37.7, 32.1, 28.1, 26.4, 30.8, 41.6, 54.9, 68.6, 81.7, 94.2, 106.5, 119.0, 131.9, 145.0, 158.2, 171.0, 183.4, 195.0, 205.8, 215.6, 224.4, 232.0, 238.6, 243.9, 248.1, 251.1, 253.0, 253.7, 253.4, 252.1, 249.9, 246.9, 243.2, 239.1, 234.4, 229.4, 224.1, 218.6, 212.9, 207.2, 201.4, 195.7, 190.0, 184.4, 178.9, 173.5, 168.3, 163.3, 158.4, 153.7, 149.2, 145.0, 141.5, 138.7, 136.6, 134.9, 133.3, 131.8, 130.3, 128.8, 127.2, 125.5, 123.8, 122.0, 120.2, 118.4, 116.6, 114.8, 113.0, 111.3, 109.6, 108.0, 106.4, 105.0, 104.0, 103.6, 103.7, 104.7, 106.3, 108.9, 112.2, 116.2, 120.7, 125.5, 130.4, 135.4, 140.2, 144.8, 149.1, 153.1, 156.7, 159.9, 162.5, 164.8, 166.5, 167.7, 168.5, 168.7, 168.6, 168.0, 167.0, 165.7, 164.1, 162.1, 160.0, 157.6, 155.0, 152.3, 149.4, 146.5, 143.5, 140.4, 137.3, 134.2, 131.1, 128.1, 125.1, 121.9, 116.1, 108.8, 101.7, 95.6, 92.9, 93.1, 94.2, 95.3, 96.2, 96.6, 96.6, 96.2, 95.5, 94.7, 93.6, 92.5, 91.3, 90.1, 88.9, 87.6, 86.4, 85.2, 84.1, 83.0, 81.9, 80.9, 79.9, 79.0, 78.1, 77.3, 76.5, 75.8, 75.1, 74.5, 74.0, 73.9, 74.4, 75.5, 77.3, 80.0, 83.6, 88.0, 93.3, 99.4, 106.1, 113.1, 120.2, 127.4, 134.5, 141.3, 147.9, 154.0, 159.8, 165.0, 169.7, 173.9, 177.5, 180.5, 182.9, 184.8, 186.0, 186.7, 186.8, 186.4, 185.6, 184.2, 182.5, 180.4, 178.0, 175.3, 172.4, 169.4, 166.1, 162.8, 159.3, 155.9, 152.3, 148.8, 145.3, 141.8, 138.4, 135.0, 131.7, 128.5, 125.4, 122.4, 119.4, 116.6, 113.8, 111.2, 108.7, 106.2, 103.9, 101.6, 99.5, 97.4, 95.4, 93.6, 91.8, 90.1, 88.4, 86.9, 85.4, 84.0, 82.7, 81.5, 80.3, 79.1, 78.1, 77.1, 76.2, 75.3, 74.4, 73.7, 72.9, 72.2, 71.6, 71.0, 70.4, 69.9, 69.4, 68.9, 68.5, 68.1, 67.7, 67.4, 67.1, 66.8, 66.5, 66.3, 66.1, 65.9, 65.8, 65.7, 65.7, 65.7, 65.8, 65.9, 66.0, 66.2, 66.5, 66.8, 67.2, 67.6, 68.1, 68.6, 69.1, 69.8, 70.4, 71.2, 71.9, 72.8, 73.6, 74.5, 75.5, 76.5, 77.5, 78.6, 79.7, 80.9, 82.1, 83.4, 84.7, 86.1, 87.5, 89.0, 90.5, 89.9, 79.7, 64.8, 51.5, 42.0, 35.2, 31.5, 34.2, 42.7, 52.9, 62.4, 70.5, 77.2, 83.3, 89.4, 95.8, 102.6, 109.8, 117.6, 125.9, 134.9, 144.4, 154.5, 165.0, 175.7, 186.2, 196.3, 205.7, 214.3, 222.0, 228.7, 234.4, 238.9, 242.4, 244.9, 246.3, 246.8, 246.4, 245.1, 243.1, 240.3, 237.0, 233.2, 229.0, 224.5, 219.7, 214.6, 209.5, 204.3, 199.0, 193.7, 188.5, 183.3, 178.2, 173.4, 169.1, 165.3, 162.1, 159.1, 156.3, 153.5, 150.7, 147.9, 145.0, 142.1, 139.1, 136.1, 133.1, 130.2, 127.2, 124.4, 121.6, 118.8, 116.1, 113.6, 111.1, 108.7, 106.3, 104.1, 102.0, 99.9, 98.0, 96.2, 94.7, 93.6, 93.0, 93.0, 93.5, 94.6, 96.4, 98.7, 101.6, 105.0, 109.0, 113.1, 117.5, 121.8, 126.0, 130.1, 133.9, 137.5, 140.7, 143.6, 146.1, 148.3, 150.2, 152.2, 154.4, 156.7, 158.8, 160.5, 161.9, 162.8, 163.2, 163.1, 162.7, 161.9, 160.8, 159.4, 157.7, 155.9, 153.9, 151.8, 149.6, 147.3, 144.9, 142.6, 140.2, 137.8, 135.5, 133.2, 130.8, 128.6, 126.3, 124.2, 122.0, 119.9, 117.9, 116.0, 113.6, 107.5, 100.3, 93.2, 87.0, 85.1, 85.3, 86.2, 87.1, 87.9, 88.3, 88.4, 88.3, 88.0, 87.5, 87.0, 86.4, 85.7, 85.1, 84.6, 84.4, 84.7, 85.5, 87.0, 89.2, 92.2, 96.0, 100.5, 105.7, 111.4, 117.3, 123.4, 129.5, 135.5, 141.3, 146.8, 152.0, 156.8, 161.2, 165.1, 168.5, 171.5, 173.9, 175.8, 177.2, 178.1, 178.5, 178.5, 178.0, 177.1, 175.8, 174.1, 172.1, 169.9, 167.4, 164.7, 161.9, 158.9, 155.8, 152.7, 149.5, 146.3, 143.0, 139.8, 136.6, 133.5, 130.4, 127.4, 124.4, 121.6, 118.8, 116.1, 113.4, 110.9, 108.5, 106.1, 103.9, 101.7, 99.7, 97.7, 95.8, 94.0, 92.2, 90.6, 89.0, 87.5, 86.0, 84.7, 83.4, 82.1, 81.0, 79.8, 78.8, 77.8, 76.8, 75.9, 75.0, 74.2, 73.4, 72.7, 72.0, 71.3, 70.7, 70.1, 69.5, 69.0, 68.5, 68.0, 67.6, 67.1, 66.7, 66.3, 65.9, 65.6, 65.3, 64.9, 64.6, 64.3, 64.1, 63.9, 63.7, 63.5, 63.4, 63.3, 63.2, 63.2, 63.2, 63.3, 63.4, 63.5, 63.7, 64.0, 64.3, 64.7, 65.1, 65.6, 66.2, 66.8, 67.5, 68.2, 69.0, 69.8, 70.7, 71.7, 72.7, 73.7, 74.8, 75.9, 77.1, 76.2, 66.0, 52.7, 42.9, 35.8, 30.8, 28.2, 31.3, 40.2, 51.1, 62.2, 72.8, 83.1, 93.6, 104.6, 116.3, 128.6, 141.4, 154.1, 166.7, 178.9, 190.4, 201.3, 211.3, 220.4, 228.5, 235.6, 241.6, 246.5, 250.3, 252.9, 254.5, 255.0, 254.6, 253.2, 251.4, 249.9, 248.6, 247.4, 245.9, 244.0, 241.5, 238.5, 234.9, 230.9, 226.5, 221.7, 216.7, 211.5, 206.2, 200.8, 195.4, 190.1, 184.8, 179.7, 174.6, 169.7, 164.9, 160.3, 155.8, 151.5, 147.3, 143.3, 139.5, 135.9, 132.4, 129.0, 125.8, 122.8, 119.9, 117.1, 114.5, 112.0, 109.7, 107.4, 105.3, 103.3, 101.4, 99.5, 97.8, 96.2, 94.6, 93.2, 91.8, 90.5, 89.4, 88.5, 88.0, 88.1, 88.6, 89.7, 91.4, 93.7, 96.7, 100.2, 104.2, 108.5, 113.0, 117.6, 122.1, 126.6, 130.8, 134.7, 138.4, 141.7, 144.6, 147.2, 149.3, 151.0, 152.3, 153.2, 153.6, 153.7, 153.4, 152.8, 151.9, 150.7, 149.3, 147.7, 145.9, 143.9, 141.8, 139.6, 137.4, 135.1, 132.9, 131.1, 129.7, 128.8, 127.9, 126.7, 122.3, 115.7, 108.8, 102.5, 99.6, 99.7, 100.7, 101.8, 102.6, 102.9, 102.9, 102.5, 101.9, 101.4, 101.1, 101.2, 101.9, 103.1, 105.0, 107.5, 110.6, 114.0, 117.7, 121.4, 125.2, 128.8, 132.2, 135.4, 138.3, 140.8, 143.0, 144.9, 146.3, 147.4, 148.1, 148.4, 148.4, 148.0, 147.4, 146.5, 145.3, 143.9, 142.4, 140.6, 138.7, 136.7, 134.6, 132.4, 130.1, 127.8, 125.5, 123.1, 120.7, 118.3, 115.9, 113.6, 111.3, 109.0, 106.8, 104.6, 102.5, 100.5, 98.5, 96.5, 94.7, 92.9, 91.1, 89.5, 87.8, 86.3, 84.8, 83.4, 82.1, 80.8, 79.5, 78.4, 77.3, 76.2, 75.2

Insulin Readings (mU/minute, every 5 minutes): 6624 readings
  Values: 1.9E-05, 3.7E-05, 5.3E-09, 9.4E-08, 8.9E-11, 1.1E-07, 1.0E-06, 4.7E-08, 9.2E-09, 6.6E-07, 1.9E-05, 3.6E-04, 7.8E+01, 6.7E+01, 4.6E+01, 3.7E+00, 1.6E+01, 8.9E-15, 1.6E+00, 3.4E+00, 4.8E+00, 5.6E+00, 6.9E+00, 6.0E+00, 7.0E+00, 6.9E+00, 7.5E+00, 7.6E+00, 7.3E+00, 8.1E+00, 8.6E+00, 7.9E+00, 8.9E+00, 9.7E+00, 8.8E+00, 9.4E+00, 9.1E+00, 1.1E+01, 1.0E+01, 9.7E+00, 1.2E+01, 6.3E+00, 1.2E+01, 1.0E+01, 9.5E+00, 1.1E+01, 7.7E+00, 1.3E+01, 6.9E+00, 1.2E+01, 8.3E+00, 1.1E+01, 8.8E+00, 1.0E+01, 9.5E+00, 9.4E+00, 1.1E+01, 9.1E+00, 6.9E+00, 1.5E+01, 6.9E+00, 9.9E+00, 1.1E+01, 8.9E+00, 1.0E+01, 9.4E+00, 1.0E+01, 8.9E+00, 1.0E+01, 9.8E+00, 9.6E+00, 1.1E+01, 8.1E+00, 1.0E+01, 9.8E+00, 9.8E+00, 9.7E+00, 1.0E+01, 1.0E+02, 1.0E+02, 1.0E+02, 1.0E+02, 9.0E+00, 2.0E-06, 2.4E-08, 8.5E-09, 2.1E-07, 1.4E-07, 1.9E-07, 1.2E-07, 1.0E+02, 1.0E+02, 1.0E+02, 1.0E+02, 1.0E+02, 1.0E+02, 1.0E+02, 1.1E+02, 1.1E+02, 1.1E+02, 1.1E+02, 1.1E+02, 1.1E+02, 1.1E+02, 1.1E+02, 1.1E+02, 1.1E+02, 1.1E+02, 1.1E+02, 2.0E+01, 2.0E+01, 2.0E+01, 2.0E+01, 2.0E+01, 2.0E+01, 2.0E+01, 3.7E-07, 2.2E-07, 1.8E-07, 1.5E-07, 1.4E-07, 1.4E-07, 1.4E-07, 1.5E-07, 1.7E-07, 2.0E-07, 1.2E-07, 1.3E-07, 1.4E-07, 1.6E-07, 1.8E-07, 2.0E-07, 2.0E-07, 3.1E-07, 2.7E-07, 2.3E-07, 2.0E+01, 2.0E+01, 2.0E+01, 2.2E-07, 3.3E-07, 2.6E-07, 2.5E-07, 1.6E-07, 1.6E-07, 1.7E-07, 1.8E-07, 2.0E-07, 2.1E-07, 2.2E-07, 2.7E-07, 2.2E-07, 1.1E-07, 1.1E-07, 1.1E+02, 1.1E+02, 1.1E+02, 1.1E+02, 1.1E+02, 1.1E+02, 1.1E+02, 1.1E+02, 1.1E+02, 1.1E+02, 1.1E+02, 1.1E+02, 1.1E+02, 1.1E+02, 1.1E+02, 1.1E+02, 1.1E+02, 8.9E+01, 2.0E+01, 2.0E+01, 2.0E+01, 2.0E+01, 2.0E+01, 2.0E+01, 2.0E+01, 2.0E+01, 2.0E+01, 2.0E+01, 2.0E+01, 2.0E+01, 2.3E-08, 1.9E-08, 1.5E-08, 2.8E-08, 1.2E-08, 9.2E-09, 3.4E-08, 8.7E-08, 1.3E-07, 1.4E-07, 1.6E-06, 5.2E-08, 8.2E-08, 8.5E-08, 9.3E-08, 1.0E-07, 1.2E-07, 1.3E-07, 1.5E-07, 1.1E-07, 2.4E-06, 1.4E-07, 1.0E+02, 1.0E+02, 1.0E+02, 1.0E+02, 1.2E-06, 1.2E-06, 1.0E-07, 9.4E-07, 1.3E-07, 1.3E-07, 1.3E-07, 1.3E-07, 1.3E-07, 1.3E-07, 1.3E-07, 9.7E-08, 7.7E-08, 4.6E-08, 9.6E-08, 6.0E-08, 1.6E-06, 7.0E-07, 2.7E-07, 2.8E-07, 2.6E-07, 2.3E-07, 2.1E-07, 1.7E-07, 1.1E-07, 9.8E-08, 1.8E-07, 6.5E-07, 1.0E+02, 1.0E+02, 1.0E+02, 1.1E+02, 1.1E+02, 1.1E+02, 1.1E+02, 1.1E+02, 1.1E+02, 1.1E+02, 1.1E+02, 1.1E+02, 1.1E+02, 1.1E+02, 1.1E+02, 1.1E+02, 1.1E+02, 1.1E+02, 2.0E+01, 2.0E+01, 2.0E+01, 2.0E+01, 2.0E+01, 2.0E+01, 2.0E+01, 2.0E+01, 2.2E-06, 4.4E-08, 4.2E-08, 4.0E-08, 3.8E-08, 3.6E-08, 3.3E-08, 3.1E-08, 2.8E-08, 2.5E-08, 2.1E-08, 1.7E-08, 2.0E-08, 3.8E-08, 7.4E-08, 1.3E-07, 1.6E-07, 1.8E-07, 1.9E-07, 1.8E-07, 1.8E-07, 1.8E-07, 1.9E-07, 1.9E-07, 2.0E-07, 2.0E-07, 2.1E-07, 2.1E-07, 2.1E-07, 2.2E-07, 2.2E-07, 2.1E-07, 2.2E-07, 2.3E-07, 1.8E-07, 1.3E-07, 1.6E-07, 8.6E-08, 5.6E-08, 6.1E-08, 7.2E-08, 8.1E-08, 8.9E-08, 9.6E-08, 1.0E-07, 1.1E-07, 1.2E-07, 1.2E-07, 1.6E-07, 1.6E-07, 1.3E-07, 1.3E-07, 1.3E-07, 1.4E-07, 1.4E-07, 1.4E-07, 1.4E-07, 1.4E-07, 1.4E-07, 1.4E-07, 1.4E-07, 1.5E-07, 1.5E-07, 1.5E-07, 1.6E-07, 1.6E-07, 1.5E-07, 1.5E-07, 1.6E-07, 1.6E-07, 1.7E-07, 1.8E-07, 1.8E-07, 1.9E-07, 1.9E-07, 2.0E-07, 2.0E-07, 2.3E-07, 2.7E-07, 2.8E-07, 3.0E-07, 2.2E-07, 2.1E-07, 2.0E-07, 1.9E-07, 1.7E-07, 1.4E-07, 1.4E-07, 1.4E-07, 1.5E-07, 1.6E-07, 2.9E-07, 3.9E-07, 5.3E-07, 7.1E-09, 8.8E-09, 4.9E-08, 2.0E-07, 2.7E-07, 5.1E-07, 1.0E+02, 1.0E+02, 1.0E+02, 1.0E+02, 1.0E+02, 1.0E+02, 1.0E+02, 1.0E+02, 1.0E+02, 1.0E+02, 1.0E+02, 1.1E+02, 1.1E+02, 1.1E+02, 1.1E+02, 1.1E+02, 1.1E+02, 1.1E+02, 1.1E+02, 1.1E+02, 1.1E+02, 1.1E+02, 2.0E+01, 2.0E+01, 2.0E+01, 2.0E+01, 2.0E+01, 2.0E+01, 2.0E+01, 2.0E+01, 2.0E+01, 2.0E+01, 2.0E+01, 2.0E+01, 2.0E+01, 2.0E+01, 2.0E+01, 2.0E+01, 2.0E+01, 2.0E+01, 2.0E+01, 1.4E-08, 1.4E-08, 1.6E-08, 1.9E-08, 2.2E-08, 2.5E-08, 2.8E-08, 3.1E-08, 3.4E-08, 3.6E-08, 3.8E-08, 4.0E-08, 4.3E-08, 4.6E-08, 5.1E-08, 5.4E-08, 5.8E-08, 6.1E-08, 6.4E-08, 6.8E-08, 7.1E-08, 7.4E-08, 7.7E-08, 8.0E-08, 8.2E-08, 8.3E-08, 8.5E-08, 9.2E-08, 9.0E-08, 9.2E-08, 9.3E-08, 9.5E-08, 9.7E-08, 9.9E-08, 1.0E-07, 1.0E-07, 1.0E-07, 1.1E-07, 1.1E-07, 1.2E-07, 1.2E-07, 1.2E-07, 1.3E-07, 1.6E-07, 2.0E-07, 8.3E-09, 6.8E-08, 3.2E-08, 1.0E+02, 1.0E+02, 1.0E+02, 1.0E+02, 1.0E+02, 1.0E+02, 1.0E+02, 1.0E+02, 1.0E+02, 1.0E+02, 1.0E+02, 1.0E+02, 1.0E+02, 1.0E+02, 1.0E+02, 1.0E+02, 1.0E+02, 1.0E+02, 1.0E+02, 2.0E+01, 3.1E-07, 1.5E-07, 1.0E-07, 8.5E-08, 7.5E-08, 7.0E-08, 8.5E-08, 8.4E-08, 8.6E-08, 8.8E-08, 9.2E-08, 9.8E-08, 1.2E-07, 1.2E-07, 1.3E-07, 1.3E-07, 1.1E-07, 1.1E-07, 1.0E-07, 9.9E-08, 9.9E-08, 1.0E-07, 1.0E-07, 1.0E-07, 1.0E-07, 1.0E-07, 1.0E-07, 1.3E-06, 3.8E-07, 8.0E-07, 6.8E-07, 7.1E-07, 5.1E-07, 9.7E-06, 2.0E+01, 2.0E+01, 1.6E-06, 7.5E-07, 4.0E-07, 3.2E-07, 2.9E-07, 3.2E-07, 3.3E-07, 2.0E+01, 2.0E+01, 2.0E+01, 2.0E+01, 2.0E+01, 1.4E-07, 1.4E-07, 1.4E-07, 1.4E-07, 1.4E-07, 1.7E-07, 9.1E-09, 1.6E-07, 3.4E+00, 1.0E+02, 1.0E+02, 1.0E+02, 1.0E+02, 1.0E+02, 1.0E+02, 1.0E+02, 1.0E+02, 1.0E+02, 1.0E+02, 1.0E+02, 1.0E+02, 1.0E+02, 1.0E+02, 1.0E+02, 1.1E+02, 1.1E+02, 1.1E+02, 1.1E+02, 9.2E+01, 5.0E-07, 2.4E-07, 2.0E-07, 5.8E-07, 2.4E-06, 1.0E-07, 1.0E-07, 1.1E-07, 1.3E-07, 1.4E-07, 1.6E-07, 1.9E-07, 2.1E-07, 2.4E-07, 2.6E-07, 2.7E-07, 2.6E-07, 2.5E-07, 2.2E-07, 1.9E-07, 1.7E-07, 1.6E-07, 1.5E-07, 1.4E-07, 1.4E-07, 2.6E-06, 5.1E-07, 2.5E-07, 2.4E-07, 2.5E-07, 2.4E-07, 2.0E-07, 2.4E-07, 2.8E-07, 3.8E-07, 5.2E-07, 3.3E-07, 5.2E-07, 3.3E-07, 4.5E-07, 5.5E-07, 1.1E-07, 1.2E-07, 1.2E-07, 1.2E-07, 1.2E-07, 1.3E-07, 1.3E-07, 1.3E-07, 1.5E-07, 1.7E-07, 1.3E-07, 1.3E-07, 1.7E-07, 1.7E-07, 1.3E-07, 1.4E-07, 1.4E-07, 1.4E-07, 1.4E-07, 1.4E-07, 1.4E-07, 1.4E-07, 1.4E-07, 1.5E-07, 1.5E-07, 1.6E-07, 1.8E-07, 1.9E-07, 2.0E-07, 2.0E-07, 2.1E-07, 2.1E-07, 3.0E-07, 3.1E-07, 3.0E-07, 1.8E-07, 1.4E-07, 1.5E-07, 1.6E-07, 1.6E-07, 1.8E-07, 2.9E-07, 4.3E-07, 5.7E-09, 8.2E-09, 1.1E-08, 1.4E-08, 1.7E-08, 1.2E-08, 1.7E-08, 7.8E-08, 2.0E-07, 1.4E-09, 1.0E-08, 1.2E-07, 2.8E-07, 5.2E-08, 2.9E-05, 4.7E-06, 2.0E+00, 1.0E+02, 1.0E+02, 1.0E+02, 1.0E+02, 1.0E+02, 1.0E+02, 1.0E+02, 1.0E+02, 1.0E+02, 1.0E+02, 1.0E+02, 1.0E+02, 1.1E+02, 1.1E+02, 1.1E+02, 1.1E+02, 1.1E+02, 1.1E+02, 1.1E+02, 1.1E+02, 1.1E+02, 1.1E+02, 1.1E+02, 1.1E+02, 1.1E+02, 2.0E+01, 2.0E+01, 2.0E+01, 2.0E+01, 2.0E+01, 2.0E+01, 2.0E+01, 2.0E+01, 2.0E+01, 2.0E+01, 2.0E+01, 2.0E+01, 2.0E+01, 2.0E+01, 2.0E+01, 1.1E-08, 1.1E-08, 1.2E-08, 1.2E-08, 1.3E-08, 1.4E-08, 1.5E-08, 1.9E-08, 1.9E-08, 2.3E-08, 2.6E-08, 2.9E-08, 3.2E-08, 3.5E-08, 3.8E-08, 4.1E-08, 4.4E-08, 4.9E-08, 5.3E-08, 5.7E-08, 6.1E-08, 6.6E-08, 6.9E-08, 7.3E-08, 7.6E-08, 7.8E-08, 8.1E-08, 8.5E-08, 9.7E-08, 8.5E-08, 9.0E-08, 1.2E-07, 9.6E-08, 9.9E-08, 1.0E-07, 1.0E-07, 2.0E-07, 2.2E-07, 1.1E-07, 1.2E-07, 1.4E-07, 1.2E-07, 1.2E-07, 1.2E-07, 1.3E-07, 1.3E-07, 1.3E-07, 1.4E-07, 1.4E-07, 1.4E-07, 1.4E-07, 1.5E-07, 1.5E-07, 4.6E-07, 1.4E-07, 1.0E+02, 1.0E+02, 1.0E+02, 1.0E+02, 1.0E+02, 1.0E+02, 1.0E+02, 1.0E+02, 1.0E+02, 1.0E+02, 1.0E+02, 1.0E+02, 1.0E+02, 1.0E+02, 1.1E+02, 1.1E+02, 1.1E+02, 1.1E+02, 1.1E+02, 1.1E+02, 1.1E+02, 3.6E-06, 4.4E-06, 1.1E-07, 1.2E-07, 1.3E-07, 1.5E-07, 1.7E-07, 1.9E-07, 2.1E-07, 2.3E-07, 2.4E-07, 2.5E-07, 2.4E-07, 2.2E-07, 2.1E-07, 1.9E-07, 1.7E-07, 1.5E-07, 1.1E-05, 6.8E-06, 1.6E-06, 2.0E+01, 2.0E+01, 2.0E+01, 2.0E+01, 2.0E+01, 2.0E+01, 2.0E+01, 1.5E-06, 7.9E-07, 8.6E+00, 1.1E+02, 1.1E+02, 1.1E+02, 1.1E+02, 1.1E+02, 1.1E+02, 1.1E+02, 1.1E+02, 1.1E+02, 1.1E+02, 1.1E+02, 1.1E+02, 1.1E+02, 1.1E+02, 1.1E+02, 1.1E-06, 3.7E-07, 2.1E-07, 1.7E-07, 3.1E-06, 5.9E-07, 2.0E+01, 2.0E+01, 2.0E+01, 2.0E+01, 2.0E+01, 2.0E+01, 2.0E+01, 2.0E+01, 2.0E+01, 2.0E+01, 2.0E+01, 2.0E+01, 2.0E+01, 2.0E+01, 1.0E-07, 1.4E-07, 2.4E-07, 1.3E-06, 2.7E-06, 2.9E-06, 3.8E-06, 3.9E-06, 5.4E-06, 3.9E-07, 5.3E-07, 6.6E-07, 7.6E-07, 8.2E-07, 8.3E-07, 7.9E-07, 7.1E-07, 6.0E-07, 4.5E-07, 3.1E-07, 2.1E-05, 1.3E-05, 6.6E-06, 5.5E-06, 4.9E-06, 5.3E-06, 3.8E-06, 2.2E-06, 3.1E-07, 1.9E-07, 1.3E-07, 1.2E-07, 1.1E-07, 2.5E-06, 2.9E-07, 3.0E-07, 2.5E-07, 2.2E-07, 1.4E-07, 7.3E-08, 7.0E-08, 8.1E-08, 8.9E-08, 1.2E-07, 1.4E-07, 1.1E-07, 1.2E-07, 1.2E-07, 1.2E-07, 1.3E-07, 1.3E-07, 1.3E-07, 1.3E-07, 1.3E-07, 1.4E-07, 1.4E-07, 1.4E-07, 1.4E-07, 1.4E-07, 1.5E-07, 1.5E-07, 1.6E-07, 1.6E-07, 1.7E-07, 1.8E-07, 1.9E-07, 2.0E-07, 2.1E-07, 2.2E-07, 2.3E-07, 2.3E-07, 2.4E-07, 2.5E-07, 2.6E-07, 2.6E-07, 2.6E-07, 2.6E-07, 2.7E-07, 2.8E-07, 1.9E-07, 1.9E-07, 2.0E-07, 2.0E-07, 2.0E-07, 2.0E-07, 2.0E-07, 2.0E-07, 1.9E-07, 1.8E-07, 1.7E-07, 1.6E-07, 1.2E-08, 1.2E-08, 1.4E-08, 1.8E-08, 1.5E-07, 1.8E-07, 3.0E-07, 4.2E-07, 5.5E-07, 7.1E-09, 9.7E-09, 1.2E-08, 1.7E-08, 2.9E-08, 2.9E-08, 1.8E-07, 3.8E-08, 2.1E-07, 2.3E-07, 1.9E+00, 1.0E+02, 1.0E+02, 1.0E+02, 1.0E+02, 1.0E+02, 1.0E+02, 3.0E+01, 4.2E+01, 7.7E+01, 5.7E+01, 1.0E+02, 1.0E+02, 1.1E+02, 1.1E+02, 1.1E+02, 1.1E+02, 1.1E+02, 1.1E+02, 1.1E+02, 1.1E+02, 1.1E+02, 1.1E+02, 1.1E+02, 1.1E+02, 1.1E+02, 1.1E+02, 1.1E+02, 1.1E+02, 1.1E+02, 1.1E+02, 5.4E-06, 1.3E-06, 8.6E-07, 1.4E-06, 1.8E-07, 1.8E-07, 1.4E-07, 1.5E-07, 1.5E-07, 1.5E-07, 1.6E-07, 1.7E-07, 1.8E-07, 1.9E-07, 2.0E-07, 2.2E-07, 2.6E-07, 4.4E-07, 2.2E-07, 1.9E-07, 7.7E-07, 2.3E-07, 2.0E-07, 3.9E-07, 2.6E-07, 8.6E-07, 7.9E-07, 2.0E+01, 2.0E+01, 2.0E+01, 2.0E+01, 2.0E+01, 2.0E+01, 1.7E+01, 9.3E-08, 9.7E-08, 1.0E-07, 1.0E-07, 3.5E-07, 1.3E-07, 1.1E-07, 1.5E-07, 2.2E-07, 2.0E+01, 2.0E+01, 2.0E+01, 2.0E+01, 2.0E+01, 1.1E+02, 1.1E+02, 1.1E+02, 1.1E+02, 1.1E+02, 1.1E+02, 1.1E+02, 1.1E+02, 1.1E+02, 1.1E+02, 1.1E+02, 1.1E+02, 1.1E+02, 1.1E+02, 1.1E+02, 1.1E+02, 1.1E+02, 1.1E+02, 1.1E+02, 1.6E+01, 4.8E-07, 8.6E+00, 3.3E-07, 3.3E-07, 3.4E-07, 5.3E-07, 2.5E-07, 7.9E-08, 6.5E-08, 2.8E-06, 2.7E-06, 3.9E-06, 2.5E-07, 4.1E-07, 6.1E-07, 6.8E-07, 5.5E-07, 2.5E-06, 3.6E-06, 4.0E-06, 3.2E-06, 2.6E-06, 2.7E-07, 3.0E-07, 6.1E-07, 3.3E-07, 5.2E-06, 1.1E+02, 1.1E+02, 1.0E+02, 1.0E+02, 2.0E-07, 2.0E-07, 2.0E+01, 1.6E-07, 2.0E-07, 2.4E-07, 3.9E-07, 1.0E-06, 1.9E-06, 2.1E-06, 2.8E-06, 2.0E+01, 2.0E+01, 2.0E+01, 1.1E-07, 9.5E-08, 8.5E-08, 7.9E-08, 7.3E-08, 6.9E-08, 5.0E-06, 1.5E-06, 1.0E-07, 7.7E-08, 9.2E-08, 2.2E-06, 1.0E+02, 1.0E+02, 1.0E+02, 1.0E+02, 1.0E+02, 1.0E+02, 1.0E+02, 1.0E+02, 1.0E+02, 1.0E+02, 1.0E+02, 1.0E+02, 1.0E+02, 1.0E+02, 1.0E+02, 1.0E+02, 1.0E+02, 2.9E-06, 7.2E-07, 4.2E-07, 3.0E-07, 2.4E-07, 1.9E-07, 1.6E-07, 1.3E-07, 1.4E-07, 1.9E-07, 2.0E-07, 1.9E-07, 1.7E-07, 1.7E-07, 1.8E-07, 3.3E-07, 1.2E-06, 1.7E-06, 2.0E-06, 1.8E-06, 1.7E-06, 2.0E-06, 1.6E-06, 1.0E-06, 3.8E-07, 3.6E-07, 3.6E-07, 3.5E-07, 3.6E-07, 3.7E-07, 3.5E-07, 3.2E-07, 3.9E-07, 4.0E-07, 4.4E-07, 4.5E-07, 4.5E-07, 2.5E-07, 3.4E-07, 4.2E-07, 3.0E-07, 3.0E-07, 3.8E-07, 4.6E-07, 5.4E-07, 3.6E-07, 4.2E-07, 5.1E-07, 5.8E-07, 7.0E-07, 7.7E-07, 1.7E-07, 2.0E-07, 1.7E-07, 2.2E-07, 2.1E-07, 4.8E-07, 6.2E-07, 2.1E-07, 2.2E-07, 2.9E-07, 4.1E-07, 8.1E-07, 3.2E-07, 3.4E-07, 2.1E-07, 1.7E-07, 1.4E-07, 1.4E-07, 1.5E-07, 1.5E-07, 1.5E-07, 1.6E-07, 2.3E-07, 3.2E-07, 1.8E-08, 6.4E-09, 7.6E-09, 4.7E-09, 4.5E-09, 4.5E-09, 7.1E-07, 2.8E-08, 7.5E-08, 9.3E-09, 1.0E-08, 1.6E-08, 2.9E-07, 2.5E-09, 1.2E-06, 6.8E-08, 1.1E-09, 1.0E+02, 1.0E+02, 1.0E+02, 1.0E+02, 1.0E+02, 1.0E+02, 1.0E+02, 6.9E+00, 1.5E-06, 1.8E-07, 5.0E-08, 2.4E-08, 2.7E-07, 2.4E-07, 1.9E-07, 1.1E-06, 1.7E-06, 1.3E-06, 2.0E+01, 2.0E+01, 2.0E+01, 2.0E+01, 2.0E+01, 1.0E+02, 9.0E-08, 1.6E-08, 6.7E-09, 6.9E-09, 5.0E-09, 3.8E-07, 2.3E-07, 1.3E-07, 1.4E-07, 1.2E-07, 1.4E-07, 2.1E-08, 3.9E-07, 1.0E+02, 1.0E+02, 1.0E+02, 1.0E+02, 1.0E+02, 1.0E+02, 1.0E+02, 1.0E+02, 1.0E+02, 1.0E+02, 1.0E+02, 1.0E+02, 1.0E+02, 1.0E+02, 1.0E+02, 1.0E+02, 1.0E+02, 1.0E+02, 1.0E+02, 5.4E+01, 1.3E-07, 8.6E+00, 9.6E-08, 9.3E-08, 8.5E-08, 8.7E-08, 9.0E-08, 9.2E-08, 9.3E-08, 9.3E-08, 9.1E-08, 8.7E-08, 8.4E-08, 8.3E-08, 7.7E-08, 1.2E-07, 1.7E-07, 2.0E-07, 2.0E-07, 2.0E-07, 2.0E-07, 2.0E-07, 2.1E-07, 2.2E-07, 2.2E-07, 2.3E-07, 2.3E-07, 2.3E-07, 2.4E-07, 2.4E-07, 2.5E-07, 2.6E-07, 2.6E-07, 2.5E-07, 2.3E-07, 2.2E-07, 2.5E-07, 2.8E-07, 3.4E-07, 4.8E-07, 1.4E-07, 4.0E-06, 2.0E+01, 2.0E+01, 2.0E+01, 2.0E+01, 2.0E+01, 2.0E+01, 2.0E+01, 1.1E-07, 1.1E-07, 1.7E-07, 6.5E-08, 1.0E+02, 1.0E+02, 1.0E+02, 1.0E+02, 1.0E+02, 1.0E+02, 1.0E+02, 1.0E+02, 1.0E+02, 1.0E+02, 1.0E+02, 1.0E+02, 1.0E+02, 1.0E+02, 1.0E+02, 1.0E+02, 1.0E+02, 1.0E+02, 1.0E+02, 1.1E+02, 1.1E+02, 8.6E+00, 8.6E+00, 8.6E+00, 8.6E+00, 8.6E+00, 8.6E+00, 8.6E+00, 8.6E+00, 8.6E+00, 8.6E+00, 8.6E+00, 5.0E-06, 2.3E-06, 3.2E-06, 3.1E-06, 5.5E-08, 3.3E-07, 3.2E-07, 6.2E-07, 4.2E-05, 5.3E-05, 4.5E-05, 2.0E+01, 2.0E+01, 2.0E+01, 3.3E-07, 2.6E-07, 4.7E-07, 2.7E-07, 2.4E-07, 2.3E-07, 1.7E-07, 2.6E-07, 2.8E-07, 2.9E-07, 5.4E-07, 2.8E-07, 9.1E-07, 2.0E+01, 3.7E+01, 1.1E+02, 1.1E+02, 1.1E+02, 1.1E+02, 1.1E+02, 1.1E+02, 1.1E+02, 1.1E+02, 1.1E+02, 1.1E+02, 1.1E+02, 1.1E+02, 1.1E+02, 1.1E+02, 1.1E+02, 1.1E+02, 1.1E+02, 2.0E+01, 2.0E+01, 2.0E+01, 2.0E+01, 2.0E+01, 2.0E+01, 2.0E+01, 2.0E+01, 2.0E+01, 2.0E+01, 1.1E-08, 6.7E-08, 1.1E-07, 1.4E-07, 2.0E-06, 5.7E-08, 6.7E-08, 8.6E-08, 1.2E-07, 4.7E-07, 2.5E-06, 3.1E-06, 4.1E-06, 5.9E-06, 1.4E-05, 2.8E-07, 4.7E-07, 6.6E-07, 8.7E-07, 1.1E-06, 1.3E-06, 1.4E-06, 1.5E-06, 1.4E-06, 1.3E-06, 1.0E-06, 7.3E-07, 5.4E-07, 3.4E-07, 2.0E-05, 1.0E-05, 6.0E-06, 5.5E-06, 4.1E-06, 4.5E-06, 2.7E-06, 7.6E-07, 2.2E-07, 1.3E-07, 1.2E-07, 1.1E-07, 2.4E-06, 3.2E-07, 3.8E-07, 2.9E-07, 2.4E-07, 1.9E-07, 2.4E-07, 2.4E-07, 2.1E-07, 1.6E-07, 1.3E-07, 1.2E-07, 1.7E-07, 1.3E-07, 1.4E-07, 1.4E-07, 1.4E-07, 1.4E-07, 1.5E-07, 1.5E-07, 1.5E-07, 1.5E-07, 1.5E-07, 1.5E-07, 1.6E-07, 1.6E-07, 1.6E-07, 1.6E-07, 1.6E-07, 1.6E-07, 1.6E-07, 2.3E-07, 2.3E-07, 2.5E-07, 2.6E-07, 2.7E-07, 2.7E-07, 2.7E-07, 2.7E-07, 2.7E-07, 2.7E-07, 2.8E-07, 2.9E-07, 3.1E-07, 3.3E-07, 3.4E-07, 3.7E-07, 4.5E-07, 5.0E-07, 5.8E-07, 6.7E-09, 8.1E-09, 1.0E-08, 1.3E-08, 1.3E-08, 1.4E-07, 1.3E-07, 1.9E-07, 2.7E-07, 3.5E-07, 4.3E-07, 5.8E-07, 7.2E-09, 8.4E-09, 9.5E-09, 1.5E-08, 6.7E-09, 4.5E-07, 4.5E-09, 3.0E-07, 2.9E-07, 2.3E-06, 1.0E+02, 1.0E+02, 1.0E+02, 1.0E+02, 1.0E+02, 1.0E+02, 9.3E-05, 1.0E+02, 1.0E+02, 1.0E+02, 1.0E+02, 1.0E+02, 1.0E+02, 1.0E+02, 1.0E+02, 1.1E+02, 1.1E+02, 1.1E+02, 1.1E+02, 1.1E+02, 1.1E+02, 1.1E+02, 1.1E+02, 1.1E+02, 1.1E+02, 1.1E+02, 7.4E+01, 8.6E+00, 8.6E+00, 8.6E+00, 8.6E+00, 8.6E+00, 8.6E+00, 8.6E+00, 8.6E+00, 8.6E+00, 8.6E+00, 8.6E+00, 3.6E-06, 1.6E-06, 6.5E-06, 8.5E-06, 1.7E-06, 5.0E-06, 1.2E-05, 5.2E-05, 3.8E-05, 8.3E-06, 2.5E-05, 2.9E-05, 1.8E-05, 7.2E-05, 4.2E-05, 4.8E-05, 4.7E-05, 4.3E-05, 4.6E-05, 2.2E-07, 2.2E-07, 2.3E-07, 2.3E-07, 2.4E-07, 2.4E-07, 2.5E-07, 1.5E-07, 1.6E-07, 1.9E-07, 2.1E-07, 2.3E-07, 2.6E-07, 2.8E-07, 3.5E-07, 4.2E-07, 4.4E-07, 3.5E-07, 3.4E-07, 3.5E-07, 2.8E-08, 2.5E-07, 8.3E-07, 1.1E+02, 1.1E+02, 1.1E+02, 1.1E+02, 1.1E+02, 1.1E+02, 1.1E+02, 1.1E+02, 1.1E+02, 1.1E+02, 1.1E+02, 1.1E+02, 1.1E+02, 1.1E+02, 1.1E+02, 1.1E+02, 1.1E+02, 1.1E+02, 5.1E+01, 2.0E+01, 2.0E+01, 2.0E+01, 2.0E+01, 2.0E+01, 2.0E+01, 2.0E+01, 2.0E+01, 3.8E-08, 3.8E-08, 3.9E-08, 4.0E-08, 4.1E-08, 4.2E-08, 4.4E-08, 4.0E-08, 4.1E-08, 4.2E-08, 4.3E-08, 4.5E-08, 4.5E-08, 4.6E-08, 4.7E-08, 4.5E-08, 4.3E-08, 5.8E-08, 1.1E-07, 1.6E-07, 1.9E-07, 2.9E-08, 5.3E-07, 1.6E-07, 1.6E-07, 1.2E-07, 9.7E-08, 8.0E-08, 6.8E-08, 6.2E-08, 5.9E-08, 8.0E-08, 6.0E-08, 6.3E-08, 6.8E-08, 7.2E-08, 7.8E-08, 8.4E-08, 9.0E-08, 9.5E-08, 9.8E-08, 9.4E-08, 1.0E-07, 1.1E-07, 1.1E-07, 1.2E-07, 2.5E-07, 5.1E-07, 1.4E-07, 1.0E+02, 1.0E+02, 1.0E+02, 1.0E+02, 1.0E+02, 1.0E+02, 1.0E+02, 1.0E+02, 1.0E+02, 1.0E+02, 1.0E+02, 1.0E+02, 1.0E+02, 1.0E+02, 1.0E+02, 1.1E+02, 1.1E+02, 1.1E+02, 1.1E+02, 9.4E+01, 8.6E+00, 8.6E+00, 3.1E-07, 7.4E-07, 3.7E-07, 7.5E-07, 9.1E-07, 8.6E+00, 8.6E+00, 8.6E+00, 8.6E+00, 8.6E+00, 8.6E+00, 4.9E-06, 1.3E-05, 6.4E-06, 6.2E-06, 1.5E-05, 2.3E-05, 5.3E-05, 3.1E-06, 4.0E-06, 9.8E-06, 1.4E-05, 3.9E-05, 9.4E-06, 1.7E-06, 2.3E-07, 2.2E-07, 2.2E-07, 2.2E-07, 2.0E-07, 2.3E-07, 2.8E-07, 3.8E-07, 3.8E-07, 2.8E-07, 2.8E-07, 4.2E-07, 5.7E-07, 1.3E-07, 1.1E-07, 1.1E-07, 1.6E-07, 1.3E-07, 4.2E-07, 4.5E-07, 1.7E-07, 8.3E-07, 3.2E-07, 1.2E-07, 1.2E-07, 1.3E-07, 1.3E-07, 1.6E-07, 1.7E-07, 1.3E-07, 1.3E-07, 1.3E-07, 1.3E-07, 1.3E-07, 1.4E-07, 1.4E-07, 1.4E-07, 1.4E-07, 1.4E-07, 1.5E-07, 1.5E-07, 1.6E-07, 1.7E-07, 2.0E-07, 2.1E-07, 2.2E-07, 2.4E-07, 2.6E-07, 2.9E-07, 3.0E-07, 2.9E-07, 2.9E-07, 3.2E-07, 3.6E-07, 4.0E-07, 5.2E-09, 7.8E-09, 1.0E-08, 1.4E-08, 1.7E-08, 2.0E-08, 7.3E-08, 3.0E-07, 1.5E-08, 1.8E-07, 2.9E-09, 1.2E-07, 1.7E-07, 8.1E-08, 4.7E-09, 1.8E-08, 1.3E-07, 8.5E-08, 1.7E-07, 3.2E-07, 4.2E-06, 7.2E+01, 1.0E+02, 1.0E+02, 1.0E+02, 1.0E+02, 1.0E+02, 1.0E+02, 5.6E+01, 1.0E+02, 1.0E+02, 1.0E+02, 1.0E+02, 1.0E+02, 1.0E+02, 1.0E+02, 1.0E+02, 1.0E+02, 1.0E+02, 1.0E+02, 1.0E+02, 1.0E+02, 1.0E+02, 1.0E+02, 1.0E+02, 1.0E+02, 1.0E+02, 3.9E-07, 6.9E-08, 4.1E-08, 3.0E-08, 2.5E-08, 2.2E-08, 2.0E-08, 1.9E-08, 1.8E-08, 1.8E-08, 1.8E-08, 1.8E-08, 1.8E-08, 1.9E-08, 2.0E-08, 2.4E-08, 2.7E-08, 2.6E-08, 3.0E-08, 3.2E-08, 3.5E-08, 3.7E-08, 3.9E-08, 4.2E-08, 4.5E-08, 4.8E-08, 5.2E-08, 5.5E-08, 5.9E-08, 6.2E-08, 6.5E-08, 6.8E-08, 7.2E-08, 7.6E-08, 8.0E-08, 8.4E-08, 8.8E-08, 9.1E-08, 9.4E-08, 9.8E-08, 1.0E-07, 1.1E-07, 1.1E-07, 1.1E-07, 4.5E-07, 1.5E-07, 1.6E-07, 1.7E-07, 1.8E-07, 4.9E-07, 4.4E-07, 4.4E-07, 4.6E-07, 1.7E-07, 2.2E-07, 2.3E-07, 2.0E-07, 2.3E-07, 2.3E-07, 2.5E-07, 2.9E-07, 1.4E-07, 2.8E-07, 3.3E-08, 6.1E-07, 1.1E+02, 1.1E+02, 1.1E+02, 1.1E+02, 1.1E+02, 1.1E+02, 1.1E+02, 1.1E+02, 1.1E+02, 1.1E+02, 1.1E+02, 1.1E+02, 1.1E+02, 1.1E+02, 1.1E+02, 1.1E+02, 1.1E+02, 1.1E+02, 1.1E+02, 1.1E+02, 1.1E+02, 1.1E+02, 1.1E+02, 2.0E+01, 2.0E+01, 2.0E+01, 2.0E+01, 2.0E+01, 2.0E+01, 2.0E+01, 2.0E+01, 2.0E+01, 8.6E+00, 1.6E-06, 8.3E-07, 4.5E-06, 4.5E-06, 1.1E-05, 4.6E-06, 1.2E-05, 2.9E-06, 4.2E-06, 3.7E-08, 3.9E-08, 3.9E-08, 4.0E-08, 4.0E-08, 4.0E-08, 4.1E-08, 4.0E-08, 3.9E-08, 3.7E-08, 3.4E-08, 3.2E-08, 2.9E-08, 8.2E-08, 1.0E-07, 1.7E-07, 1.3E-07, 1.6E-07, 1.5E-07, 2.6E-08, 3.8E-08, 6.1E-08, 1.2E-07, 8.0E+00, 1.0E+02, 1.0E+02, 1.0E+02, 1.0E+02, 1.0E+02, 1.0E+02, 1.0E+02, 1.0E+02, 1.0E+02, 1.0E+02, 1.0E+02, 1.0E+02, 1.0E+02, 1.0E+02, 1.5E-05, 1.2E-06, 5.3E-07, 3.4E-07, 2.5E-07, 2.0E-07, 2.6E-07, 2.6E-07, 2.4E-07, 1.2E-06, 3.2E-06, 1.4E-07, 1.4E-07, 1.7E-07, 2.1E-07, 4.6E-07, 2.4E-06, 3.0E-06, 2.7E-06, 3.7E-06, 4.3E-06, 4.8E-06, 5.1E-06, 5.1E-06, 5.0E-06, 4.5E-06, 4.3E-06, 3.9E-06, 2.8E-06, 2.9E-06, 2.1E-06, 3.9E-07, 2.8E-07, 2.1E-07, 1.9E-07, 1.8E-07, 1.8E-07, 1.2E-06, 3.3E-07, 3.2E-07, 3.4E-07, 3.4E-07, 3.3E-07, 3.4E-07, 3.2E-07, 4.3E-07, 6.4E-07, 4.4E-07, 5.4E-07, 6.5E-07, 2.1E-07, 2.0E-07, 2.4E-07, 2.8E-07, 3.2E-07, 1.5E-08, 1.8E-08, 2.6E-08, 2.8E-08, 2.8E-08, 4.9E-08, 1.8E-07, 2.7E-08, 1.7E-07, 2.3E-07, 2.6E-07, 7.9E-08, 1.1E-06, 2.4E-06, 1.9E-06, 2.0E+01, 1.1E-08, 2.0E-08, 5.9E-08, 2.6E-07, 5.4E-10, 5.4E-08, 2.0E-07, 2.5E-07, 2.3E-07, 3.8E-08, 1.6E-08, 1.2E-08, 2.2E-07, 2.3E+01, 1.0E+02, 1.0E+02, 1.0E+02, 1.0E+02, 1.0E+02, 1.0E+02, 4.1E+01, 3.7E-07, 3.8E-07, 1.2E-07, 5.0E-08, 3.4E-08, 3.4E-07, 2.5E-07, 2.0E-07, 1.7E-07, 1.9E-07, 2.4E-07, 9.6E-07, 2.5E-07, 7.4E-07, 4.4E-08, 4.3E-07, 1.4E-07, 2.2E-08, 3.7E-08, 3.8E-08, 2.0E+01, 2.0E+01, 2.0E+01, 2.0E+01, 2.0E+01, 2.0E+01, 1.5E+01, 6.4E+00, 8.8E+00, 4.2E-08, 2.0E-09, 5.9E-09, 6.3E-08, 5.4E+01, 1.0E+02, 1.8E-08, 1.9E-08, 1.9E-08, 2.0E-08, 1.4E-08, 6.4E-09, 1.5E-07, 1.5E-07, 2.1E-07, 2.7E-07, 3.0E-07, 2.8E-07, 1.6E-07, 1.4E-07, 1.4E-07, 1.9E-07, 1.9E-07, 5.6E-09, 1.0E-06, 1.0E+02, 1.0E+02, 1.0E+02, 1.0E+02, 1.0E+02, 1.0E+02, 1.0E+02, 1.0E+02, 1.0E+02, 1.0E+02, 1.0E+02, 1.0E+02, 1.0E+02, 1.0E+02, 1.0E+02, 1.0E+02, 1.0E+02, 1.1E+02, 1.1E+02, 1.1E+02, 1.1E+02, 2.7E-06, 2.1E-07, 1.5E-07, 1.4E-07, 1.3E-07, 1.3E-07, 1.3E-07, 1.3E-07, 1.3E-07, 2.3E-07, 2.2E-07, 2.6E-07, 2.6E-07, 2.6E-07, 3.0E-07, 3.7E-07, 4.6E-07, 3.6E-07, 4.6E-07, 6.4E-07, 1.0E-06, 2.6E-06, 3.2E-07, 5.3E-06, 1.7E-06, 8.9E-08, 1.7E-06, 2.6E-06, 2.1E-07, 1.1E-05, 2.0E+01, 2.0E+01, 2.0E+01, 2.0E+01, 2.0E+01, 2.0E+01, 2.0E+01, 1.1E+02, 1.1E+02, 1.1E+02, 1.1E+02, 1.1E+02, 1.1E+02, 1.1E+02, 1.1E+02, 1.1E+02, 1.1E+02, 1.1E+02, 1.1E+02, 1.1E+02, 1.1E+02, 1.1E+02, 2.0E+01, 2.0E+01, 2.0E+01, 2.0E+01, 2.0E+01, 2.0E+01, 6.5E-08, 6.0E-08, 5.6E-08, 5.3E-08, 4.5E-08, 4.4E-08, 4.3E-08, 4.3E-08, 4.2E-08, 4.1E-08, 3.9E-08, 3.7E-08, 3.3E-08, 2.9E-08, 2.4E-08, 2.6E-08, 3.0E-08, 6.2E-08, 9.4E-08, 4.5E-08, 5.9E-08, 2.1E-07, 1.0E-08, 4.2E-07, 5.9E-07, 4.5E-07, 1.4E-08, 1.1E-07, 5.8E-08, 3.7E-08, 7.9E-08, 1.4E-07, 1.6E-07, 1.5E-07, 1.3E-07, 9.1E-08, 6.8E-08, 5.0E-08, 5.9E-08, 6.9E-08, 2.0E+01, 2.0E+01, 2.0E+01, 2.0E+01, 1.8E-06, 1.9E-06, 1.9E-07, 5.2E-07, 1.4E-07, 1.4E-07, 1.5E-07, 1.5E-07, 2.4E-07, 1.4E-08, 3.1E-06, 1.1E+02, 1.1E+02, 1.1E+02, 1.1E+02, 1.1E+02, 1.1E+02, 1.1E+02, 1.1E+02, 1.1E+02, 1.1E+02, 1.1E+02, 1.1E+02, 1.1E+02, 1.1E+02, 1.1E+02, 1.1E+02, 1.1E+02, 1.1E+02, 1.1E+02, 1.1E+02, 1.1E+02, 1.1E+02, 2.8E-06, 3.6E-06, 4.5E-06, 1.3E-07, 2.9E-07, 4.8E-07, 2.7E-07, 6.8E-07, 8.0E-07, 1.8E-07, 5.5E-06, 4.4E-06, 3.5E-06, 3.1E-06, 1.8E-06, 2.3E-07, 3.2E-06, 2.0E-07, 1.9E-07, 2.1E-07, 2.1E-06, 5.5E-06, 3.9E-06, 9.6E-06, 8.9E-06, 5.6E-06, 2.9E-06, 3.6E-07, 5.0E-07, 1.9E-07, 4.9E-07, 4.2E-07, 4.3E-07, 4.9E-07, 2.4E-07, 2.5E-07, 2.3E-07, 2.4E-07, 5.8E-07, 2.7E-07, 3.4E-07, 5.7E-07, 4.4E-07, 3.8E-07, 1.3E-07, 5.5E-08, 6.3E-08, 6.3E-08, 7.3E-08, 8.3E-08, 9.1E-08, 9.7E-08, 1.0E-07, 1.1E-07, 1.1E-07, 1.1E-07, 1.2E-07, 1.2E-07, 1.2E-07, 1.3E-07, 1.3E-07, 1.3E-07, 1.3E-07, 1.4E-07, 1.4E-07, 1.4E-07, 1.4E-07, 1.5E-07, 1.5E-07, 1.6E-07, 1.7E-07, 1.8E-07, 1.9E-07, 2.0E-07, 2.1E-07, 2.3E-07, 2.5E-07, 2.8E-07, 3.0E-07, 3.0E-07, 2.8E-07, 3.0E-07, 3.3E-07, 3.6E-07, 3.9E-07, 1.6E-07, 1.6E-07, 1.6E-07, 2.0E-07, 3.1E-07, 4.3E-07, 6.3E-09, 9.2E-09, 1.1E-08, 1.5E-08, 1.6E-08, 1.7E-08, 5.2E-08, 5.3E-07, 4.4E-08, 7.8E-07, 1.8E-06, 3.1E-07, 2.1E-07, 1.3E-07, 2.1E-08, 1.6E+01, 1.0E+02, 1.0E+02, 1.0E+02, 1.0E+02, 1.0E+02, 1.0E+02, 1.0E+02, 1.0E+02, 1.0E+02, 1.0E+02, 1.0E+02, 1.0E+02, 1.0E+02, 1.1E+02, 1.1E+02, 1.1E+02, 1.1E+02, 1.1E+02, 1.1E+02, 1.1E+02, 1.1E+02, 1.1E+02, 1.1E+02, 1.1E+02, 2.0E+01, 2.0E+01, 2.0E+01, 2.0E+01, 2.0E+01, 2.0E+01, 2.0E+01, 2.0E+01, 2.0E+01, 2.0E+01, 2.0E+01, 2.0E+01, 2.0E+01, 6.8E-07, 2.1E-07, 1.5E-07, 1.2E-07, 1.1E-07, 1.0E-07, 1.0E-07, 1.0E-07, 1.1E-07, 1.1E-07, 1.0E-07, 1.1E-07, 1.2E-07, 1.2E-07, 1.3E-07, 3.8E-08, 4.1E-08, 4.4E-08, 4.8E-08, 5.3E-08, 5.6E-08, 6.0E-08, 6.3E-08, 6.6E-08, 6.9E-08, 7.2E-08, 7.5E-08, 7.7E-08, 7.9E-08, 8.1E-08, 8.3E-08, 8.5E-08, 8.7E-08, 8.9E-08, 9.1E-08, 9.2E-08, 9.4E-08, 9.6E-08, 9.8E-08, 1.0E-07, 1.0E-07, 1.1E-07, 1.1E-07, 1.1E-07, 1.1E-07, 1.1E-07, 1.2E-07, 1.2E-07, 1.2E-07, 1.3E-07, 2.5E-07, 1.2E-08, 1.8E-07, 1.0E+02, 1.0E+02, 1.0E+02, 1.0E+02, 1.0E+02, 1.0E+02, 1.1E+02, 1.1E+02, 1.1E+02, 1.1E+02, 1.1E+02, 1.1E+02, 1.1E+02, 1.1E+02, 1.1E+02, 1.1E+02, 1.1E+02, 1.1E+02, 8.7E+01, 2.0E+01, 2.0E+01, 1.0E-06, 5.2E-07, 4.0E-07, 3.3E-07, 2.9E-07, 3.8E-06, 4.1E-07, 3.4E-06, 2.9E-06, 4.8E-06, 3.8E-07, 5.3E-07, 7.9E-07, 1.1E-06, 1.7E-06, 2.1E-06, 2.2E-06, 2.0E-06, 1.4E-06, 1.4E-06, 9.7E-07, 7.4E-07, 5.5E-07, 3.8E-07, 7.0E-06, 5.3E-06, 3.2E-06, 1.6E-06, 1.1E-07, 1.1E-07, 1.4E-07, 2.0E+01, 2.0E+01, 2.0E+01, 2.0E+01, 2.0E+01, 1.7E-05, 2.3E-06, 3.5E-07, 8.6E-07, 8.8E-07, 1.7E-07, 3.6E-07, 9.8E-08, 9.9E-08, 1.5E-07, 1.8E-07, 8.5E-09, 1.3E-06, 1.0E+02, 1.0E+02, 1.0E+02, 1.0E+02, 1.0E+02, 1.0E+02, 1.0E+02, 1.0E+02, 1.0E+02, 1.0E+02, 1.0E+02, 1.0E+02, 1.0E+02, 1.0E+02, 1.0E+02, 1.0E+02, 1.0E+02, 1.0E+02, 9.0E+00, 4.5E-07, 2.2E-07, 1.5E-07, 3.0E-07, 2.3E-07, 2.3E-07, 2.1E-07, 4.5E-07, 1.6E-07, 1.4E-07, 3.1E-06, 3.7E-06, 9.7E-07, 2.8E-06, 3.3E-06, 2.8E-06, 4.1E-06, 6.1E-06, 3.0E-06, 2.9E-06, 2.6E-06, 2.4E-06, 3.2E-06, 2.8E-06, 1.3E-06, 2.3E-07, 3.2E-06, 1.7E-07, 1.6E-07, 1.6E-07, 1.6E-07, 1.5E-07, 2.1E-06, 6.0E-07, 2.7E-07, 2.6E-07, 2.7E-07, 2.8E-07, 2.5E-07, 2.3E-07, 2.6E-07, 3.0E-07, 3.9E-07, 4.3E-07, 4.0E-07, 3.2E-07, 3.3E-07, 3.9E-07, 6.6E-07, 2.1E-07, 2.3E-07, 2.0E-07, 1.7E-07, 5.1E-07, 1.7E-07, 5.8E-07, 1.7E-07, 4.3E-07, 3.9E-07, 6.3E-07, 3.6E-07, 2.5E-07, 2.4E-07, 2.7E-07, 3.0E-07, 3.2E-07, 3.4E-07, 3.4E-07, 1.5E-07, 1.4E-07, 1.4E-07, 1.4E-07, 1.5E-07, 1.5E-07, 2.4E-07, 3.3E-07, 1.6E-08, 6.1E-09, 7.5E-09, 8.3E-09, 9.3E-09, 2.1E-09, 7.6E-07, 4.1E-10, 1.0E-09, 3.6E-09, 9.9E-09, 1.1E-07, 2.2E-07, 9.0E-08, 1.9E-08, 5.5E-08, 1.4E-06, 1.0E+02, 1.0E+02, 1.0E+02, 1.0E+02, 1.0E+02, 1.0E+02, 1.0E+02, 1.2E-05, 5.3E-07, 8.0E-08, 2.7E-08, 4.0E-07, 2.1E-07, 1.0E-07, 1.6E-06, 1.2E-07, 7.4E-08, 2.0E+01, 2.0E+01, 2.0E+01, 2.0E+01, 1.0E+02, 1.0E+02, 1.0E+02, 1.0E+02, 1.0E+02, 1.0E+02, 1.0E+02, 1.0E+02, 1.0E+02, 1.0E+02, 1.0E+02, 1.1E+02, 1.1E+02, 1.1E+02, 1.1E+02, 1.1E+02, 1.1E+02, 1.1E+02, 1.1E+02, 1.1E+02, 5.3E+01, 2.0E+01, 2.0E+01, 2.0E+01, 2.0E+01, 2.0E+01, 2.0E+01, 2.0E+01, 2.0E+01, 2.0E+01, 2.0E+01, 2.0E+01, 1.5E-07, 1.1E-07, 9.7E-08, 9.0E-08, 8.7E-08, 8.7E-08, 1.7E-08, 2.1E-08, 2.0E-08, 2.3E-08, 2.6E-08, 2.9E-08, 3.2E-08, 3.4E-08, 3.6E-08, 3.9E-08, 4.1E-08, 4.5E-08, 4.8E-08, 5.1E-08, 5.4E-08, 5.6E-08, 5.8E-08, 6.0E-08, 6.2E-08, 6.4E-08, 6.5E-08, 6.7E-08, 6.8E-08, 7.0E-08, 7.2E-08, 7.4E-08, 7.7E-08, 7.9E-08, 8.2E-08, 8.5E-08, 8.9E-08, 9.2E-08, 9.6E-08, 1.0E-07, 1.0E-07, 1.1E-07, 9.7E-08, 1.0E-07, 1.1E-07, 1.1E-07, 1.2E-07, 1.2E-07, 1.2E-07, 1.3E-07, 1.3E-07, 1.3E-07, 2.0E-07, 7.4E-09, 1.1E-06, 1.0E+02, 1.0E+02, 1.0E+02, 1.0E+02, 1.0E+02, 1.0E+02, 1.0E+02, 1.0E+02, 1.0E+02, 1.0E+02, 1.0E+02, 1.0E+02, 1.0E+02, 1.0E+02, 1.0E+02, 1.0E+02, 1.0E+02, 1.1E+02, 1.1E+02, 1.1E+02, 1.1E+02, 2.7E+01, 4.3E-06, 3.8E-07, 3.1E-07, 3.0E-06, 1.3E-07, 1.4E-07, 2.1E-07, 2.2E-07, 3.7E-07, 2.7E-06, 3.8E-06, 3.5E-06, 4.6E-06, 5.7E-06, 7.7E-06, 9.8E-06, 1.2E-05, 1.5E-05, 1.6E-05, 7.9E-06, 2.1E-07, 2.0E+01, 2.0E+01, 2.0E+01, 2.0E+01, 2.0E+01, 2.0E+01, 2.0E+01, 1.9E-07, 4.4E-06, 5.3E-06, 9.5E-07, 5.4E-06, 4.4E-07, 1.6E-06, 2.0E+01, 2.0E+01, 2.0E+01, 2.0E+01, 2.0E+01, 2.0E+01, 2.0E+01, 2.0E+01, 7.5E-09, 3.5E-08, 2.5E-07, 1.0E+02, 1.0E+02, 1.0E+02, 1.0E+02, 1.0E+02, 1.0E+02, 1.0E+02, 1.0E+02, 1.0E+02, 1.1E+02, 1.1E+02, 1.1E+02, 1.1E+02, 1.1E+02, 1.1E+02, 1.1E+02, 1.1E+02, 1.1E+02, 4.5E+01, 3.7E-05, 3.9E-05, 3.5E-05, 6.9E-05, 2.7E-06, 9.4E-06, 6.2E-05, 1.5E-06, 2.0E-06, 5.4E-05, 2.9E-06, 3.8E-06, 4.7E-06, 4.8E-06, 4.1E-06, 1.9E-07, 3.8E-07, 1.2E-06, 2.3E-06, 1.0E-05, 4.8E-05, 8.9E-07, 8.1E-07, 7.4E-07, 8.7E-07, 1.6E-06, 2.2E-06, 7.9E-06, 4.2E-06, 2.6E-06, 1.7E-06, 1.0E-07, 2.4E-06, 2.4E-06, 2.3E-06, 1.3E-06, 4.2E-07, 1.9E-06, 2.1E-07, 2.8E-07, 2.9E-07, 3.0E-07, 1.8E-07, 2.0E+01, 2.0E+01, 2.0E+01, 2.0E+01, 2.0E+01, 2.0E+01, 2.1E-06, 2.6E-07, 2.4E-07, 1.5E-07, 2.0E+01, 2.0E+01, 2.0E+01, 2.0E+01, 2.0E+01, 2.0E+01, 2.0E+01, 2.0E+01, 2.0E+01, 2.0E+01, 2.0E+01, 2.0E+01, 2.0E+01, 2.0E+01, 2.0E+01, 2.0E+01, 2.6E-07, 2.3E-06, 3.1E-07, 3.0E-06, 5.0E-06, 1.9E-07, 2.2E-05, 1.5E-06, 2.2E-07, 1.2E-06, 1.6E-06, 2.8E-07, 3.5E-06, 3.5E-06, 8.1E-07, 2.0E+01, 2.0E+01, 2.0E+01, 2.0E+01, 2.0E+01, 2.0E+01, 1.9E+01, 2.0E+01, 2.0E+01, 2.0E+01, 2.0E+01, 2.0E+01, 2.0E+01, 1.9E+01, 2.0E+01, 2.0E+01, 2.0E+01, 1.9E+01, 2.0E+01, 2.0E+01, 2.0E+01, 3.4E-06, 1.3E-07, 1.3E-06, 1.0E-06, 4.1E-07, 3.6E-07, 3.3E-07, 2.4E-07, 2.0E+01, 2.0E+01, 8.6E+00, 8.6E+00, 8.6E+00, 8.6E+00, 8.6E+00, 8.6E+00, 8.6E+00, 8.6E+00, 8.6E+00, 8.6E+00, 8.6E+00, 8.6E+00, 8.6E+00, 1.6E-07, 9.7E-07, 3.0E-07, 1.0E+02, 1.0E+02, 1.0E+02, 1.0E+02, 1.0E+02, 1.0E+02, 1.0E+02, 1.0E+02, 1.0E+02, 1.1E+02, 1.1E+02, 1.1E+02, 1.1E+02, 1.1E+02, 1.1E+02, 1.1E+02, 1.1E+02, 1.1E+02, 1.1E+02, 1.1E+02, 1.1E+02, 1.1E+02, 3.3E-07, 3.7E-07, 2.7E-07, 2.1E-07, 1.8E-07, 1.6E-07, 1.4E-07, 1.3E-07, 1.2E-07, 1.2E-07, 1.2E-07, 1.2E-07, 1.2E-07, 1.3E-07, 1.4E-07, 1.6E-07, 1.8E-07, 2.6E-07, 2.9E-07, 3.2E-07, 1.0E-07, 9.9E-08, 1.0E-07, 1.0E-07, 1.2E-07, 1.2E-07, 1.2E-07, 2.6E-06, 4.9E-07, 3.1E-07, 3.5E-06, 7.1E-07, 6.5E-07, 9.2E-07, 1.9E-06, 3.7E-07, 2.0E+01, 2.0E+01, 2.0E+01, 2.0E+01, 1.1E+02, 1.1E+02, 1.1E+02, 1.1E+02, 1.1E+02, 1.1E+02, 1.1E+02, 1.1E+02, 1.1E+02, 1.1E+02, 1.1E+02, 1.1E+02, 1.1E+02, 1.1E+02, 1.1E+02, 1.1E+02, 9.2E+01, 2.0E+01, 2.0E+01, 2.0E+01, 2.0E+01, 2.0E+01, 2.0E+01, 4.6E-08, 4.1E-08, 3.5E-08, 3.0E-08, 2.4E-08, 1.8E-08, 3.9E-08, 1.4E-08, 2.8E-08, 8.9E-08, 1.4E-07, 1.5E-07, 1.6E-07, 1.6E-06, 4.8E-08, 7.0E-08, 7.6E-08, 8.5E-08, 9.8E-08, 1.1E-07, 1.3E-07, 1.5E-07, 1.9E-07, 2.4E-07, 3.5E-07, 1.0E-07, 2.0E-07, 1.0E+02, 1.0E+02, 1.0E+02, 1.0E+02, 1.0E+02, 2.8E-07, 2.4E-08, 7.2E-08, 1.7E-07, 1.7E-07, 1.1E-06, 1.5E-06, 1.3E-07, 1.3E-07, 1.2E-07, 9.0E-08, 6.3E-08, 2.7E-08, 1.3E-06, 6.1E-07, 3.3E-07, 7.4E-07, 2.4E-07, 2.3E-07, 2.1E-07, 1.9E-07, 1.3E-07, 1.1E-07, 2.9E-07, 1.1E-08, 9.0E-07, 1.0E-06, 1.0E+02, 1.0E+02, 1.0E+02, 1.0E+02, 1.0E+02, 1.0E+02, 1.0E+02, 1.0E+02, 1.0E+02, 1.0E+02, 1.0E+02, 1.0E+02, 1.0E+02, 1.0E+02, 1.0E+02, 1.0E+02, 5.4E+01, 7.1E-07, 3.4E-07, 2.3E-07, 1.8E-07, 1.5E-07, 1.3E-07, 1.2E-07, 1.1E-07, 9.9E-08, 9.4E-08, 2.8E-07, 4.9E-07, 4.3E-07, 2.5E-07, 2.1E-07, 2.4E-07, 6.6E-07, 2.0E-06, 3.5E-06, 4.5E-06, 2.0E+01, 2.0E+01, 2.0E+01, 2.0E+01, 2.0E+01, 2.0E+01, 2.0E-07, 2.0E-07, 1.2E-06, 7.3E-07, 2.6E-07, 2.6E-07, 2.5E-07, 2.6E-07, 2.6E-07, 2.7E-07, 2.4E-07, 2.6E-07, 3.4E-07, 3.8E-07, 4.9E-07, 1.7E-07, 1.2E-07, 5.7E-07, 6.3E-07, 3.5E-07, 3.4E-07, 5.2E-07, 3.9E-07, 6.2E-07, 1.5E-07, 1.6E-07, 1.6E-07, 1.7E-07, 1.7E-07, 2.2E-07, 1.7E-07, 1.8E-07, 1.7E-07, 1.9E-07, 1.5E-07, 1.5E-07, 1.5E-07, 1.6E-07, 1.6E-07, 1.6E-07, 1.8E-07, 2.1E-07, 2.4E-07, 2.6E-07, 2.2E-07, 2.1E-07, 1.9E-07, 1.7E-07, 1.4E-07, 1.3E-07, 1.4E-07, 1.4E-07, 1.4E-07, 1.6E-07, 2.5E-07, 3.3E-07, 1.9E-08, 3.9E-08, 1.6E-07, 8.7E-09, 1.2E-07, 1.6E-09, 3.0E-08, 7.7E-08, 2.4E-07, 1.8E-07, 8.1E-08, 3.3E-08, 1.1E-07, 4.2E-07, 4.3E-06, 4.1E-07, 1.4E+01, 1.0E+02, 1.0E+02, 1.0E+02, 1.0E+02, 1.0E+02, 1.0E+02, 1.0E+02, 1.1E-06, 1.4E-07, 2.9E-08, 1.0E+02, 1.0E+02, 1.7E-07, 1.7E-08, 1.3E-08, 1.3E-08, 8.0E-09, 2.0E-07, 1.5E-07, 1.9E-07, 1.3E-07, 1.1E-07, 1.1E-07, 1.0E-07, 1.7E-07, 1.3E-05, 1.0E+02, 1.0E+02, 1.0E+02, 1.0E+02, 1.0E+02, 1.0E+02, 1.0E+02, 1.0E+02, 1.0E+02, 1.0E+02, 1.0E+02, 1.0E+02, 1.1E+02, 1.1E+02, 1.1E+02, 1.1E+02, 1.1E+02, 1.1E+02, 1.1E+02, 1.1E+02, 1.1E+02, 4.1E-06, 2.5E-07, 1.7E-07, 1.7E-07, 1.7E-07, 1.7E-07, 1.8E-07, 1.9E-07, 2.0E-07, 2.2E-07, 2.1E-07, 2.6E-07, 2.5E-07, 2.7E-07, 3.3E-07, 5.3E-07, 3.2E-06, 1.6E-07, 3.4E-08, 4.1E-08, 5.0E-08, 5.8E-08, 6.5E-08, 7.0E-08, 7.8E-08, 8.8E-08, 9.6E-08, 8.8E-08, 9.5E-08, 3.1E-07, 1.5E-07, 1.5E-07, 1.1E-07, 3.7E-07, 3.5E-07, 3.3E-07, 3.0E-07, 2.9E-07, 2.9E-07, 3.0E-07, 3.1E-07, 4.0E-07, 1.5E-07, 1.6E-07, 1.7E-07, 1.6E-07, 2.0E-07, 2.0E+01, 2.0E+01, 2.0E+01, 2.0E+01, 2.0E+01, 2.0E+01, 2.0E+01, 2.0E+01, 2.0E+01, 1.2E-06, 1.0E+02, 1.0E+02, 1.0E+02, 1.0E+02, 1.0E+02, 1.0E+02, 1.0E+02, 1.0E+02, 1.0E+02, 1.0E+02, 1.0E+02, 1.0E+02, 1.0E+02, 1.0E+02, 1.0E+02, 1.0E+02, 1.0E+02, 1.0E+02, 7.2E+01, 3.0E-07, 1.5E-07, 1.0E-07, 8.2E-08, 7.1E-08, 6.3E-08, 5.9E-08, 5.6E-08, 5.5E-08, 5.4E-08, 5.5E-08, 5.5E-08, 5.8E-08, 6.2E-08, 6.5E-08, 6.8E-08, 7.1E-08, 7.4E-08, 2.0E+01, 2.0E+01, 2.0E+01, 2.0E+01, 2.0E+01, 2.0E+01, 2.0E+01, 1.5E+01, 9.7E-07, 4.5E-07, 4.6E-07, 9.8E-07, 2.0E+01, 2.0E+01, 1.1E+02, 1.1E+02, 1.1E+02, 1.1E+02, 1.1E+02, 1.1E+02, 1.1E+02, 1.1E+02, 1.1E+02, 1.1E+02, 1.1E+02, 1.1E+02, 1.1E+02, 1.1E+02, 2.0E+01, 2.0E+01, 2.0E+01, 2.0E+01, 2.0E+01, 2.0E+01, 1.0E-06, 1.9E-06, 7.3E-07, 4.1E-07, 3.2E-07, 2.6E-07, 2.6E-07, 2.6E-07, 3.6E-06, 5.0E-06, 2.7E-06, 4.7E-07, 8.8E-07, 1.3E-06, 1.8E-06, 1.1E-05, 6.9E-06, 1.0E-05, 1.4E-05, 1.3E-05, 9.7E-06, 2.8E-06, 2.5E-06, 2.8E-06, 2.9E-06, 2.6E-06, 2.8E-06, 2.9E-06, 2.4E-06, 2.1E-06, 8.7E-07, 2.2E-07, 1.4E-07, 1.2E-07, 1.1E-07, 1.0E-07, 9.9E-08, 5.5E-08, 1.1E-06, 2.2E-07, 2.2E-07, 2.1E-07, 1.7E-07, 7.7E-08, 7.3E-08, 6.8E-08, 8.3E-08, 1.0E-07, 1.2E-07, 1.7E-07, 1.4E-07, 1.4E-07, 1.5E-07, 1.5E-07, 1.5E-07, 1.5E-07, 1.5E-07, 1.6E-07, 1.7E-07, 1.9E-07, 2.0E-07, 2.1E-07, 2.1E-07, 2.2E-07, 2.2E-07, 2.2E-07, 2.1E-07, 2.0E-07, 1.8E-07, 1.6E-07, 1.4E-07, 1.4E-07, 1.5E-07, 6.4E-09, 9.0E-09, 1.3E-08, 1.6E-08, 7.1E-09, 9.9E-09, 1.3E-08, 1.5E-08, 1.7E-08, 1.8E-08, 1.7E-08, 1.0E-07, 6.8E-08, 9.7E-07, 2.3E-07, 2.1E-07, 5.8E-08, 7.6E-08, 1.2E-07, 1.5E-05, 2.9E+01, 1.0E+02, 1.0E+02, 1.0E+02, 1.0E+02, 1.0E+02, 1.0E+02, 1.0E+02, 1.3E+01, 3.5E-07, 2.8E-07, 7.1E-07, 2.6E-07, 1.2E-07, 9.6E-08, 7.7E-08, 1.5E-07, 7.1E-08, 6.0E-08, 2.7E-07, 6.7E-08, 3.7E-08, 1.2E-07, 3.2E-07, 8.7E-08, 7.5E-07, 2.0E+01, 2.0E+01, 2.0E+01, 2.0E+01, 2.0E+01, 2.0E+01, 3.3E-08, 2.7E-08, 2.4E-08, 2.7E-08, 1.7E-08, 3.6E-07, 1.2E-07, 1.3E-07, 8.9E-09, 8.5E-08, 1.0E+02, 1.0E+02, 1.0E+02, 1.0E+02, 1.0E+02, 1.0E+02, 1.0E+02, 1.0E+02, 1.0E+02, 1.0E+02, 1.0E+02, 1.0E+02, 1.0E+02, 1.0E+02, 1.0E+02, 1.0E+02, 1.0E+02, 1.0E+02, 1.0E+02, 1.0E+02, 3.5E-07, 8.1E-08, 4.9E-08, 3.7E-08, 3.0E-08, 2.7E-08, 2.5E-08, 2.3E-08, 2.2E-08, 2.2E-08, 2.2E-08, 2.3E-08, 2.3E-08, 2.7E-08, 3.1E-08, 3.4E-08, 3.8E-08, 3.5E-08, 3.8E-08, 4.1E-08, 4.5E-08, 2.4E-07, 2.1E-07, 3.6E-07, 1.7E-07, 6.6E-07, 2.0E-07, 3.1E-07, 2.0E+01, 2.0E+01, 2.0E+01, 2.0E+01, 2.0E+01, 2.0E+01, 2.0E+01, 2.6E-07, 2.4E-07, 2.3E-07, 2.2E-07, 2.2E-07, 2.4E-07, 2.6E-07, 2.9E-07, 3.1E-07, 3.5E-07, 4.4E-07, 1.4E-07, 2.0E-07, 8.8E-09, 3.7E-08, 1.3E-07, 7.1E+01, 1.1E+02, 1.1E+02, 1.1E+02, 1.1E+02, 1.1E+02, 1.1E+02, 1.1E+02, 1.1E+02, 1.1E+02, 1.1E+02, 1.1E+02, 1.1E+02, 1.1E+02, 1.1E+02, 1.1E+02, 1.1E+02, 2.0E+01, 2.0E+01, 2.0E+01, 2.0E+01, 2.0E+01, 2.0E+01, 2.0E+01, 2.0E+01, 4.2E-08, 4.1E-08, 4.0E-08, 4.0E-08, 4.0E-08, 4.0E-08, 4.0E-08, 4.1E-08, 4.2E-08, 4.4E-08, 4.6E-08, 4.9E-08, 5.1E-08, 5.2E-08, 5.4E-08, 5.5E-08, 5.6E-08, 5.7E-08, 1.0E-07, 5.9E-08, 6.0E-08, 6.1E-08, 6.2E-08, 6.4E-08, 6.6E-08, 6.8E-08, 7.1E-08, 7.4E-08, 7.7E-08, 8.1E-08, 8.6E-08, 1.0E-07, 1.5E-07, 2.0E-07, 1.9E-07, 3.8E-07, 1.7E-07, 2.1E-07, 1.6E-07, 1.5E-07, 1.5E-07, 1.5E-07, 1.5E-07, 1.6E-07, 1.4E-07, 1.4E-07, 1.5E-07, 1.5E-07, 1.5E-07, 1.7E-07, 1.9E-07, 2.0E-07, 4.2E-07, 2.0E-08, 1.0E+02, 1.0E+02, 1.0E+02, 1.0E+02, 1.0E+02, 1.0E+02, 1.0E+02, 1.0E+02, 1.0E+02, 1.0E+02, 1.0E+02, 1.0E+02, 1.0E+02, 1.1E+02, 1.1E+02, 1.1E+02, 1.1E+02, 1.1E+02, 1.1E+02, 1.1E+02, 1.1E+02, 1.1E+02, 1.1E+02, 1.1E+02, 4.8E+01, 4.6E-06, 4.3E-06, 3.8E-06, 3.4E-06, 2.7E-06, 2.9E-06, 2.4E-07, 2.5E-07, 1.2E-06, 2.8E-07, 2.6E-07, 2.2E-07, 1.9E-07, 2.0E-07, 3.7E-07, 1.4E-07, 2.3E-07, 2.2E-07, 5.0E-06, 2.6E-06, 5.2E-07, 2.5E-07, 3.5E-07, 2.3E-07, 2.3E-06, 1.5E-07, 1.8E-07, 2.4E-07, 3.4E-07, 3.1E-07, 2.6E-07, 3.1E-07, 5.6E-07, 9.7E-08, 1.1E-07, 1.6E-07, 1.2E-07, 3.0E-07, 8.6E-08, 1.9E-06, 1.4E-07, 1.1E-05, 8.3E-08, 6.3E-08, 8.5E-08, 6.3E-07, 1.9E-07, 8.5E-08, 8.7E-08, 9.4E-08, 1.3E-07, 9.5E-08, 1.0E-07, 1.1E-07, 1.1E-07, 1.2E-07, 1.2E-07, 1.2E-07, 1.3E-07, 1.3E-07, 1.3E-07, 1.3E-07, 1.4E-07, 1.4E-07, 1.4E-07, 1.4E-07, 1.6E-07, 1.6E-07, 1.6E-07, 1.8E-07, 1.9E-07, 2.0E-07, 2.1E-07, 2.2E-07, 2.3E-07, 2.3E-07, 2.3E-07, 2.3E-07, 2.2E-07, 3.0E-07, 3.3E-07, 3.6E-07, 4.0E-07, 5.9E-09, 7.8E-09, 1.1E-08, 1.4E-08, 1.8E-08, 2.1E-08, 6.9E-08, 2.9E-07, 1.6E-08, 1.8E-07, 1.9E-07, 2.8E-08, 1.9E-07, 4.3E-08, 3.8E-09, 1.6E-08, 5.6E-07, 2.2E-06, 9.1E+01, 1.0E+02, 5.7E+01, 1.9E-06, 5.6E+01, 1.0E+02, 4.9E-07, 2.3E-08, 1.0E+02, 1.0E+02, 1.0E+02, 1.0E+02, 1.0E+02, 1.0E+02, 1.0E+02, 1.0E+02, 1.1E+02, 1.1E+02, 1.1E+02, 1.1E+02, 1.1E+02, 1.1E+02, 1.1E+02, 1.1E+02, 1.1E+02, 1.1E+02, 1.1E+02, 1.1E+02, 1.1E+02, 1.1E+02, 2.0E+01, 2.0E+01, 2.0E+01, 2.0E+01, 1.4E-06, 1.4E-07, 1.1E-07, 9.2E-08, 8.7E-08, 8.3E-08, 7.9E-08, 8.8E-08, 9.6E-08, 1.1E-07, 1.3E-07, 2.7E-07, 2.1E-07, 1.4E-07, 1.9E-07, 1.7E-07, 3.4E-06, 2.1E-06, 6.0E-07, 2.0E+01, 2.0E+01, 2.0E+01, 2.0E+01, 2.0E+01, 2.0E+01, 4.6E+00, 8.1E+00, 7.2E+00, 7.3E+00, 7.4E+00, 7.4E+00, 1.7E-07, 2.0E-07, 2.2E-07, 2.3E-07, 2.3E-07, 2.3E-07, 2.3E-07, 1.1E-07, 1.1E-07, 3.7E+01, 1.1E+02, 1.1E+02, 1.1E+02, 1.1E+02, 1.1E+02, 1.1E+02, 1.1E+02, 1.1E+02, 1.1E+02, 1.1E+02, 1.1E+02, 1.1E+02, 1.1E+02, 1.1E+02, 1.1E+02, 2.0E+01, 2.0E+01, 2.0E+01, 2.0E+01, 2.0E+01, 2.0E+01, 2.0E+01, 2.0E+01, 2.0E+01, 2.0E+01, 2.0E+01, 2.0E+01, 2.0E+01, 2.7E-08, 2.2E-08, 1.7E-08, 2.8E-08, 1.3E-08, 4.5E-08, 1.1E-07, 1.5E-07, 1.6E-07, 1.6E-07, 3.2E-07, 1.6E-06, 4.1E-08, 6.9E-08, 8.6E-08, 8.8E-08, 9.0E-08, 9.5E-08, 9.9E-08, 1.0E-07, 1.0E-07, 1.0E-07, 1.0E-07, 1.0E-07, 9.9E-08, 9.6E-08, 9.7E-08, 9.2E-08, 6.3E-08, 1.9E-06, 7.3E-07, 2.2E-07, 2.2E-07, 2.1E-07, 2.0E-07, 1.6E-07, 9.0E-08, 5.4E-07, 3.3E-07, 1.5E-06, 2.6E-05, 1.7E-04, 5.0E+01, 1.0E+02, 1.0E+02, 1.0E+02, 1.0E+02, 1.0E+02, 1.0E+02, 1.0E+02, 1.1E+02, 1.1E+02, 1.1E+02, 1.1E+02, 1.1E+02, 1.1E+02, 1.1E+02, 1.1E+02, 1.1E+02, 1.1E+02, 1.1E+02, 1.1E+02, 1.1E+02, 2.0E+01, 2.0E+01, 2.0E+01, 2.0E+01, 2.0E+01, 2.0E+01, 2.0E+01, 2.0E+01, 2.0E+01, 2.0E+01, 2.0E+01, 2.9E-08, 2.7E-08, 2.5E-08, 2.3E-08, 1.9E-08, 1.6E-08, 2.5E-08, 1.1E-08, 9.3E-09, 3.4E-08, 1.6E-07, 1.7E-07, 1.7E-07, 5.6E-07, 1.3E-06, 5.4E-08, 8.4E-08, 9.5E-08, 9.5E-08, 1.0E-07, 1.0E-07, 1.1E-07, 1.1E-07, 1.1E-07, 1.2E-07, 1.2E-07, 1.2E-07, 1.2E-07, 1.2E-07, 1.2E-07, 1.2E-07, 1.1E-07, 1.2E-07, 9.6E-08, 4.2E-08, 7.9E-07, 3.0E-07, 2.9E-07, 2.4E-07, 2.2E-07, 1.6E-07, 8.0E-08, 6.0E-08, 7.1E-08, 8.0E-08, 8.8E-08, 9.5E-08, 1.0E-07, 1.1E-07, 1.4E-07, 1.5E-07, 1.2E-07, 1.2E-07, 1.2E-07, 1.2E-07, 1.2E-07, 1.2E-07, 1.3E-07, 1.3E-07, 1.3E-07, 1.3E-07, 1.3E-07, 1.4E-07, 1.4E-07, 1.4E-07, 1.4E-07, 1.4E-07, 1.5E-07, 1.5E-07, 1.6E-07, 1.6E-07, 1.7E-07, 1.8E-07, 1.9E-07, 2.0E-07, 2.1E-07, 2.1E-07, 2.2E-07, 2.3E-07, 2.4E-07, 2.5E-07, 2.6E-07, 2.6E-07, 2.5E-07, 2.5E-07, 2.6E-07, 2.8E-07, 2.9E-07, 2.0E-07, 1.9E-07, 2.0E-07, 2.0E-07, 2.0E-07, 2.0E-07, 1.9E-07, 1.9E-07, 1.8E-07, 1.7E-07, 1.6E-07, 1.4E-07, 1.2E-07, 1.3E-08, 1.4E-08, 1.9E-08, 2.0E-08, 2.0E-08, 4.0E-08, 8.9E-08, 2.2E-07, 6.4E-09, 2.2E-08, 2.1E-08, 1.3E-06, 5.5E-08, 4.1E-08, 1.0E+02, 1.0E+02, 1.0E+02, 1.0E+02, 1.0E+02, 1.0E+02, 1.0E+02, 1.0E+02, 1.1E+02, 1.1E+02, 1.1E+02, 1.1E+02, 1.1E+02, 1.1E+02, 1.1E+02, 1.1E+02, 1.1E+02, 1.1E+02, 1.1E+02, 1.1E+02, 1.1E+02, 1.1E+02, 1.1E+02, 1.1E+02, 9.6E+01, 2.0E+01, 2.0E+01, 8.6E+00, 8.6E+00, 4.6E-07, 8.6E+00, 8.6E+00, 1.6E-06, 2.8E-06, 3.3E-05, 6.8E-06, 5.1E-05, 5.3E-05, 2.5E-05, 9.1E-05, 2.6E-05, 9.5E-06, 1.3E-07, 1.3E-07, 1.4E-07, 1.6E-07, 1.9E-07, 1.9E-07, 4.6E-07, 1.6E-06, 1.3E-07, 1.8E-07, 2.5E-07, 2.9E-07, 3.0E-07, 3.2E-07, 2.4E-06, 1.1E-06, 3.8E-07, 3.9E-07, 1.2E-06, 2.8E-07, 2.8E-07, 1.3E-07, 1.0E-07, 9.5E-08, 9.7E-08, 8.1E-08, 8.2E-08, 1.1E-07, 4.3E-07, 3.6E-07, 6.0E-08, 2.8E-08, 1.9E-08, 1.3E-07, 1.7E-07, 1.1E+02, 1.1E+02, 1.1E+02, 1.1E+02, 1.1E+02, 1.1E+02, 1.1E+02, 1.1E+02, 1.1E+02, 1.1E+02, 1.1E+02, 1.1E+02, 1.1E+02, 1.1E+02, 1.1E+02, 1.1E+02, 1.1E+02, 1.1E+02, 1.1E+02, 1.1E+02, 2.0E+01, 2.0E+01, 2.0E+01, 2.0E+01, 2.0E+01, 2.0E+01, 2.0E+01, 2.0E+01, 2.0E+01, 2.0E+01, 2.0E+01, 2.0E+01, 2.4E-08, 2.5E-08, 2.3E-08, 2.6E-08, 3.1E-08, 3.8E-08, 4.8E-08, 5.8E-08, 6.1E-08, 5.8E-08, 4.8E-08, 3.5E-08, 2.2E-08, 7.0E-08, 1.9E-07, 2.2E-07, 1.8E-07, 1.8E-07, 4.0E-07, 1.3E-06, 2.9E-08, 5.8E-08, 7.4E-08, 8.6E-08, 9.3E-08, 9.6E-08, 9.5E-08, 8.9E-08, 7.7E-08, 5.4E-08, 2.0E-06, 1.1E-06, 3.0E-07, 2.5E-07, 2.2E-07, 2.0E-07, 1.9E-07, 1.2E-07, 1.4E-07, 1.0E-08, 5.8E-08, 1.9E-07, 1.0E+02, 1.0E+02, 1.0E+02, 1.0E+02, 1.1E+02, 1.1E+02, 1.1E+02, 1.1E+02, 1.1E+02, 1.1E+02, 1.1E+02, 1.1E+02, 1.1E+02, 1.1E+02, 2.0E+01, 2.0E+01, 2.0E+01, 3.1E-07, 2.3E-07, 1.9E-07, 1.6E-07, 1.4E-07, 1.3E-07, 1.2E-07, 1.1E-07, 1.0E-07, 1.0E-07, 9.8E-08, 9.6E-08, 9.4E-08, 9.2E-08, 9.1E-08, 9.0E-08, 9.0E-08, 9.0E-08, 9.0E-08, 9.1E-08, 9.1E-08, 9.2E-08, 9.3E-08, 9.4E-08, 9.6E-08, 9.7E-08, 9.9E-08, 1.0E-07, 1.0E-07, 1.0E-07, 1.1E-07, 1.1E-07, 1.1E-07, 1.2E-07, 1.2E-07, 1.3E-07, 1.3E-07, 1.4E-07, 1.4E-07, 1.5E-07, 1.5E-07, 1.5E-07, 1.6E-07, 1.6E-07, 1.6E-07, 1.7E-07, 2.1E-07, 1.7E-07, 1.9E-07, 2.0E-07, 2.2E-07, 2.3E-07, 2.4E-07, 2.4E-07, 2.5E-07, 2.5E-07, 2.5E-07, 2.4E-07, 2.2E-07, 1.9E-07, 3.7E-07, 3.5E-07, 3.2E-07, 3.4E-09, 3.8E-09, 4.3E-09, 4.9E-09, 8.7E-09, 1.4E-08, 1.7E-08, 6.6E-08, 1.7E-08, 2.3E-08, 4.1E-08, 2.5E-07, 4.8E-09, 1.3E-08, 1.5E-07, 1.7E-07, 5.8E-08, 8.2E-07, 2.1E-07, 3.6E-06, 5.4E-07, 3.7E-09, 4.2E-08, 1.0E+02, 1.0E+02, 1.0E+02, 1.0E+02, 1.0E+02, 1.0E+02, 9.7E+01, 3.9E-07, 7.3E-08, 5.7E-07, 2.8E-07, 1.7E-07, 1.1E-07, 6.9E-08, 4.6E-08, 4.2E-08, 3.8E-08, 3.9E-08, 7.1E-08, 5.9E-08, 5.4E-08, 5.3E-08, 5.2E-08, 6.4E-08, 8.5E-08, 7.1E-08, 7.3E-08, 8.0E-08, 8.4E-08, 1.0E+02, 1.0E+02, 1.0E+02, 1.0E+02, 1.0E+02, 1.0E+02, 1.0E+02, 1.0E+02, 1.0E+02, 1.0E+02, 1.0E+02, 1.0E+02, 1.0E+02, 1.0E+02, 1.1E+02, 1.1E+02, 1.1E+02, 1.1E+02, 1.1E+02, 1.1E+02, 1.1E+02, 1.1E+02, 6.5E+01, 2.0E+01, 2.0E+01, 2.0E+01, 2.0E+01, 2.0E+01, 2.0E+01, 6.7E-07, 3.4E-07, 2.4E-07, 1.9E-07, 1.7E-07, 1.6E-07, 1.5E-07, 1.6E-08, 1.6E-08, 1.7E-08, 1.9E-08, 2.3E-08, 2.6E-08, 2.5E-08, 2.8E-08, 3.1E-08, 3.4E-08, 3.7E-08, 4.0E-08, 5.2E-08, 6.2E-08, 7.9E-08, 1.0E-07, 1.5E-07, 1.8E-07, 1.9E-07, 1.9E-07, 1.7E-07, 1.6E-07, 2.0E+01, 2.0E+01, 2.0E+01, 7.7E-07, 2.8E-07, 2.2E-07, 2.7E-07, 2.4E-07, 2.7E-07, 3.2E-07, 2.9E-07, 3.0E-07, 3.2E-07, 3.6E-07, 4.3E+00, 2.0E+01, 2.0E+01, 2.0E+01, 2.0E+01, 5.0E-07, 2.9E-07, 1.2E-06, 1.1E+02, 1.1E+02, 1.1E+02, 1.1E+02, 1.1E+02, 1.1E+02, 1.1E+02, 1.1E+02, 1.1E+02, 1.1E+02, 1.1E+02, 1.1E+02, 1.1E+02, 1.1E+02, 1.1E+02, 1.1E+02, 1.1E+02, 1.1E+02, 3.4E+01, 2.0E+01, 2.0E+01, 2.0E+01, 2.0E+01, 2.0E+01, 1.0E-06, 5.4E-07, 4.9E-08, 4.1E-08, 4.1E-08, 4.0E-08, 4.0E-08, 4.0E-08, 4.0E-08, 4.0E-08, 4.0E-08, 4.0E-08, 3.9E-08, 3.9E-08, 3.7E-08, 3.6E-08, 3.4E-08, 4.3E-08, 6.6E-08, 1.1E-07, 1.1E-08, 1.7E-08, 1.5E-08, 2.0E-07, 1.2E-07, 8.7E-08, 6.0E-08, 4.5E-08, 3.8E-08, 5.9E-08, 6.4E-08, 7.2E-08, 7.3E-08, 6.7E-08, 5.7E-08, 5.0E-08, 5.6E-08, 6.4E-08, 7.2E-08, 8.0E-08, 8.8E-08, 9.6E-08, 1.1E-07, 1.2E-07, 1.3E-07, 1.3E-07, 1.3E-07, 1.3E-07, 1.4E-07, 1.4E-07, 1.4E-07, 1.5E-07, 1.5E-07, 1.5E-07, 1.7E-07, 1.8E-07, 1.9E-07, 2.1E-07, 2.2E-07, 2.0E-07, 9.6E-06, 1.0E+02, 1.0E+02, 1.0E+02, 1.0E+02, 1.0E+02, 1.0E+02, 1.0E+02, 1.0E+02, 1.0E+02, 1.0E+02, 1.0E+02, 1.0E+02, 1.0E+02, 1.0E+02, 1.0E+02, 1.1E+02, 1.1E+02, 1.1E+02, 1.1E+02, 1.1E+02, 1.1E+02, 1.1E+02, 1.1E+02, 1.1E+02, 4.0E-05, 4.2E-05, 3.5E-05, 4.8E-05, 4.5E-06, 2.0E-05, 9.5E-07, 1.7E-06, 1.6E-06, 4.1E-06, 1.1E-06, 5.2E-07, 2.3E-07, 4.5E-07, 2.3E-07, 2.0E+01, 2.0E+01, 2.0E+01, 2.0E+01, 2.0E+01, 2.0E+01, 2.0E+01, 2.0E+01, 2.0E+01, 2.0E+01, 2.0E+01, 2.1E-07, 4.5E-06, 5.6E-07, 2.2E-06, 1.0E-05, 4.3E-07, 6.9E-06, 1.3E-06, 2.7E-06, 3.3E-06, 8.7E-07, 4.2E-06, 1.9E-06, 2.4E-06, 1.8E-06, 4.7E-08, 4.7E-08, 5.0E-08, 4.7E-08, 6.6E-08, 7.0E-08, 7.1E-08, 8.1E-08, 1.0E-07, 1.2E-07, 1.3E-07, 1.5E-07, 1.8E-07, 2.1E-07, 2.2E-07, 2.2E-07, 9.9E-08, 1.0E-07, 1.0E-07, 1.1E-07, 1.1E-07, 1.1E-07, 1.1E-07, 1.4E-07, 1.4E-07, 1.0E-07, 1.0E-07, 1.0E-07, 1.0E-07, 1.1E-07, 1.1E-07, 1.1E-07, 1.1E-07, 1.2E-07, 1.3E-07, 1.3E-07, 1.3E-07, 1.3E-07, 1.4E-07, 1.4E-07, 1.4E-07, 1.4E-07, 1.5E-07, 1.5E-07, 1.6E-07, 1.6E-07, 1.7E-07, 1.6E-07, 1.6E-07, 1.6E-07, 1.6E-07, 1.6E-07, 1.6E-07, 1.6E-07, 1.6E-07, 1.6E-07, 1.6E-07, 1.6E-07, 1.7E-07, 2.0E-07, 1.5E-07, 1.3E-07, 3.6E-07, 7.1E-07, 8.2E-07, 8.2E-07, 7.4E-07, 6.6E-07, 6.1E-07, 6.5E-07, 7.2E-07, 9.5E+01, 1.0E+02, 1.0E+02, 1.0E+02, 1.0E+02, 1.0E+02, 1.0E+02, 1.0E+02, 1.0E+02, 1.0E+02, 1.0E+02, 1.0E+02, 1.0E+02, 1.0E+02, 1.0E+02, 1.0E+02, 1.0E+02, 1.0E+02, 1.0E+02, 1.1E+02, 1.1E+02, 1.1E+02, 1.1E+02, 1.1E+02, 1.1E+02, 5.8E+01, 8.6E+00, 1.6E-06, 2.0E-06, 8.6E+00, 8.6E+00, 8.6E+00, 8.6E+00, 8.6E+00, 8.6E+00, 8.6E+00, 4.9E-05, 6.0E-05, 9.2E-06, 1.3E-06, 4.5E-06, 7.0E-06, 8.3E-06, 2.5E-05, 9.9E-06, 3.3E-05, 6.4E-05, 1.3E-05, 1.2E-05, 2.2E-05, 2.3E-05, 4.1E-05, 1.1E-04, 9.5E-05, 2.0E-05, 2.7E-05, 5.7E-05, 3.3E-05, 2.8E-05, 4.9E-05, 4.9E-05, 3.3E-05, 4.0E-05, 3.7E-05, 3.3E-05, 8.6E+00, 8.6E+00, 8.6E+00, 8.6E+00, 8.6E+00, 8.6E+00, 8.6E+00, 8.6E+00, 8.6E+00, 8.6E+00, 8.6E+00, 8.6E-07, 2.0E+01, 2.0E+01, 2.0E+01, 1.1E+02, 1.1E+02, 1.1E+02, 1.0E+02, 1.0E+02, 1.0E+02, 1.0E+02, 1.0E+02, 1.0E+02, 1.0E+02, 1.0E+02, 1.0E+02, 1.0E+02, 1.0E+02, 1.0E+02, 1.0E+02, 1.0E+02, 1.0E+02, 1.0E+02, 1.0E+02, 1.0E+02, 1.0E+02, 1.0E+02, 2.0E-07, 8.7E-08, 5.8E-08, 5.3E-08, 4.9E-08, 4.5E-08, 4.5E-08, 4.7E-08, 4.5E-08, 4.4E-08, 4.2E-08, 4.1E-08, 3.9E-08, 3.7E-08, 3.4E-08, 2.9E-08, 2.4E-08, 2.1E-08, 2.3E-08, 2.3E-08, 6.7E-08, 1.4E-07, 1.7E-07, 1.8E-07, 1.8E-07, 2.0E-07, 1.0E-06, 1.7E-06, 2.6E-06, 3.0E-06, 2.7E-06, 1.2E-06, 1.0E+02, 1.0E+02, 1.0E+02, 1.0E+02, 1.0E+02, 1.1E+02, 1.1E+02, 1.1E+02, 1.1E+02, 1.1E+02, 1.1E+02, 1.1E+02, 1.1E+02, 1.1E+02, 3.5E+01, 8.6E+00, 7.7E-07, 2.9E-07, 1.1E-06, 2.0E+01, 2.0E+01, 2.0E+01, 2.0E+01, 2.0E+01, 2.0E+01, 2.0E+01, 2.0E+01, 2.0E+01, 2.0E+01, 2.0E+01, 2.0E+01, 2.0E+01, 2.0E+01, 2.0E+01, 2.0E+01, 5.2E-06, 6.9E-06, 1.3E-05, 2.6E-07, 3.9E-07, 5.2E-07, 7.7E-07, 9.9E-07, 1.2E-06, 1.3E-06, 1.4E-06, 1.4E-06, 1.3E-06, 1.1E-06, 8.6E-07, 6.8E-07, 4.9E-07, 3.1E-07, 2.0E-05, 1.1E-05, 6.3E-06, 5.5E-06, 4.6E-06, 5.3E-06, 3.0E-06, 1.9E-06, 2.8E-07, 1.6E-07, 1.2E-07, 1.2E-07, 1.0E-07, 1.0E-06, 3.0E-07, 3.0E-07, 2.4E-07, 2.0E-07, 1.1E-07, 6.6E-08, 7.3E-08, 8.3E-08, 9.0E-08, 9.7E-08, 1.3E-07, 1.5E-07, 1.1E-07, 1.2E-07, 1.2E-07, 1.2E-07, 1.3E-07, 1.3E-07, 1.3E-07, 1.3E-07, 1.4E-07, 1.4E-07, 1.3E-07, 1.3E-07, 1.3E-07, 1.3E-07, 1.4E-07, 1.4E-07, 1.4E-07, 1.4E-07, 1.5E-07, 1.8E-07, 1.9E-07, 2.0E-07, 2.6E-07, 2.7E-07, 2.2E-07, 1.5E-07, 1.5E-07, 1.6E-07, 1.6E-07, 1.7E-07, 1.8E-07, 1.8E-07, 1.9E-07, 2.4E-07, 2.5E-07, 2.1E-07, 2.1E-07, 2.2E-07, 2.2E-07, 2.2E-07, 2.1E-07, 2.1E-07, 6.6E-07, 4.7E-07, 9.3E-09, 1.1E-08, 1.3E-08, 1.2E-08, 1.4E-08, 1.9E-08, 1.5E-07, 1.8E-07, 2.6E-07, 3.5E-07, 1.8E-07, 5.2E-07, 1.5E-08, 1.6E-08, 1.6E-08, 1.7E-08, 5.6E-08, 1.8E-07, 2.9E-07, 1.9E-07, 3.3E-06, 1.0E+02, 1.0E+02, 1.0E+02, 1.0E+02, 1.0E+02, 1.0E+02, 1.0E+02, 1.0E+02, 1.0E+02, 1.0E+02, 1.1E+02, 1.1E+02, 1.1E+02, 1.1E+02, 1.1E+02, 1.1E+02, 1.1E+02, 1.1E+02, 1.1E+02, 1.1E+02, 1.1E+02, 1.1E+02, 1.1E+02, 1.1E+02, 1.1E+02, 2.0E+01, 2.0E+01, 2.0E+01, 2.0E+01, 2.0E+01, 4.5E-06, 3.0E-07, 1.9E-07, 1.5E-07, 1.3E-07, 1.2E-07, 1.2E-07, 1.2E-07, 1.2E-07, 1.0E-07, 1.0E-07, 1.1E-07, 1.1E-07, 1.2E-07, 1.2E-07, 1.3E-07, 1.4E-07, 1.4E-07, 1.5E-07, 1.6E-07, 1.8E-07, 1.9E-07, 2.1E-07, 2.2E-07, 2.3E-07, 2.5E-07, 2.5E-07, 2.6E-07, 2.8E-07, 3.0E-07, 3.2E-07, 3.4E-07, 3.7E-07, 7.3E-05, 5.3E-05, 4.9E-05, 4.2E-05, 2.8E-05, 1.5E-08, 2.1E-07, 1.3E-08, 2.8E-07, 2.2E-07, 2.3E-07, 2.4E-07, 2.4E-08, 3.2E-08, 4.0E-08, 1.6E-08, 2.8E-08, 1.4E-07, 2.0E+01, 2.0E+01, 1.1E+02, 1.1E+02, 1.1E+02, 1.1E+02, 1.1E+02, 1.1E+02, 1.1E+02, 1.1E+02, 1.1E+02, 1.1E+02, 1.1E+02, 1.1E+02, 1.1E+02, 1.1E+02, 1.1E+02, 1.1E+02, 1.1E+02, 1.1E+02, 1.1E+02, 1.1E+02, 2.0E+01, 2.0E+01, 2.0E+01, 2.0E+01, 6.2E-07, 3.5E-07, 2.6E-07, 2.2E-07, 1.7E-07, 1.6E-07, 1.5E-07, 1.5E-07, 8.6E+00, 8.6E+00, 8.6E+00, 2.0E+01, 2.0E+01, 4.4E-08, 5.1E-08, 5.7E-08, 5.8E-08, 5.7E-08, 5.6E-08, 5.4E-08, 5.1E-08, 4.7E-08, 4.4E-08, 4.0E-08, 3.6E-08, 3.3E-08, 3.0E-08, 3.1E-08, 4.5E-08, 6.0E-08, 7.2E-08, 8.0E-08, 8.5E-08, 8.7E-08, 8.4E-08, 3.1E-08, 4.5E-08, 7.6E-08, 1.8E-07, 3.8E-06, 1.0E+02, 1.0E+02, 1.0E+02, 1.0E+02, 1.0E+02, 1.0E+02, 1.0E+02, 1.0E+02, 1.0E+02, 1.0E+02, 1.0E+02, 1.0E+02, 1.0E+02, 1.0E+02, 1.1E+02, 1.1E+02, 2.0E+01, 1.6E-06, 1.4E-06, 1.1E-06, 7.6E-07, 7.0E-07, 1.1E-05, 3.8E-05, 1.4E-06, 5.7E-06, 8.5E-07, 2.0E-06, 2.1E-06, 2.7E-06, 2.9E-06, 6.6E-07, 2.0E-06, 4.1E-06, 5.3E-05, 4.1E-06, 1.4E-05, 1.1E-05, 5.6E-06, 1.3E-05, 7.1E-06, 1.0E-05, 7.2E-05, 6.3E-06, 3.7E-06, 8.8E-06, 1.3E-05, 1.2E-06, 6.8E-06, 5.7E-06, 5.8E-06, 7.0E-08, 7.7E-08, 8.4E-08, 9.1E-08, 9.8E-08, 1.1E-07, 1.2E-07, 1.3E-07, 1.4E-07, 3.5E-07, 1.4E-08, 1.7E-08, 4.2E-09, 4.5E-09, 2.1E-07, 1.6E-07, 1.6E-07, 1.9E-07, 2.0E-07, 2.2E-07, 2.3E-07, 2.4E-07, 2.5E-07, 2.6E-07, 2.6E-07, 2.5E-07, 2.4E-07, 2.2E-07, 2.0E-07, 1.7E-07, 3.6E-07, 3.4E-07, 3.4E-09, 3.8E-09, 1.6E-07, 1.7E-07, 2.5E-07, 3.7E-07, 2.3E-08, 7.3E-09, 1.1E-08, 2.1E-08, 3.4E-08, 1.3E-07, 9.9E-08, 3.3E-07, 6.7E-09, 2.3E-07, 8.2E-09, 9.2E-07, 2.1E-07, 8.5E-07, 4.0E-07, 5.9E-07, 6.0E-08, 1.0E+02, 1.0E+02, 1.0E+02, 1.0E+02, 1.0E+02, 1.0E+02, 1.0E+02, 3.4E-06, 2.7E-06, 1.0E-06, 5.5E-07, 8.1E-07, 5.4E-07, 2.3E-07, 1.6E-07, 9.3E-08, 8.4E-08, 1.7E-07, 1.2E-07, 1.0E-07, 9.4E-08, 9.6E-08, 1.1E-07, 1.4E-07, 4.6E-08, 3.1E-08, 3.4E-08, 5.0E-08, 6.5E-09, 2.3E-09, 1.5E-07, 9.3E-08, 1.0E+02, 1.0E+02, 3.4E-08, 1.4E-08, 1.3E-08, 1.2E-08, 7.7E-09, 5.0E-07, 3.1E-07, 1.3E-07, 1.2E-07, 1.9E-07, 1.8E-07, 1.6E-07, 2.1E-08, 1.0E+02, 1.0E+02, 1.0E+02, 1.0E+02, 1.0E+02, 1.0E+02, 1.0E+02, 1.0E+02, 1.0E+02, 1.0E+02, 1.0E+02, 1.0E+02, 1.0E+02, 1.0E+02, 1.0E+02, 1.0E+02, 1.1E+02, 1.1E+02, 1.1E+02, 1.1E+02, 6.1E+00, 3.3E-07, 2.1E-07, 1.7E-07, 3.5E-07, 2.7E-07, 2.9E-07, 2.0E-07, 2.0E+01, 2.0E+01, 2.0E+01, 2.0E+01, 2.0E+01, 2.0E+01, 2.0E+01, 2.0E+01, 2.0E+01, 2.0E+01, 2.0E+01, 2.0E+01, 2.0E+01, 2.2E-07, 2.2E-07, 2.7E-07, 3.0E-07, 3.3E-07, 3.5E-07, 3.8E-07, 3.8E-07, 3.9E-07, 2.6E-07, 2.7E-07, 4.3E-07, 2.8E-07, 2.6E-07, 2.8E-07, 2.9E-07, 2.2E-06, 2.8E-06, 2.7E-06, 7.1E-07, 9.3E-08, 1.1E+01, 1.1E+02, 1.1E+02, 1.1E+02, 1.1E+02, 1.1E+02, 1.1E+02, 1.1E+02, 1.1E+02, 1.1E+02, 1.1E+02, 1.1E+02, 1.1E+02, 1.1E+02, 1.1E+02, 1.1E+02, 1.1E+02, 9.1E+01, 2.0E+01, 2.0E+01, 2.0E+01, 9.5E-08, 7.7E-08, 6.7E-08, 6.0E-08, 5.6E-08, 5.2E-08, 4.3E-08, 4.1E-08, 3.8E-08, 3.5E-08, 3.2E-08, 2.7E-08, 2.3E-08, 1.8E-08, 1.9E-08, 2.4E-08, 6.7E-08, 1.3E-07, 1.5E-07, 1.7E-07, 1.6E-07, 1.7E-07, 1.7E-07, 3.7E-07, 1.0E-06, 1.9E-06, 2.0E-06, 2.4E-08, 2.8E-08, 2.5E-08, 1.4E-06, 1.5E-06, 9.8E-07, 2.0E-07, 3.3E-08, 5.6E-07, 4.0E-07, 1.0E-05, 4.2E-07, 3.8E-07, 4.9E-07, 1.7E-07, 2.2E-07, 1.6E-07, 5.5E-09, 8.3E-10, 1.0E+02, 1.0E+02, 1.0E+02, 1.0E+02, 1.0E+02, 1.0E+02, 1.1E+02, 1.1E+02, 1.1E+02, 1.1E+02, 1.1E+02, 1.1E+02, 1.1E+02, 1.1E+02, 1.1E+02, 1.1E+02, 1.1E+02, 1.1E+02, 1.1E+02, 1.1E+02, 1.1E+02, 4.0E+01, 2.0E+01, 2.0E+01, 2.0E+01, 2.0E+01, 2.0E+01, 2.0E+01, 2.0E+01, 2.0E+01, 2.0E+01, 2.0E+01, 2.0E+01, 2.0E+01, 2.0E+01, 2.0E+01, 1.9E-08, 2.7E-08, 1.0E-07, 1.8E-07, 1.9E-07, 1.1E-06, 6.1E-08, 1.0E-07, 1.0E-07, 1.2E-07, 1.5E-07, 1.3E-06, 4.2E-07, 2.4E-06, 2.9E-06, 3.6E-06, 4.1E-06, 4.5E-06, 4.8E-06, 5.5E-06, 6.2E-06, 6.6E-06, 6.5E-06, 6.2E-06, 5.6E-06, 5.2E-06, 5.2E-06, 4.9E-06, 4.1E-06, 5.1E-06, 3.9E-06, 2.5E-06, 1.0E-06, 2.8E-07, 1.8E-07, 1.4E-07, 1.3E-07, 1.2E-07, 1.1E-07, 3.9E-08, 3.1E-07, 6.1E-07, 6.6E-07, 6.8E-07, 6.9E-07, 6.8E-07, 6.3E-07, 3.8E-07, 5.0E-07, 7.8E-07, 8.9E-07, 9.0E-07, 8.7E-07, 7.4E-07, 4.5E-07, 4.4E-07, 5.2E-07, 5.2E-07, 4.6E-07, 4.1E-07, 2.7E-07, 1.7E-07, 1.3E-07, 1.3E-07, 1.1E-07, 1.2E-07, 1.3E-07, 1.3E-07, 1.4E-07, 1.4E-07, 1.4E-07, 1.5E-07, 1.5E-07, 1.9E-07, 2.0E-07, 2.1E-07, 2.2E-07, 2.2E-07, 2.3E-07, 2.4E-07, 2.4E-07, 2.5E-07, 2.6E-07, 1.5E-07, 1.5E-07, 1.6E-07, 1.6E-07, 1.7E-07, 1.7E-07, 1.8E-07, 1.9E-07, 2.2E-07, 2.2E-07, 2.2E-07, 4.8E-07, 5.4E-07, 6.1E-07, 6.5E-07, 7.1E-07, 7.8E-07, 8.5E-09, 9.7E-09, 7.8E-09, 1.3E-07, 1.4E-07, 1.5E-07, 1.8E-07, 1.7E-09, 1.0E+02, 1.0E+02, 1.0E+02, 1.0E+02, 1.0E+02, 1.0E+02, 1.0E+02, 1.0E+02, 1.0E+02, 1.0E+02, 1.0E+02, 1.1E+02, 1.1E+02, 1.1E+02, 1.1E+02, 1.1E+02, 1.1E+02, 1.1E+02, 1.1E+02, 1.1E+02, 1.1E+02, 1.1E+02, 1.1E+02, 1.1E+02, 1.1E+02, 2.0E+01, 2.0E+01, 2.0E+01, 2.0E+01, 2.0E+01, 2.0E+01, 2.0E+01, 2.0E+01, 8.6E+00, 8.6E+00, 8.6E+00, 8.6E+00, 8.6E+00, 8.6E+00, 8.6E+00, 8.6E+00, 8.6E+00, 8.6E+00, 8.6E+00, 8.6E+00, 8.6E+00, 8.6E+00, 8.6E+00, 8.6E+00, 8.6E+00, 8.6E+00, 8.6E+00, 8.6E+00, 8.6E+00, 8.6E+00, 8.6E+00, 8.6E+00, 4.4E-08, 4.8E-08, 5.2E-08, 5.5E-08, 5.8E-08, 6.1E-08, 6.5E-08, 6.8E-08, 7.1E-08, 7.3E-08, 7.6E-08, 7.8E-08, 8.0E-08, 8.2E-08, 8.3E-08, 7.9E-08, 9.7E-08, 1.5E-07, 2.5E-07, 3.8E-08, 1.5E-08, 1.0E+02, 1.0E+02, 1.0E+02, 1.0E+02, 1.0E+02, 1.0E+02, 1.0E+02, 1.0E+02, 1.0E+02, 1.0E+02, 1.0E+02, 1.0E+02, 1.0E+02, 1.0E+02, 1.0E+02, 1.0E+02, 1.0E+02, 2.2E+01, 5.7E-07, 2.8E-07, 1.9E-07, 1.5E-07, 1.2E-07, 1.1E-07, 9.9E-08, 9.2E-08, 8.7E-08, 8.2E-08, 7.8E-08, 7.8E-08, 2.4E-07, 1.3E-05, 4.9E-06, 1.5E-05, 4.4E-06, 4.9E-06, 6.1E-06, 7.9E-06, 1.0E-05, 1.4E-05, 2.3E-05, 2.4E-05, 2.5E-05, 1.7E-05, 1.0E-07, 1.4E-07, 1.2E-07, 2.5E-07, 1.6E-07, 1.6E-07, 1.5E-07, 1.4E-07, 1.3E-07, 1.3E-07, 2.0E-07, 2.3E-07, 8.0E-09, 9.1E-09, 1.1E-08, 9.2E-09, 4.4E-09, 6.8E-09, 8.1E-09, 4.5E-09, 1.0E+02, 1.1E+02, 1.1E+02, 1.1E+02, 1.1E+02, 1.1E+02, 1.1E+02, 1.1E+02, 1.1E+02, 1.1E+02, 1.1E+02, 1.1E+02, 1.1E+02, 1.1E+02, 1.1E+02, 1.1E+02, 1.1E+02, 1.1E+02, 2.0E+01, 2.0E+01, 2.0E+01, 2.0E+01, 2.0E+01, 2.0E+01, 2.0E+01, 2.0E+01, 2.0E+01, 2.0E+01, 2.0E+01, 2.0E+01, 2.0E+01, 3.3E-08, 3.4E-08, 3.4E-08, 3.4E-08, 3.4E-08, 3.4E-08, 3.4E-08, 3.3E-08, 3.2E-08, 3.1E-08, 2.9E-08, 2.7E-08, 2.4E-08, 3.4E-08, 6.0E-08, 5.5E-08, 8.0E-08, 1.3E-07, 1.6E-07, 1.8E-07, 1.9E-07, 2.0E-07, 2.1E-07, 2.1E-07, 2.1E-07, 2.1E-07, 2.0E-07, 1.9E-07, 1.8E-07, 2.1E-07, 1.9E-07, 1.5E-07, 9.0E-08, 6.4E-08, 5.5E-08, 6.3E-08, 7.0E-08, 7.7E-08, 8.4E-08, 8.9E-08, 9.4E-08, 9.8E-08, 1.0E-07, 1.0E-07, 1.1E-07, 1.1E-07, 1.4E-07, 1.4E-07, 1.5E-07, 1.1E-07, 1.2E-07, 1.2E-07, 1.2E-07, 1.2E-07, 1.2E-07, 1.2E-07, 1.2E-07, 1.3E-07, 1.3E-07, 1.3E-07, 1.3E-07, 1.4E-07, 1.4E-07, 1.4E-07, 1.4E-07, 1.5E-07, 1.5E-07, 1.6E-07, 1.6E-07, 1.7E-07, 1.8E-07, 1.8E-07, 1.9E-07, 1.5E-07, 1.5E-07, 1.5E-07, 1.5E-07, 1.5E-07, 1.5E-07, 1.5E-07, 1.5E-07, 1.6E-07, 1.6E-07, 1.7E-07, 1.8E-07, 2.7E-07, 3.0E-07, 3.0E-07, 3.2E-07, 3.4E-07, 4.0E-07, 2.0E-07, 1.9E-07, 1.9E-07, 1.9E-07, 1.8E-07, 1.7E-07, 1.6E-07, 1.5E-07, 1.2E-08, 1.1E-08, 1.3E-08, 1.5E-08, 1.9E-08, 1.9E-08, 2.2E-08, 4.9E-08, 1.1E-07, 2.8E-07, 8.2E-09, 3.2E-08, 1.9E-07, 1.7E-08, 2.7E-08, 1.0E-07, 4.1E-07, 8.8E-08, 1.9E+01, 1.0E+02, 1.0E+02, 1.0E+02, 1.0E+02, 1.0E+02, 1.0E+02, 1.0E+02, 1.0E+02, 1.0E+02, 1.0E+02, 1.0E+02, 1.0E+02, 1.0E+02, 1.0E+02, 1.0E+02, 1.1E+02, 1.1E+02, 1.1E+02, 1.1E+02, 1.1E+02, 1.1E+02, 1.1E+02, 1.1E+02, 9.5E+01, 2.0E+01, 2.0E+01, 2.0E+01, 2.0E+01, 2.0E+01, 2.0E+01, 8.4E-08, 8.7E-08, 9.0E-08, 9.3E-08, 9.5E-08, 9.7E-08, 9.9E-08, 9.9E-08, 9.8E-08, 9.6E-08, 9.3E-08, 8.9E-08, 8.4E-08, 7.9E-08, 7.5E-08, 7.4E-08, 9.3E-08, 1.2E-07, 1.6E-07, 1.8E-07, 2.0E-07, 2.1E-07, 2.1E-07, 2.1E-07, 2.1E-07, 2.1E-07, 2.0E-07, 1.8E-07, 1.6E-07, 1.8E-07, 2.1E-07, 2.4E-07, 2.8E-07, 3.0E-07, 3.9E-07, 4.4E-07, 4.4E-07, 4.1E-07, 1.3E-07, 4.6E-07, 3.9E-07, 3.4E-07, 1.9E-07, 1.9E-07, 1.1E+02, 1.1E+02, 1.1E+02, 1.1E+02, 1.1E+02, 1.1E+02, 1.1E+02, 1.1E+02, 1.1E+02, 1.1E+02, 1.1E+02, 1.1E+02, 1.1E+02, 1.1E+02, 1.1E+02, 1.1E+02, 1.1E+02, 1.1E+02, 4.3E+01, 2.0E+01, 2.0E+01, 2.0E+01, 2.0E+01, 2.0E+01, 2.0E+01, 2.0E+01, 2.0E+01, 2.0E+01, 2.0E+01, 2.0E+01, 2.8E-08, 2.9E-08, 3.0E-08, 3.1E-08, 3.2E-08, 3.3E-08, 3.4E-08, 3.4E-08, 3.3E-08, 3.3E-08, 3.2E-08, 3.0E-08, 2.9E-08, 3.2E-08, 4.6E-08, 7.8E-08, 1.2E-07, 1.2E-07, 1.8E-08, 1.4E-08, 1.2E-07, 9.4E-08, 6.2E-08, 4.2E-08, 6.5E-08, 9.0E-08, 1.6E-07, 1.8E-07, 1.8E-07, 1.7E-07, 1.5E-07, 1.0E-07, 7.4E-08, 5.5E-08, 5.3E-08, 6.0E-08, 6.8E-08, 7.7E-08, 8.5E-08, 8.7E-08, 9.5E-08, 1.0E-07, 1.1E-07, 1.2E-07, 1.2E-07, 1.3E-07, 1.3E-07, 2.8E-07, 1.1E-08, 1.7E-07, 1.0E+02, 1.0E+02, 1.0E+02, 1.0E+02, 1.0E+02, 1.1E+02, 1.1E+02, 1.1E+02, 1.1E+02, 1.1E+02, 1.1E+02, 1.1E+02, 1.1E+02, 1.1E+02, 1.1E+02, 1.1E+02, 1.1E+02, 1.1E+02, 1.1E+02, 1.1E+02, 1.1E+02, 1.1E+02, 4.1E+01, 2.0E+01, 2.0E+01, 2.0E+01, 2.5E-06, 4.9E-06, 4.8E-05, 8.6E-07, 8.6E-07, 7.7E-07, 6.4E-07, 2.2E-06, 5.9E-07, 2.3E-05, 3.9E-07, 7.5E-06, 3.5E-06, 5.7E-06, 7.0E-06, 3.2E-08, 3.1E-08, 2.8E-08, 2.6E-08, 2.3E-08, 2.0E-08, 1.7E-08, 4.4E-08, 7.5E-08, 1.2E-07, 1.6E-07, 1.8E-07, 1.9E-07, 2.0E-07, 2.0E-07, 2.0E-07, 2.0E-07, 2.3E-07, 2.4E-07, 2.4E-07, 2.4E-07, 2.3E-07, 2.1E-07, 1.8E-07, 1.3E-07, 7.8E-08, 5.5E-08, 5.5E-08, 6.3E-08, 6.4E-08, 7.4E-08, 8.3E-08, 9.1E-08, 9.8E-08, 1.0E-07, 1.1E-07, 1.2E-07, 1.5E-07, 1.6E-07, 1.7E-07, 1.3E-07, 1.3E-07, 1.4E-07, 2.0E-07, 1.9E-07, 1.9E-07, 1.4E-07, 1.4E-07, 1.4E-07, 1.5E-07, 1.5E-07, 1.6E-07, 1.7E-07, 1.8E-07, 1.9E-07, 2.0E-07, 2.1E-07, 2.3E-07, 2.6E-07, 2.8E-07, 3.0E-07, 3.0E-07, 2.8E-07, 3.0E-07, 3.3E-07, 3.6E-07, 4.0E-07, 1.3E-07, 1.4E-07, 1.4E-07, 2.0E-07, 2.8E-07, 3.6E-07, 5.0E-07, 6.6E-09, 1.2E-08, 1.6E-08, 1.9E-08, 1.8E-08, 9.4E-08, 8.2E-08, 9.4E-07, 2.5E-07, 7.1E-08, 5.8E-07, 1.0E-10, 6.1E-07, 1.2E-06, 5.2E+01, 1.0E+02, 1.0E+02, 1.0E+02, 1.0E+02, 1.0E+02, 1.0E+02, 1.0E+02, 3.5E-08, 1.6E-08, 5.9E-09, 8.0E-09, 1.8E-07, 1.0E+02, 1.0E+02, 1.0E+02, 1.0E+02, 1.0E+02, 1.0E+02, 1.0E+02, 1.0E+02, 1.0E+02, 1.0E+02, 1.0E+02, 1.0E+02, 1.0E+02, 1.0E+02, 1.0E+02, 1.0E+02, 1.0E+02, 1.1E+02, 1.1E+02, 1.1E+02, 1.1E+02, 1.1E+02, 2.3E-06, 1.1E-06, 1.1E-06, 1.6E-07, 1.8E-07, 1.9E-07, 1.9E-07, 2.0E-07, 2.2E-07, 2.0E-07, 2.0E-07, 2.0E+01, 2.0E+01, 2.0E+01, 2.0E+01, 2.0E+01, 2.0E+01, 2.0E+01, 2.0E+01, 2.0E+01, 2.0E+01, 2.0E+01, 2.0E+01, 2.0E+01, 2.0E+01, 2.0E+01, 1.2E-07, 1.2E-07, 1.3E-07, 1.4E-07, 1.4E-07, 1.5E-07, 1.7E-07, 1.9E-07, 2.0E-07, 2.2E-07, 3.1E-07, 7.0E-08, 9.2E-08, 2.0E+01, 2.0E+01, 2.0E+01, 2.0E+01, 2.0E+01, 2.0E+01, 2.0E+01, 5.8E-08, 6.0E-08, 7.3E-08, 1.0E-07, 1.7E-07, 1.1E-08, 3.1E-07, 1.0E+02, 1.0E+02, 1.0E+02, 1.0E+02, 1.0E+02, 1.0E+02, 1.0E+02, 1.0E+02, 1.0E+02, 1.0E+02, 1.0E+02, 1.0E+02, 1.0E+02, 1.0E+02, 1.1E+02, 1.1E+02, 1.1E+02, 1.0E-05, 5.8E-07, 3.2E-07, 2.7E-07, 2.7E-07, 2.7E-07, 2.6E-07, 2.4E-07, 2.3E-07, 2.5E-07, 2.9E-07, 8.5E-07, 1.6E-06, 2.1E-06, 2.2E-06, 2.2E-06, 1.3E-07, 2.0E+01, 2.0E+01, 2.0E+01, 2.0E+01, 2.0E+01, 2.0E+01, 2.0E+01, 1.2E-06, 2.0E-06, 2.0E-05, 1.9E-06, 3.2E-06, 6.0E-06, 1.1E-05, 9.5E-07, 2.0E-05, 2.2E-05, 2.2E-05, 1.0E-05, 1.2E-05, 1.7E-05, 4.6E-07, 4.7E-07, 4.5E-07, 1.2E-08, 2.0E-07, 6.7E-08, 1.1E-07, 1.5E-07, 1.3E-07, 1.2E-07, 1.2E-07, 1.2E-07, 1.3E-07, 1.3E-07, 1.3E-07, 1.4E-07, 2.0E-07, 8.0E-09, 2.6E-07, 1.0E+02, 1.0E+02, 1.0E+02, 1.0E+02, 1.0E+02, 1.0E+02, 1.0E+02, 1.0E+02, 1.0E+02, 1.0E+02, 1.0E+02, 1.0E+02, 1.0E+02, 1.0E+02, 1.0E+02, 1.0E+02, 1.0E+02, 1.0E+02, 1.0E+02, 1.0E+02, 1.1E+02, 1.1E+02, 2.0E+01, 2.0E+01, 2.0E+01, 2.0E+01, 2.0E+01, 1.8E-07, 1.9E-06, 1.0E-07, 1.3E-07, 1.7E-07, 3.0E-07, 2.3E-06, 2.8E-06, 3.8E-06, 4.8E-06, 8.1E-06, 1.6E-05, 2.7E-05, 4.2E-07, 5.1E-07, 5.7E-07, 5.7E-07, 5.3E-07, 4.2E-07, 4.8E-06, 4.4E-06, 2.6E-06, 1.6E-06, 3.5E-05, 1.1E-05, 2.1E-06, 1.2E-06, 1.1E-05, 1.0E-05, 4.2E-06, 8.6E+00, 9.9E-07, 8.6E+00, 8.6E+00, 8.6E+00, 8.6E+00, 8.6E+00, 8.6E+00, 8.6E+00, 8.6E+00, 8.6E+00, 6.8E-07, 2.4E-06, 8.6E-07, 9.1E-08, 9.5E-08, 9.9E-08, 1.0E-07, 2.2E-07, 2.2E-07, 2.5E-07, 2.9E-07, 2.8E-07, 2.8E-07, 1.3E-07, 1.3E-07, 1.3E-07, 1.3E-07, 1.3E-07, 1.4E-07, 1.4E-07, 1.4E-07, 1.4E-07, 1.5E-07, 1.5E-07, 1.5E-07, 3.6E-07, 3.7E-07, 2.8E-07, 3.6E-07, 2.5E-07, 1.9E-07, 1.8E-07, 1.8E-07, 1.7E-07, 1.8E-07, 1.8E-07, 1.9E-07, 1.9E-07, 1.9E-07, 1.8E-07, 2.0E-07, 1.9E-07, 1.8E-07, 1.6E-07, 1.4E-07, 1.3E-07, 1.3E-07, 1.7E-07, 1.8E-07, 5.1E-07, 5.9E-09, 7.9E-09, 1.1E-08, 1.6E-08, 1.9E-08, 1.9E-08, 2.0E-08, 4.1E-08, 2.9E-09, 1.7E-07, 3.4E-07, 2.4E-08, 2.2E-08, 8.1E-06, 2.4E-05, 1.0E+02, 1.0E+02, 1.0E+02, 1.0E+02, 1.0E+02, 1.0E+02, 1.0E+02, 1.0E+02, 1.0E+02, 1.0E+02, 1.1E+02, 1.1E+02, 1.1E+02, 1.1E+02, 1.1E+02, 1.1E+02, 1.1E+02, 1.1E+02, 1.1E+02, 1.1E+02, 1.1E+02, 1.1E+02, 1.1E+02, 1.1E+02, 2.0E+01, 2.0E+01, 2.0E+01, 2.0E+01, 2.0E+01, 2.0E+01, 2.0E+01, 2.0E+01, 2.0E+01, 2.0E+01, 2.0E+01, 1.1E-06, 5.2E-06, 5.1E-06, 5.3E-07, 3.9E-06, 1.0E-05, 2.5E-05, 3.4E-06, 8.6E+00, 8.6E+00, 8.6E+00, 8.6E+00, 5.0E-05, 4.9E-05, 6.8E-05, 9.0E-05, 2.8E-05, 6.3E-05, 8.1E-06, 1.4E-05, 1.9E-05, 1.3E-05, 2.6E-05, 2.6E-05, 3.7E-05, 1.6E-05, 9.0E-06, 6.4E-07, 2.9E-06, 6.5E-06, 1.3E-06, 7.4E-07, 9.6E-06, 1.2E-05, 8.6E+00, 8.6E+00, 8.6E+00, 8.6E+00, 8.6E+00, 1.3E-07, 1.6E-07, 9.7E-08, 9.9E-08, 1.0E-07, 1.5E-07, 1.7E-07, 8.6E-09, 5.0E-06, 1.0E+02, 1.0E+02, 1.0E+02, 1.0E+02, 1.0E+02, 1.0E+02, 1.0E+02, 1.0E+02, 1.0E+02, 1.0E+02, 1.0E+02, 1.0E+02, 1.0E+02, 1.0E+02, 1.0E+02, 1.0E+02, 1.0E+02, 1.0E+02, 3.5E+01, 4.2E-07, 2.0E-07, 1.4E-07, 1.1E-07, 8.9E-08, 7.9E-08, 7.2E-08, 6.8E-08, 6.6E-08, 6.4E-08, 6.3E-08, 2.8E-05, 3.3E-05, 3.4E-05, 3.4E-05, 3.9E-05, 2.0E+01, 2.0E+01, 2.0E+01, 2.0E+01, 2.0E+01, 2.0E+01, 1.1E-06, 2.0E+01, 2.0E+01, 2.0E+01, 2.0E+01, 8.3E-06, 4.4E-07, 2.7E-07, 2.7E-07, 2.4E-07, 6.7E-07, 2.0E-06, 2.4E-05, 6.7E-06, 6.5E-06, 6.3E-06, 1.1E+02, 1.1E+02, 1.1E+02, 1.1E+02, 1.1E+02, 1.1E+02, 1.1E+02, 1.1E+02, 1.1E+02, 1.1E+02, 1.1E+02, 1.1E+02, 1.1E+02, 1.1E+02, 2.0E+01, 2.0E+01, 2.0E+01, 2.0E+01, 2.0E+01, 2.0E+01, 2.0E+01, 2.0E+01, 2.0E+01, 2.0E+01, 2.0E+01, 2.0E+01, 2.0E+01, 2.0E+01, 2.0E+01, 2.0E+01, 2.0E+01, 2.2E-06, 8.3E-07, 1.3E-06, 6.8E-08, 7.7E-08, 1.4E-07, 1.6E-07, 1.7E-07, 1.7E-07, 1.7E-07, 2.3E-07, 9.9E-07, 1.5E-06, 2.3E-06, 4.4E-08, 5.5E-08, 6.3E-08, 6.6E-08, 6.5E-08, 5.9E-08, 5.2E-08, 3.1E-08, 1.2E-06, 9.6E-07, 3.7E-07, 2.5E-07, 2.5E-07, 2.3E-07, 2.5E-07, 2.2E-07, 2.2E-07, 1.8E-07, 9.3E-08, 5.7E-08

Carbohydrate Events (115 total):
  - Week 1 Day 1 07:20: 105.5g (breakfast)
  - Week 1 Day 1 09:43: 17.2g (morning_snack)
  - Week 1 Day 1 12:32: 103.4g (lunch)
  - Week 1 Day 1 16:05: 17.9g (afternoon_snack)
  - Week 1 Day 1 19:29: 107.1g (dinner)
  - Week 1 Day 2 06:07: 82.4g (breakfast)
  - Week 1 Day 2 10:10: 17.0g (morning_snack)
  - Week 1 Day 2 13:15: 83.6g (lunch)
  - Week 1 Day 2 15:29: 19.5g (afternoon_snack)
  - Week 1 Day 2 19:44: 84.8g (dinner)
  - Week 1 Day 3 06:20: 101.0g (breakfast)
  - Week 1 Day 3 10:17: 19.2g (morning_snack)
  - Week 1 Day 3 13:52: 86.5g (lunch)
  - Week 1 Day 3 16:10: 14.9g (afternoon_snack)
  - Week 1 Day 3 18:01: 105.1g (dinner)
  - Week 1 Day 4 07:22: 120.0g (breakfast)
  - Week 1 Day 4 10:28: 13.8g (morning_snack)
  - Week 1 Day 4 12:54: 116.0g (lunch)
  - Week 1 Day 4 15:25: 19.5g (afternoon_snack)
  - Week 1 Day 4 18:55: 105.1g (dinner)
  - Week 1 Day 5 07:24: 91.7g (breakfast)
  - Week 1 Day 5 10:15: 11.7g (morning_snack)
  - Week 1 Day 5 13:34: 106.3g (lunch)
  - Week 1 Day 5 16:33: 17.2g (afternoon_snack)
  - Week 1 Day 5 18:32: 109.9g (dinner)
  - Week 1 Day 6 07:01: 94.1g (breakfast)
  - Week 1 Day 6 09:26: 11.7g (morning_snack)
  - Week 1 Day 6 12:53: 95.8g (lunch)
  - Week 1 Day 6 15:10: 13.6g (afternoon_snack)
  - Week 1 Day 6 19:10: 92.5g (dinner)
  - Week 1 Day 7 06:26: 82.0g (breakfast)
  - Week 1 Day 7 10:17: 15.5g (morning_snack)
  - Week 1 Day 7 13:12: 118.0g (lunch)
  - Week 1 Day 7 15:24: 12.3g (afternoon_snack)
  - Week 1 Day 7 18:20: 87.7g (dinner)
  - Week 2 Day 1 07:56: 89.3g (breakfast)
  - Week 2 Day 1 09:37: 14.5g (morning_snack)
  - Week 2 Day 1 12:46: 95.8g (lunch)
  - Week 2 Day 1 15:03: 10.5g (afternoon_snack)
  - Week 2 Day 1 19:03: 114.7g (dinner)
  - Week 2 Day 2 06:09: 92.1g (breakfast)
  - Week 2 Day 2 09:00: 10.8g (morning_snack)
  - Week 2 Day 2 13:20: 87.7g (lunch)
  - Week 2 Day 2 15:15: 17.2g (afternoon_snack)
  - Week 2 Day 2 19:01: 86.9g (dinner)
  - Week 2 Day 3 06:29: 111.1g (breakfast)
  - Week 2 Day 3 10:20: 11.4g (morning_snack)
  - Week 2 Day 3 13:27: 97.8g (lunch)
  - Week 2 Day 3 16:05: 19.0g (afternoon_snack)
  - Week 2 Day 3 19:03: 109.5g (dinner)
  - Week 2 Day 4 07:34: 110.7g (breakfast)
  - Week 2 Day 4 09:27: 15.5g (morning_snack)
  - Week 2 Day 4 12:52: 105.9g (lunch)
  - Week 2 Day 4 16:39: 15.8g (afternoon_snack)
  - Week 2 Day 4 19:10: 94.5g (dinner)
  - Week 2 Day 5 07:33: 119.6g (breakfast)
  - Week 2 Day 5 09:44: 17.8g (morning_snack)
  - Week 2 Day 5 13:50: 86.1g (lunch)
  - Week 2 Day 5 16:10: 11.4g (afternoon_snack)
  - Week 2 Day 5 18:18: 101.4g (dinner)
  - Week 2 Day 6 07:10: 87.3g (breakfast)
  - Week 2 Day 6 10:17: 11.3g (morning_snack)
  - Week 2 Day 6 12:59: 84.4g (lunch)
  - Week 2 Day 6 16:55: 19.2g (afternoon_snack)
  - Week 2 Day 6 19:40: 118.4g (dinner)
  - Week 2 Day 7 07:03: 113.1g (breakfast)
  - Week 2 Day 7 10:09: 19.5g (morning_snack)
  - Week 2 Day 7 12:23: 88.9g (lunch)
  - Week 2 Day 7 16:24: 10.5g (afternoon_snack)
  - Week 2 Day 7 18:10: 110.7g (dinner)
  - Week 3 Day 1 06:41: 114.3g (breakfast)
  - Week 3 Day 1 09:29: 10.4g (morning_snack)
  - Week 3 Day 1 13:00: 97.4g (lunch)
  - Week 3 Day 1 16:11: 12.8g (afternoon_snack)
  - Week 3 Day 1 18:35: 81.2g (dinner)
  - Week 3 Day 2 06:18: 115.6g (breakfast)
  - Week 3 Day 2 10:09: 19.9g (morning_snack)
  - Week 3 Day 2 12:38: 97.0g (lunch)
  - Week 3 Day 2 15:56: 15.3g (afternoon_snack)
  - Week 3 Day 2 19:47: 109.1g (dinner)
  - Week 3 Day 3 07:17: 99.0g (breakfast)
  - Week 3 Day 3 10:50: 17.3g (morning_snack)
  - Week 3 Day 3 13:53: 117.2g (lunch)
  - Week 3 Day 3 15:26: 14.7g (afternoon_snack)
  - Week 3 Day 3 18:12: 93.3g (dinner)
  - Week 3 Day 4 06:48: 105.9g (breakfast)
  - Week 3 Day 4 10:45: 19.6g (morning_snack)
  - Week 3 Day 4 13:27: 88.9g (lunch)
  - Week 3 Day 4 16:21: 12.2g (afternoon_snack)
  - Week 3 Day 4 18:30: 93.7g (dinner)
  - Week 3 Day 5 07:33: 90.5g (breakfast)
  - Week 3 Day 5 09:47: 11.6g (morning_snack)
  - Week 3 Day 5 12:31: 108.3g (lunch)
  - Week 3 Day 5 16:56: 14.7g (afternoon_snack)
  - Week 3 Day 5 18:14: 113.9g (dinner)
  - Week 3 Day 6 06:18: 112.3g (breakfast)
  - Week 3 Day 6 09:09: 15.2g (morning_snack)
  - Week 3 Day 6 12:27: 92.9g (lunch)
  - Week 3 Day 6 16:27: 14.3g (afternoon_snack)
  - Week 3 Day 6 18:02: 81.6g (dinner)
  - Week 3 Day 7 06:48: 80.4g (breakfast)
  - Week 3 Day 7 10:49: 14.7g (morning_snack)
  - Week 3 Day 7 12:37: 92.5g (lunch)
  - Week 3 Day 7 16:15: 12.6g (afternoon_snack)
  - Week 3 Day 7 19:11: 119.6g (dinner)
  - Week 4 Day 1 07:15: 118.8g (breakfast)
  - Week 4 Day 1 10:49: 13.2g (morning_snack)
  - Week 4 Day 1 13:09: 103.8g (lunch)
  - Week 4 Day 1 15:02: 17.7g (afternoon_snack)
  - Week 4 Day 1 19:29: 105.9g (dinner)
  - Week 4 Day 2 06:52: 92.9g (breakfast)
  - Week 4 Day 2 09:10: 17.3g (morning_snack)
  - Week 4 Day 2 13:23: 84.4g (lunch)
  - Week 4 Day 2 16:40: 13.2g (afternoon_snack)
  - Week 4 Day 2 18:12: 89.3g (dinner)

Running Events (23 total):
 - Week 1 Day 1 06:22: Running avg speed 5.0 mph for 30 min
 - Week 1 Day 2 06:22: Running avg speed 5.0 mph for 30 min
 - Week 1 Day 3 06:22: Running avg speed 5.0 mph for 30 min
 - Week 1 Day 4 06:22: Running avg speed 5.0 mph for 30 min
 - Week 1 Day 5 06:22: Running avg speed 5.0 mph for 30 min
 - Week 1 Day 6 06:22: Running avg speed 5.0 mph for 30 min
 - Week 1 Day 7 06:22: Running avg speed 5.0 mph for 30 min
 - Week 2 Day 1 06:22: Running avg speed 5.0 mph for 30 min
 - Week 2 Day 2 06:22: Running avg speed 5.0 mph for 30 min
 - Week 2 Day 3 06:22: Running avg speed 5.0 mph for 30 min
 - Week 2 Day 4 06:22: Running avg speed 5.0 mph for 30 min
 - Week 2 Day 5 06:22: Running avg speed 5.0 mph for 30 min
 - Week 2 Day 6 06:22: Running avg speed 5.0 mph for 30 min
 - Week 2 Day 7 06:22: Running avg speed 5.0 mph for 30 min
 - Week 3 Day 1 06:22: Running avg speed 5.0 mph for 30 min
 - Week 3 Day 2 06:22: Running avg speed 5.0 mph for 30 min
 - Week 3 Day 3 06:22: Running avg speed 5.0 mph for 30 min
 - Week 3 Day 4 06:22: Running avg speed 5.0 mph for 30 min
 - Week 3 Day 5 06:22: Running avg speed 5.0 mph for 30 min
 - Week 3 Day 6 06:22: Running avg speed 5.0 mph for 30 min
 - Week 3 Day 7 06:22: Running avg speed 5.0 mph for 30 min
 - Week 4 Day 1 06:22: Running avg speed 5.0 mph for 30 min
 - Week 4 Day 2 06:22: Running avg speed 5.0 mph for 30 min

Cycling Events (23 total):
  - Week 1 Day 1 16:48: Cycling avg power 90.0 for 20 min
  - Week 1 Day 2 16:15: Cycling avg power 90.0 for 20 min
  - Week 1 Day 3 16:42: Cycling avg power 90.0 for 20 min
  - Week 1 Day 4 16:43: Cycling avg power 90.0 for 20 min
  - Week 1 Day 5 16:56: Cycling avg power 90.0 for 20 min
  - Week 1 Day 6 16:52: Cycling avg power 90.0 for 20 min
  - Week 1 Day 7 16:27: Cycling avg power 90.0 for 20 min
  - Week 2 Day 1 16:16: Cycling avg power 90.0 for 20 min
  - Week 2 Day 2 17:18: Cycling avg power 90.0 for 20 min
  - Week 2 Day 3 17:16: Cycling avg power 90.0 for 20 min
  - Week 2 Day 4 17:01: Cycling avg power 90.0 for 20 min
  - Week 2 Day 5 17:39: Cycling avg power 90.0 for 20 min
  - Week 2 Day 6 17:55: Cycling avg power 90.0 for 20 min
  - Week 2 Day 7 17:55: Cycling avg power 90.0 for 20 min
  - Week 3 Day 1 16:01: Cycling avg power 90.0 for 20 min
  - Week 3 Day 2 16:20: Cycling avg power 90.0 for 20 min
  - Week 3 Day 3 16:10: Cycling avg power 90.0 for 20 min
  - Week 3 Day 4 16:26: Cycling avg power 90.0 for 20 min
  - Week 3 Day 5 17:15: Cycling avg power 90.0 for 20 min
  - Week 3 Day 6 16:24: Cycling avg power 90.0 for 20 min
  - Week 3 Day 7 16:23: Cycling avg power 90.0 for 20 min
  - Week 4 Day 1 17:57: Cycling avg power 90.0 for 20 min
  - Week 4 Day 2 17:13: Cycling avg power 90.0 for 20 min



Question: Based on my current blood glucose levels and insulin dose taken, should I eat a snack to ensure my glucose stays in range between 12AM-6AM

Instructions: Predict if the patient should eat a snack to ensure their glucose stays in range between 12AM-6AM

Expected Answer Type: string

Example Answer: No

Please analyze the data carefully and provide your answer as a **json object** in the exact format specified by the answer type. Be precise and base your response only on the data provided.

Conclude your analysis with: 
```json 
{"answer": your answer here}
```