You are a medical AI assistant analyzing diabetes management data. Based on the patient's health data, answer the following question accurately.

PATIENT DATA OVERVIEW:
This data represents a continuous glucose monitoring (CGM) session for a diabetes patient. The data includes:
- Blood glucose readings taken every 5 minutes, begining at Week 1, Day 1, 00:00 (normal range: 70-180 mg/dL)
- Carbohydrate intake events with timing and amounts
- Insulin delivery events (basal background insulin and bolus meal insulin)
- Physical activity events (running/cycling with duration and intensity)

The data may contain various artifacts, sensor issues, or abnormal patterns that need to be identified and analyzed.

Patient Health Data:

Blood Glucose Readings (mg/dL, every 5 minutes): 7488 readings
  Values: 108.0, 108.0, 108.0, 108.0, 108.0, 108.0, 108.0, 108.1, 108.1, 108.2, 108.3, 108.4, 108.6, 108.8, 109.0, 109.2, 109.5, 109.7, 109.9, 110.0, 110.2, 110.3, 110.4, 110.4, 110.5, 110.5, 110.5, 110.5, 110.5, 110.5, 110.5, 110.5, 110.4, 110.4, 110.4, 110.4, 110.4, 110.4, 110.4, 110.3, 110.3, 110.3, 110.3, 110.3, 110.3, 110.3, 110.3, 110.3, 110.3, 110.3, 110.3, 110.3, 110.3, 110.3, 110.3, 110.3, 110.3, 110.3, 110.2, 110.2, 110.2, 110.2, 110.2, 110.2, 110.2, 110.2, 110.2, 110.2, 110.2, 110.2, 110.2, 110.2, 110.3, 110.3, 110.3, 110.3, 110.3, 110.3, 110.1, 109.0, 107.5, 105.8, 104.3, 102.9, 101.8, 101.5, 101.7, 102.1, 102.6, 102.9, 103.3, 104.0, 105.1, 106.9, 109.4, 112.8, 117.0, 122.0, 128.0, 134.7, 142.0, 149.8, 157.7, 165.5, 173.1, 180.2, 186.8, 192.7, 198.0, 202.5, 206.3, 209.2, 211.4, 212.7, 213.3, 213.1, 212.2, 210.8, 209.3, 207.8, 206.4, 204.8, 202.9, 200.9, 198.5, 195.9, 193.1, 190.0, 186.8, 183.5, 180.2, 176.7, 173.3, 169.9, 166.5, 163.2, 160.0, 156.8, 153.7, 150.7, 147.7, 144.9, 142.2, 139.6, 137.1, 134.8, 132.5, 130.3, 128.2, 126.2, 124.3, 122.5, 120.8, 119.1, 117.6, 116.3, 115.0, 113.9, 112.9, 112.1, 111.3, 110.7, 110.3, 110.1, 110.3, 111.0, 112.1, 113.7, 115.8, 118.5, 121.6, 125.2, 129.2, 133.5, 138.1, 142.7, 147.2, 151.5, 155.6, 159.3, 162.7, 165.6, 168.1, 170.1, 171.6, 172.6, 173.2, 173.2, 172.8, 172.1, 171.4, 171.0, 170.7, 170.3, 169.7, 168.9, 167.9, 166.6, 165.0, 163.3, 161.3, 159.2, 157.0, 154.8, 152.4, 150.0, 147.7, 145.3, 142.9, 140.6, 138.3, 136.0, 133.9, 131.7, 129.7, 127.7, 125.8, 123.8, 121.2, 118.0, 114.6, 111.3, 109.0, 107.9, 107.7, 108.4, 109.8, 112.0, 114.9, 118.5, 122.8, 127.5, 132.6, 137.9, 143.1, 148.2, 153.0, 157.5, 161.6, 165.2, 168.3, 170.8, 172.8, 174.3, 175.2, 175.7, 175.8, 175.4, 174.7, 173.6, 172.1, 170.4, 168.5, 166.3, 164.0, 161.5, 159.0, 156.3, 153.5, 150.7, 147.9, 145.0, 142.2, 139.4, 136.6, 133.8, 131.1, 128.4, 125.8, 123.3, 120.8, 118.4, 116.1, 113.9, 111.7, 109.6, 107.6, 105.7, 103.8, 102.1, 100.3, 98.7, 97.1, 95.6, 94.2, 92.8, 91.5, 90.3, 89.1, 88.0, 87.0, 86.1, 85.3, 84.7, 84.2, 83.8, 83.5, 83.4, 83.4, 83.5, 83.7, 84.0, 84.4, 85.0, 85.7, 86.5, 87.4, 88.4, 89.6, 90.8, 92.2, 93.7, 95.2, 96.9, 98.5, 100.2, 101.8, 103.5, 105.0, 106.4, 107.8, 108.9, 110.0, 110.8, 111.6, 112.2, 112.6, 113.0, 113.2, 113.3, 113.3, 113.3, 113.2, 113.0, 112.8, 112.6, 112.4, 112.1, 111.9, 111.6, 111.4, 111.1, 110.9, 110.8, 110.6, 110.5, 110.4, 110.3, 110.2, 110.2, 110.2, 110.2, 110.2, 110.2, 110.2, 110.2, 110.2, 110.2, 110.2, 110.2, 110.2, 110.2, 110.2, 110.2, 110.2, 110.2, 110.0, 108.9, 107.4, 105.7, 104.0, 102.6, 101.3, 101.0, 101.1, 101.5, 101.9, 102.2, 102.4, 102.6, 102.9, 103.2, 103.6, 104.5, 106.0, 108.3, 111.6, 115.8, 121.1, 127.5, 134.8, 142.8, 151.2, 159.8, 168.3, 176.6, 184.6, 192.1, 199.1, 205.5, 211.2, 216.2, 220.5, 224.0, 226.8, 228.8, 230.1, 230.6, 230.3, 229.4, 227.8, 225.5, 222.7, 219.5, 216.0, 212.2, 208.2, 204.0, 199.8, 195.4, 191.1, 187.1, 183.6, 180.8, 178.3, 176.1, 173.9, 171.7, 169.5, 167.2, 164.8, 162.4, 159.9, 157.4, 154.9, 152.5, 150.0, 147.6, 145.2, 142.9, 140.7, 138.4, 136.3, 134.2, 132.2, 130.2, 128.3, 126.4, 124.6, 122.9, 121.3, 120.1, 119.3, 119.1, 119.4, 120.4, 122.0, 124.2, 127.0, 130.4, 134.3, 138.7, 143.2, 147.8, 152.2, 156.5, 160.4, 163.9, 166.9, 169.4, 171.5, 173.2, 174.3, 175.0, 175.2, 175.0, 174.4, 173.5, 172.2, 170.7, 168.9, 166.9, 164.8, 162.5, 160.2, 157.5, 153.9, 149.8, 145.5, 141.2, 137.9, 135.0, 132.7, 131.2, 130.2, 129.7, 129.2, 128.9, 128.4, 127.9, 127.2, 126.5, 125.7, 124.7, 123.8, 122.7, 121.6, 120.6, 119.5, 118.4, 117.3, 116.2, 115.2, 114.3, 113.5, 112.8, 112.3, 111.8, 111.4, 111.1, 110.8, 110.6, 110.5, 110.4, 110.3, 110.3, 110.2, 110.2, 110.2, 110.3, 110.7, 111.5, 112.7, 114.6, 117.0, 120.1, 123.9, 128.3, 133.4, 138.9, 144.7, 150.7, 156.6, 162.3, 167.7, 172.7, 177.3, 181.4, 184.9, 187.9, 190.2, 192.0, 193.2, 193.7, 193.8, 193.4, 192.5, 191.2, 189.5, 187.5, 185.3, 182.7, 180.0, 177.1, 174.1, 171.0, 167.9, 164.7, 161.5, 158.3, 155.1, 151.9, 148.8, 145.8, 142.8, 139.9, 137.1, 134.4, 131.8, 129.3, 126.8, 124.5, 122.2, 120.0, 118.0, 116.0, 114.1, 112.3, 110.5, 108.9, 107.3, 105.8, 104.3, 103.0, 101.7, 100.5, 99.4, 98.4, 97.6, 96.9, 96.3, 95.8, 95.4, 95.1, 94.9, 94.8, 94.8, 95.0, 95.2, 95.5, 96.0, 96.5, 97.2, 97.9, 98.8, 99.7, 100.8, 101.9, 103.0, 104.1, 105.3, 106.3, 107.4, 108.3, 109.1, 109.9, 110.5, 111.0, 111.5, 111.8, 112.1, 112.3, 112.4, 112.4, 112.4, 112.4, 112.3, 112.1, 112.0, 111.8, 111.6, 111.4, 111.3, 111.1, 110.9, 110.8, 110.6, 110.5, 110.4, 110.4, 110.3, 110.2, 110.2, 110.2, 110.0, 108.8, 107.2, 105.5, 103.8, 102.3, 101.0, 100.6, 100.8, 101.1, 101.5, 101.9, 102.6, 103.6, 105.3, 107.8, 111.0, 115.0, 119.9, 125.5, 132.0, 139.2, 146.9, 155.0, 163.2, 171.3, 179.1, 186.4, 193.3, 199.6, 205.3, 210.2, 214.5, 218.0, 220.7, 222.8, 224.1, 224.7, 224.6, 223.8, 222.4, 220.5, 218.2, 215.8, 213.7, 211.6, 209.5, 207.2, 204.7, 201.9, 199.0, 195.9, 192.6, 189.2, 185.8, 182.3, 178.7, 175.2, 171.8, 168.4, 165.0, 161.8, 158.6, 155.5, 152.5, 149.6, 146.8, 144.2, 141.6, 139.2, 136.8, 134.5, 132.4, 130.3, 128.3, 126.4, 124.6, 122.9, 121.2, 119.6, 118.1, 116.8, 115.5, 114.4, 113.4, 112.7, 112.3, 112.5, 113.2, 114.7, 116.8, 119.8, 123.5, 127.8, 132.5, 137.5, 142.7, 147.8, 152.7, 157.4, 161.7, 165.6, 169.1, 172.1, 174.5, 176.4, 177.7, 178.5, 178.7, 178.4, 177.7, 176.7, 175.9, 175.7, 175.7, 175.8, 175.7, 175.3, 174.5, 173.5, 172.1, 170.3, 167.3, 163.6, 159.6, 155.5, 152.2, 149.4, 146.8, 144.3, 142.0, 139.6, 137.3, 135.1, 132.9, 130.7, 128.6, 126.6, 124.6, 122.7, 120.9, 119.1, 117.5, 115.9, 114.3, 112.9, 111.5, 110.2, 109.1, 108.1, 107.2, 106.5, 106.0, 105.5, 105.2, 105.0, 105.0, 105.2, 105.9, 107.2, 109.3, 112.3, 116.2, 121.1, 126.8, 133.0, 139.7, 146.5, 153.4, 160.0, 166.4, 172.4, 178.0, 183.0, 187.4, 191.2, 194.4, 196.9, 198.7, 199.8, 200.3, 200.1, 199.4, 198.2, 196.6, 194.6, 192.2, 189.6, 186.8, 183.8, 180.6, 177.3, 173.9, 170.5, 167.1, 163.7, 160.3, 157.0, 153.6, 150.4, 147.2, 144.1, 141.1, 138.2, 135.4, 132.7, 130.1, 127.6, 125.1, 122.8, 120.6, 118.4, 116.4, 114.4, 112.5, 110.7, 109.0, 107.4, 105.8, 104.3, 102.8, 101.4, 100.1, 98.9, 97.9, 96.9, 96.1, 95.5, 94.9, 94.5, 94.2, 94.0, 93.9, 94.0, 94.2, 94.5, 94.9, 95.5, 96.2, 96.9, 97.8, 98.8, 99.9, 101.1, 102.3, 103.5, 104.7, 105.9, 107.0, 108.0, 109.0, 109.8, 110.5, 111.1, 111.6, 112.0, 112.3, 112.5, 112.6, 112.7, 112.7, 112.6, 112.5, 112.3, 112.1, 111.9, 111.7, 111.5, 111.3, 111.1, 110.9, 110.8, 110.6, 110.5, 110.4, 110.3, 110.3, 110.2, 110.2, 110.2, 110.2, 110.2, 110.2, 110.2, 110.2, 110.2, 110.3, 110.7, 111.2, 111.3, 111.4, 112.0, 113.2, 115.1, 117.8, 121.9, 127.1, 133.0, 139.1, 145.3, 151.2, 156.9, 162.1, 166.8, 170.9, 174.4, 177.2, 179.3, 180.7, 181.5, 181.7, 181.4, 180.6, 179.4, 177.9, 175.9, 173.8, 171.3, 168.7, 165.9, 163.0, 160.0, 157.2, 154.7, 152.9, 151.5, 150.5, 149.4, 148.4, 147.2, 145.9, 144.4, 142.8, 141.1, 139.3, 137.4, 135.5, 133.5, 131.5, 129.6, 127.7, 125.8, 123.9, 122.1, 120.3, 118.6, 117.0, 115.4, 113.9, 112.4, 111.1, 109.8, 108.6, 107.6, 106.7, 105.9, 105.3, 104.8, 104.5, 104.3, 104.2, 104.3, 104.4, 104.7, 105.1, 105.5, 106.1, 106.6, 107.1, 107.7, 108.2, 108.7, 109.1, 109.5, 110.0, 110.9, 112.2, 114.3, 117.3, 121.2, 126.0, 131.7, 138.0, 144.6, 151.4, 158.1, 164.6, 170.8, 176.6, 181.9, 186.7, 191.0, 194.6, 197.6, 200.0, 201.7, 202.9, 203.4, 203.3, 202.7, 201.6, 200.1, 198.3, 196.1, 193.6, 190.8, 187.9, 184.8, 181.6, 178.6, 176.3, 174.7, 173.4, 172.2, 171.0, 169.8, 168.3, 166.7, 165.0, 163.2, 161.2, 159.1, 157.0, 154.8, 152.7, 150.5, 148.1, 144.8, 141.1, 137.1, 133.3, 130.5, 128.2, 126.2, 124.4, 122.7, 121.0, 119.4, 117.9, 116.4, 114.9, 113.6, 112.4, 111.2, 110.2, 109.3, 108.6, 108.0, 107.7, 107.9, 108.6, 109.8, 111.7, 114.2, 117.3, 120.9, 125.1, 129.6, 134.4, 139.1, 143.9, 148.4, 152.8, 156.9, 160.6, 163.9, 166.8, 169.3, 171.3, 172.8, 173.9, 174.5, 174.6, 174.3, 173.5, 172.4, 171.0, 169.3, 167.4, 165.3, 163.1, 160.6, 158.1, 155.4, 152.7, 150.0, 147.2, 144.4, 141.7, 138.9, 136.2, 133.5, 130.9, 128.4, 125.9, 123.4, 121.1, 118.8, 116.6, 114.4, 112.4, 110.4, 108.5, 106.6, 104.9, 103.2, 101.6, 100.0, 98.5, 97.1, 95.8, 94.6, 93.5, 92.6, 91.8, 91.1, 90.5, 90.1, 89.8, 89.6, 89.5, 89.6, 89.8, 90.1, 90.5, 91.1, 91.7, 92.5, 93.4, 94.4, 95.5, 96.8, 98.1, 99.5, 100.9, 102.3, 103.8, 105.1, 106.4, 107.7, 108.8, 109.7, 110.6, 111.3, 111.8, 112.3, 112.6, 112.9, 113.0, 113.1, 113.0, 113.0, 112.8, 112.7, 112.5, 112.3, 112.0, 111.8, 111.6, 111.4, 111.2, 111.0, 110.8, 110.6, 110.5, 110.4, 110.3, 110.3, 110.2, 110.2, 110.2, 110.2, 110.2, 110.2, 110.2, 110.2, 110.0, 108.9, 107.3, 105.6, 104.0, 102.5, 101.3, 101.0, 101.1, 101.6, 102.3, 103.3, 104.8, 106.7, 109.1, 112.2, 115.9, 120.2, 125.1, 130.3, 135.8, 141.2, 146.6, 151.6, 156.3, 160.5, 164.2, 167.2, 169.6, 171.4, 172.5, 173.0, 172.9, 172.3, 171.3, 169.9, 168.2, 166.2, 164.0, 161.6, 159.0, 156.3, 153.6, 151.0, 149.1, 147.8, 146.8, 145.9, 145.1, 144.1, 143.0, 141.7, 140.3, 138.7, 137.1, 135.3, 133.5, 131.7, 129.8, 127.9, 126.0, 124.1, 122.3, 120.5, 118.8, 117.1, 115.5, 113.9, 112.4, 111.0, 109.7, 108.6, 107.6, 106.7, 106.0, 105.4, 105.0, 104.6, 104.5, 104.4, 104.5, 104.7, 104.9, 105.3, 105.9, 106.8, 108.2, 110.2, 112.7, 116.0, 120.0, 124.7, 130.0, 135.6, 141.4, 147.3, 153.0, 158.4, 163.4, 168.0, 172.1, 175.6, 178.4, 180.7, 182.3, 183.3, 183.6, 183.3, 182.7, 181.5, 180.1, 178.2, 176.1, 173.8, 171.3, 168.8, 166.6, 164.9, 163.7, 162.6, 161.5, 160.3, 159.0, 157.5, 155.8, 154.0, 152.1, 150.0, 147.9, 145.7, 143.5, 141.3, 139.1, 136.9, 134.7, 132.6, 130.6, 128.6, 126.5, 123.5, 120.1, 116.5, 113.1, 110.6, 108.7, 107.2, 105.9, 104.7, 103.8, 103.0, 102.3, 101.8, 101.6, 101.8, 102.6, 103.9, 105.7, 108.2, 111.3, 115.1, 119.4, 124.2, 129.6, 135.5, 141.5, 147.7, 153.8, 159.8, 165.5, 170.9, 175.9, 180.4, 184.4, 187.9, 190.9, 193.3, 195.1, 196.3, 197.0, 197.0, 196.5, 195.5, 194.0, 192.2, 190.0, 187.6, 184.9, 182.1, 179.1, 175.9, 172.7, 169.4, 166.1, 162.8, 159.5, 156.2, 153.0, 149.8, 146.7, 143.6, 140.7, 137.8, 135.0, 132.3, 129.7, 127.2, 124.8, 122.5, 120.3, 118.1, 116.1, 114.2, 112.3, 110.5, 108.8, 107.2, 105.6, 104.2, 102.8, 101.5, 100.3, 99.3, 98.5, 97.7, 97.1, 96.7, 96.3, 96.1, 96.0, 96.1, 96.3, 96.6, 97.0, 97.5, 98.2, 99.0, 99.9, 100.9, 101.9, 103.0, 104.1, 105.2, 106.3, 107.3, 108.2, 109.0, 109.7, 110.3, 110.8, 111.1, 111.4, 111.6, 111.7, 111.7, 111.7, 111.7, 111.6, 111.4, 111.3, 111.1, 111.0, 110.9, 110.7, 110.6, 110.5, 110.4, 110.4, 110.3, 110.3, 110.2, 110.2, 110.2, 110.2, 110.2, 110.2, 110.2, 110.2, 110.2, 110.2, 110.2, 110.2, 110.2, 110.2, 110.2, 110.2, 110.2, 110.2, 110.2, 110.0, 108.9, 107.3, 105.6, 104.0, 102.5, 101.3, 101.0, 101.2, 101.6, 102.0, 102.3, 102.6, 102.8, 103.1, 103.5, 104.3, 105.5, 107.4, 110.0, 113.4, 117.5, 122.6, 128.4, 135.0, 142.4, 150.4, 158.7, 167.1, 175.4, 183.5, 191.1, 198.3, 204.9, 210.8, 216.0, 220.5, 224.3, 227.5, 230.4, 233.0, 235.0, 236.5, 237.2, 237.2, 236.4, 234.9, 232.8, 230.2, 227.1, 223.7, 220.0, 216.1, 211.9, 207.7, 203.4, 199.1, 194.7, 190.4, 186.2, 182.1, 178.0, 174.1, 170.2, 166.5, 162.9, 159.5, 156.1, 152.9, 149.8, 146.9, 144.1, 141.4, 138.8, 136.3, 134.0, 131.7, 129.6, 127.5, 125.6, 123.9, 122.7, 122.1, 122.4, 123.7, 126.0, 129.3, 133.6, 138.5, 143.8, 149.4, 155.0, 160.5, 165.8, 170.7, 175.3, 179.4, 183.1, 186.2, 188.8, 190.7, 192.2, 193.2, 193.7, 193.7, 193.2, 192.3, 191.0, 189.4, 187.5, 185.2, 182.8, 180.2, 177.4, 174.5, 171.5, 168.4, 165.3, 162.2, 159.1, 156.2, 153.7, 151.8, 150.4, 149.3, 148.2, 147.2, 146.1, 144.9, 143.6, 142.3, 140.9, 139.4, 137.9, 136.4, 134.7, 132.0, 129.0, 125.7, 122.5, 120.3, 118.5, 117.1, 116.1, 115.4, 115.2, 115.6, 116.4, 117.9, 119.9, 122.4, 125.5, 129.0, 132.8, 136.6, 140.4, 144.1, 147.6, 150.7, 153.5, 155.9, 158.0, 159.6, 160.9, 161.7, 162.2, 162.3, 162.0, 161.4, 160.5, 159.4, 158.0, 156.4, 154.6, 152.7, 150.7, 148.6, 146.4, 144.2, 142.0, 139.7, 137.4, 135.2, 133.0, 130.8, 128.6, 126.5, 124.5, 122.5, 120.5, 118.7, 116.8, 115.1, 113.4, 111.8, 110.2, 108.7, 107.3, 105.9, 104.6, 103.3, 102.1, 101.0, 100.0, 99.1, 98.4, 97.7, 97.2, 96.9, 96.6, 96.5, 96.5, 96.6, 96.8, 97.2, 97.6, 98.2, 99.0, 99.8, 100.7, 101.7, 102.8, 103.8, 104.9, 106.0, 107.0, 108.0, 108.8, 109.6, 110.2, 110.8, 111.3, 111.6, 111.9, 112.0, 112.1, 112.1, 112.1, 112.0, 111.8, 111.7, 111.5, 111.3, 111.1, 110.9, 110.7, 110.5, 110.4, 110.3, 110.3, 110.2, 110.2, 110.2, 110.1, 110.1, 110.1, 110.2, 110.2, 110.2, 110.2, 110.2, 110.2, 110.2, 110.2, 110.2, 110.2, 110.2, 110.2, 110.2, 110.2, 110.2, 110.2, 110.2, 110.2, 110.2, 110.2, 110.2, 110.2, 110.2, 110.2, 110.2, 110.2, 110.2, 110.2, 110.2, 110.2, 110.2, 110.2, 110.0, 108.9, 107.4, 105.7, 104.0, 102.5, 101.3, 100.9, 101.1, 101.5, 101.8, 102.2, 102.4, 102.6, 102.8, 103.1, 103.4, 104.0, 105.0, 106.8, 109.6, 113.6, 118.7, 125.0, 132.2, 140.0, 148.2, 156.5, 164.7, 172.7, 180.5, 187.8, 194.5, 200.8, 206.4, 211.3, 215.6, 219.1, 221.9, 224.0, 225.3, 226.0, 225.9, 225.1, 223.6, 221.6, 219.4, 217.4, 215.9, 214.7, 213.4, 211.8, 210.0, 207.9, 205.4, 202.7, 199.7, 196.5, 193.2, 189.8, 186.3, 182.7, 179.2, 175.7, 172.3, 168.9, 165.6, 162.4, 159.2, 156.2, 153.2, 150.3, 147.5, 144.8, 142.2, 139.7, 137.2, 134.9, 132.6, 130.5, 128.4, 126.4, 124.4, 122.6, 120.9, 119.4, 118.3, 117.8, 117.9, 118.8, 120.5, 123.0, 126.2, 129.9, 133.9, 138.1, 142.3, 146.5, 150.5, 154.3, 157.8, 160.9, 163.6, 166.0, 167.9, 169.3, 170.3, 170.9, 171.0, 170.8, 170.2, 169.3, 168.2, 167.2, 166.6, 166.3, 165.9, 165.5, 164.8, 163.7, 161.4, 158.5, 155.0, 151.5, 148.7, 146.4, 144.2, 142.1, 140.1, 138.1, 136.1, 134.1, 132.1, 130.1, 128.2, 126.3, 124.5, 122.7, 121.0, 119.3, 117.7, 116.1, 114.7, 113.3, 112.1, 111.0, 110.0, 109.2, 108.5, 107.9, 107.4, 107.1, 106.9, 106.8, 106.8, 106.9, 107.2, 107.8, 108.9, 110.4, 112.5, 115.2, 118.5, 122.4, 126.9, 131.9, 137.2, 142.6, 148.0, 153.2, 158.2, 162.8, 167.0, 170.8, 174.0, 176.7, 178.9, 180.5, 181.5, 182.0, 181.9, 181.3, 180.3, 179.0, 177.3, 175.4, 173.2, 170.8, 168.3, 165.6, 162.8, 159.9, 157.0, 154.1, 151.1, 148.2, 145.3, 142.4, 139.6, 136.8, 134.1, 131.5, 129.0, 126.5, 124.1, 121.8, 119.6, 117.5, 115.4, 113.4, 111.5, 109.7, 108.0, 106.3, 104.7, 103.2, 101.8, 100.4, 99.1, 98.0, 97.0, 96.2, 95.4, 94.8, 94.4, 94.0, 93.8, 93.7, 93.7, 93.9, 94.2, 94.6, 95.2, 95.8, 96.6, 97.5, 98.5, 99.6, 100.8, 102.0, 103.2, 104.5, 105.7, 106.8, 107.9, 108.9, 109.7, 110.5, 111.1, 111.7, 112.1, 112.4, 112.6, 112.7, 112.8, 112.8, 112.7, 112.6, 112.4, 112.2, 112.0, 111.8, 111.6, 111.4, 111.2, 111.0, 110.8, 110.7, 110.6, 110.5, 110.4, 110.3, 110.2, 110.2, 110.2, 110.2, 110.2, 110.2, 110.2, 110.2, 110.2, 110.2, 110.2, 110.2, 110.3, 110.3, 110.3, 110.3, 110.1, 109.0, 107.4, 105.7, 104.1, 102.5, 101.3, 100.9, 101.1, 101.4, 101.8, 102.1, 102.3, 102.5, 102.8, 103.0, 103.5, 104.5, 106.3, 108.9, 112.7, 117.7, 123.8, 130.7, 138.1, 145.9, 153.7, 161.4, 168.8, 175.8, 182.4, 188.3, 193.6, 198.3, 202.2, 205.3, 207.8, 209.4, 210.3, 210.5, 210.0, 208.8, 207.0, 204.7, 202.0, 199.0, 195.7, 192.3, 188.6, 184.9, 181.3, 178.1, 175.3, 172.8, 170.4, 168.0, 165.6, 163.1, 160.6, 158.0, 155.4, 152.8, 150.2, 147.6, 145.0, 142.4, 139.9, 137.5, 135.2, 132.9, 130.7, 128.5, 126.5, 124.5, 122.6, 120.8, 119.1, 117.4, 115.9, 114.5, 113.3, 112.1, 111.1, 110.2, 109.5, 108.8, 108.3, 107.9, 107.7, 107.6, 107.8, 108.4, 109.5, 111.1, 113.2, 115.9, 119.2, 122.9, 127.2, 132.0, 137.1, 142.5, 147.9, 153.2, 158.3, 163.1, 167.6, 171.6, 175.2, 178.2, 180.7, 182.7, 184.1, 184.9, 185.1, 184.8, 184.0, 182.7, 181.1, 179.2, 177.0, 174.6, 171.9, 169.2, 166.3, 163.7, 161.7, 160.3, 159.2, 158.3, 157.1, 154.9, 152.1, 148.9, 145.5, 143.0, 140.8, 138.8, 136.9, 135.0, 133.2, 131.3, 129.4, 127.6, 125.8, 124.0, 122.2, 120.5, 118.8, 117.2, 115.6, 114.1, 112.7, 111.3, 110.1, 109.0, 108.0, 107.2, 106.4, 105.7, 105.2, 104.7, 104.4, 104.2, 104.4, 105.1, 106.3, 108.2, 110.9, 114.2, 118.3, 123.1, 128.7, 134.8, 141.3, 148.0, 154.8, 161.4, 167.8, 173.9, 179.7, 184.9, 189.7, 193.9, 197.5, 200.5, 202.9, 204.7, 205.9, 206.4, 206.4, 205.7, 204.5, 202.8, 200.8, 198.4, 195.7, 192.7, 189.6, 186.2, 182.8, 179.3, 175.7, 172.1, 168.5, 164.9, 161.4, 157.9, 154.5, 151.1, 147.8, 144.7, 141.6, 138.6, 135.7, 132.9, 130.3, 127.7, 125.2, 122.9, 120.6, 118.4, 116.4, 114.4, 112.5, 110.7, 109.0, 107.3, 105.8, 104.3, 102.9, 101.6, 100.4, 99.3, 98.4, 97.6, 97.0, 96.4, 96.0, 95.7, 95.6, 95.5, 95.6, 95.8, 96.1, 96.6, 97.2, 97.8, 98.6, 99.5, 100.5, 101.6, 102.6, 103.8, 104.9, 106.0, 107.0, 108.0, 108.9, 109.7, 110.4, 110.9, 111.4, 111.8, 112.1, 112.3, 112.4, 112.4, 112.4, 112.3, 112.2, 112.1, 111.9, 111.7, 111.5, 111.4, 111.2, 111.0, 110.8, 110.7, 110.6, 110.5, 110.4, 110.3, 110.3, 110.2, 110.2, 110.2, 110.0, 108.8, 107.2, 105.5, 104.0, 102.8, 102.3, 103.1, 105.0, 107.8, 111.1, 115.1, 119.5, 124.6, 130.1, 136.1, 142.3, 148.5, 154.6, 160.4, 165.8, 170.7, 175.1, 178.9, 182.0, 184.5, 186.4, 187.6, 188.2, 188.2, 187.6, 186.6, 185.2, 183.4, 181.4, 179.2, 177.3, 175.5, 173.9, 172.2, 170.4, 168.5, 166.5, 164.3, 161.9, 159.5, 157.0, 154.5, 151.9, 149.3, 146.7, 144.2, 141.7, 139.2, 136.8, 134.5, 132.2, 130.0, 127.9, 125.8, 123.9, 122.0, 120.2, 118.5, 116.8, 115.3, 113.8, 112.5, 111.4, 110.4, 109.5, 108.8, 108.2, 107.7, 107.4, 107.3, 107.3, 107.7, 108.5, 109.9, 111.9, 114.5, 117.8, 121.7, 126.2, 131.2, 136.7, 142.5, 148.3, 154.0, 159.5, 164.6, 169.2, 173.3, 176.9, 179.8, 182.1, 183.8, 184.8, 185.2, 185.1, 184.5, 183.5, 182.1, 180.4, 178.4, 176.1, 173.6, 170.9, 168.1, 165.1, 162.1, 159.0, 155.8, 152.6, 149.5, 146.3, 143.2, 140.1, 137.1, 134.1, 131.3, 128.5, 125.8, 123.5, 121.6, 120.1, 118.8, 117.6, 116.4, 115.2, 114.0, 112.8, 111.6, 110.4, 109.1, 107.9, 106.5, 104.2, 101.4, 98.4, 95.5, 93.6, 92.4, 91.8, 92.0, 92.9, 94.6, 97.1, 100.5, 104.6, 109.3, 114.5, 119.8, 125.3, 130.7, 136.1, 141.2, 146.1, 150.6, 154.8, 158.6, 161.8, 164.6, 166.9, 168.6, 169.9, 170.5, 170.7, 170.4, 169.7, 168.6, 167.2, 165.6, 163.7, 161.6, 159.3, 156.9, 154.4, 151.8, 149.1, 146.4, 143.7, 141.0, 138.2, 135.6, 132.9, 130.3, 127.8, 125.3, 122.9, 120.6, 118.3, 116.1, 114.0, 112.0, 110.0, 108.1, 106.3, 104.6, 102.9, 101.3, 99.8, 98.3, 96.9, 95.6, 94.3, 93.2, 92.2, 91.3, 90.5, 89.9, 89.4, 89.0, 88.8, 88.7, 88.7, 88.8, 89.0, 89.4, 89.8, 90.4, 91.1, 92.0, 92.9, 94.0, 95.2, 96.5, 97.9, 99.3, 100.8, 102.3, 103.7, 105.1, 106.5, 107.7, 108.9, 109.9, 110.7, 111.4, 112.0, 112.5, 112.8, 113.1, 113.2, 113.2, 113.2, 113.1, 113.0, 112.8, 112.6, 112.4, 112.1, 111.9, 111.6, 111.4, 111.2, 111.0, 110.8, 110.7, 110.5, 110.4, 110.3, 110.3, 110.2, 110.2, 110.2, 110.2, 110.2, 110.2, 110.2, 110.2, 110.2, 110.2, 110.2, 110.2, 110.2, 110.2, 110.2, 110.2, 110.2, 110.2, 110.2, 110.2, 110.2, 110.2, 110.2, 110.2, 110.0, 109.0, 107.4, 105.7, 104.1, 102.7, 101.5, 101.1, 101.3, 101.7, 102.2, 102.6, 103.3, 104.3, 105.8, 108.0, 110.8, 114.3, 118.4, 123.2, 128.5, 134.1, 139.9, 145.5, 151.0, 156.1, 160.8, 164.9, 168.5, 171.4, 173.7, 175.4, 176.4, 176.7, 176.4, 175.5, 174.2, 172.6, 170.6, 168.4, 166.0, 163.4, 160.6, 157.8, 154.8, 151.9, 148.9, 145.8, 142.9, 139.9, 137.0, 134.1, 131.3, 128.6, 126.0, 123.8, 122.3, 121.6, 121.3, 121.3, 121.3, 121.3, 121.2, 120.9, 120.5, 120.0, 119.4, 118.7, 117.9, 117.2, 116.5, 115.8, 115.2, 114.7, 114.2, 113.8, 113.4, 113.0, 112.7, 112.5, 112.2, 112.0, 111.9, 112.1, 112.8, 114.1, 116.0, 118.7, 122.1, 126.3, 131.1, 136.3, 141.7, 147.1, 152.4, 157.5, 162.2, 166.5, 170.2, 173.4, 176.1, 178.1, 179.5, 180.3, 180.6, 180.4, 179.8, 178.7, 177.4, 175.7, 173.7, 171.5, 169.2, 166.7, 164.3, 162.5, 161.2, 160.2, 159.2, 158.2, 157.1, 155.9, 154.4, 152.0, 148.9, 145.4, 141.8, 138.7, 136.2, 134.0, 132.0, 130.2, 128.4, 126.6, 124.9, 123.2, 121.5, 119.9, 118.4, 116.9, 115.5, 114.1, 112.8, 111.6, 110.6, 109.7, 109.0, 108.4, 107.9, 107.5, 107.5, 107.9, 108.9, 110.7, 113.4, 117.1, 121.7, 127.1, 133.2, 139.7, 146.5, 153.2, 159.9, 166.4, 172.6, 178.5, 183.9, 188.8, 193.1, 196.9, 200.1, 202.7, 204.7, 206.0, 206.7, 206.8, 206.3, 205.2, 203.7, 201.7, 199.4, 196.8, 193.9, 190.7, 187.4, 184.0, 180.5, 176.9, 173.3, 169.6, 166.0, 162.4, 158.8, 155.3, 151.9, 148.6, 145.3, 142.2, 139.1, 136.2, 133.3, 130.6, 127.9, 125.4, 123.0, 120.6, 118.4, 116.3, 114.3, 112.3, 110.5, 108.7, 107.0, 105.4, 103.9, 102.4, 101.0, 99.8, 98.6, 97.5, 96.6, 95.9, 95.3, 94.8, 94.4, 94.2, 94.1, 94.1, 94.2, 94.5, 94.9, 95.4, 96.1, 96.9, 97.8, 98.8, 99.9, 101.0, 102.2, 103.5, 104.7, 105.9, 107.0, 108.0, 108.9, 109.8, 110.4, 111.0, 111.5, 111.8, 112.0, 112.1, 112.1, 112.0, 111.9, 111.6, 111.4, 111.1, 110.8, 110.4, 110.1, 109.8, 109.5, 109.2, 108.9, 108.7, 108.6, 108.5, 108.5, 108.5, 108.6, 108.7, 108.9, 109.1, 109.3, 109.5, 109.7, 109.8, 109.9, 110.1, 110.1, 110.2, 110.3, 110.3, 110.3, 110.3, 110.4, 110.4, 110.1, 109.0, 107.4, 105.7, 104.1, 102.6, 101.3, 101.0, 101.1, 101.5, 101.9, 102.2, 102.4, 102.6, 102.8, 103.0, 103.4, 104.4, 106.0, 108.6, 112.3, 117.2, 123.1, 129.8, 137.1, 144.7, 152.4, 159.9, 167.1, 174.0, 180.3, 186.0, 191.1, 195.5, 199.1, 202.0, 204.1, 205.5, 206.2, 206.1, 205.5, 204.8, 204.1, 203.5, 202.8, 201.9, 200.6, 199.0, 197.1, 194.8, 192.2, 189.4, 186.4, 183.3, 180.1, 176.8, 173.4, 170.1, 166.8, 163.6, 160.3, 157.2, 154.1, 151.2, 148.3, 145.5, 142.8, 140.3, 137.8, 135.4, 133.2, 131.0, 128.9, 126.9, 125.0, 123.1, 121.4, 119.7, 118.2, 117.0, 116.0, 115.6, 115.7, 116.4, 117.8, 119.8, 122.6, 125.9, 129.9, 134.4, 139.4, 144.7, 150.0, 155.3, 160.3, 165.0, 169.2, 173.0, 176.3, 179.0, 181.2, 182.7, 183.7, 184.2, 184.3, 183.9, 183.0, 181.8, 180.3, 178.4, 176.3, 173.9, 171.4, 168.7, 165.9, 163.0, 160.0, 157.0, 153.9, 150.9, 147.9, 144.9, 142.0, 139.1, 136.3, 133.6, 131.0, 128.9, 127.6, 126.8, 126.2, 125.8, 125.3, 124.8, 124.2, 123.5, 122.6, 120.7, 118.2, 115.5, 112.8, 111.0, 109.7, 108.5, 107.5, 106.7, 105.9, 105.3, 104.7, 104.2, 103.9, 103.6, 103.4, 103.4, 103.5, 103.7, 104.0, 104.4, 104.9, 105.4, 106.0, 106.6, 107.2, 107.9, 108.6, 109.5, 110.9, 112.9, 115.4, 118.7, 122.6, 127.3, 132.7, 138.6, 144.9, 151.2, 157.5, 163.5, 169.1, 174.3, 178.9, 182.9, 186.2, 188.8, 190.7, 192.0, 192.8, 192.9, 192.6, 191.8, 190.5, 188.9, 186.9, 184.7, 182.2, 179.5, 176.7, 173.8, 170.7, 167.6, 164.5, 161.4, 158.3, 155.2, 152.1, 149.1, 146.2, 143.3, 140.5, 137.8, 135.2, 132.7, 130.2, 127.8, 125.6, 123.4, 121.3, 119.3, 117.4, 115.6, 113.8, 112.1, 110.6, 109.0, 107.6, 106.2, 104.9, 103.7, 102.6, 101.6, 100.8, 100.1, 99.6, 99.2, 98.9, 98.7, 98.7, 98.8, 99.1, 99.4, 99.9, 100.5, 101.2, 102.0, 102.9, 103.8, 104.8, 105.7, 106.7, 107.5, 108.3, 109.0, 109.7, 110.2, 110.7, 111.0, 111.3, 111.5, 111.6, 111.7, 111.7, 111.7, 111.6, 111.5, 111.4, 111.3, 111.1, 111.0, 110.9, 110.8, 110.6, 110.5, 110.5, 110.4, 110.3, 110.3, 110.3, 110.2, 110.2, 110.2, 110.2, 110.2, 110.2, 110.2, 110.2, 110.2, 110.2, 110.2, 110.0, 108.9, 107.3, 105.6, 103.9, 102.4, 101.1, 100.7, 100.8, 101.2, 101.5, 101.8, 102.0, 102.2, 102.4, 102.7, 103.0, 103.3, 103.8, 104.7, 106.0, 107.9, 110.5, 113.8, 118.0, 122.9, 128.7, 135.2, 142.4, 149.9, 157.6, 165.3, 172.8, 180.0, 186.8, 193.0, 198.6, 203.7, 208.2, 212.6, 216.6, 220.3, 223.4, 225.7, 227.2, 227.9, 227.7, 226.8, 225.1, 222.9, 220.2, 217.1, 213.6, 210.0, 206.1, 202.1, 198.0, 193.8, 189.6, 185.5, 181.4, 177.4, 173.4, 169.6, 165.8, 162.2, 158.7, 155.3, 152.0, 148.8, 145.8, 142.9, 140.1, 137.4, 134.9, 132.5, 130.5, 128.9, 127.7, 127.1, 127.1, 127.6, 128.7, 130.3, 132.5, 135.1, 138.1, 141.4, 144.7, 148.0, 151.2, 154.1, 156.8, 159.1, 161.0, 162.6, 163.7, 164.4, 164.8, 164.8, 164.4, 163.7, 162.7, 161.4, 159.9, 158.2, 156.3, 154.3, 152.1, 149.9, 147.6, 145.4, 143.5, 142.0, 140.7, 139.5, 138.3, 136.9, 135.4, 132.8, 129.7, 126.4, 123.1, 120.7, 118.7, 116.9, 115.2, 113.6, 112.1, 110.6, 109.1, 107.6, 106.1, 104.7, 103.4, 102.1, 100.8, 99.6, 98.4, 97.3, 96.3, 95.5, 94.9, 94.7, 95.0, 96.0, 97.7, 100.2, 103.6, 107.6, 112.2, 117.2, 122.4, 127.8, 133.1, 138.4, 143.4, 148.3, 152.8, 156.9, 160.7, 164.0, 166.8, 169.1, 170.9, 172.1, 172.9, 173.1, 172.8, 172.0, 170.8, 169.3, 167.6, 165.6, 163.4, 160.9, 158.4, 155.7, 152.9, 150.1, 147.2, 144.2, 141.3, 138.4, 135.5, 132.6, 129.8, 127.0, 124.3, 121.7, 119.1, 116.7, 114.3, 112.0, 109.7, 107.6, 105.5, 103.5, 101.6, 99.8, 98.0, 96.3, 94.7, 93.2, 91.7, 90.3, 88.9, 87.6, 86.4, 85.3, 84.4, 83.5, 82.8, 82.2, 81.7, 81.4, 81.2, 81.1, 81.1, 81.2, 81.4, 81.8, 82.3, 82.9, 83.6, 84.4, 85.3, 86.4, 87.6, 88.9, 90.3, 91.8, 93.4, 95.1, 96.9, 98.7, 100.5, 102.3, 104.0, 105.7, 107.2, 108.6, 109.8, 110.9, 111.8, 112.5, 113.0, 113.4, 113.5, 113.6, 113.5, 113.2, 112.9, 112.4, 111.9, 111.3, 110.7, 110.0, 109.3, 108.6, 107.9, 107.3, 106.6, 106.0, 105.4, 104.8, 104.3, 103.9, 103.5, 103.1, 102.9, 102.7, 102.5, 102.5, 102.5, 102.6, 102.8, 103.1, 103.5, 104.0, 104.5, 105.2, 105.8, 106.4, 107.1, 107.7, 108.2, 108.8, 109.0, 108.5, 107.5, 106.3, 105.3, 104.5, 104.3, 105.4, 107.5, 110.4, 113.9, 117.9, 122.3, 127.3, 132.8, 138.6, 144.6, 150.5, 156.2, 161.5, 166.3, 170.4, 173.9, 176.8, 178.8, 180.2, 180.9, 181.1, 180.8, 179.9, 178.7, 177.1, 175.2, 173.0, 170.5, 167.9, 165.1, 162.2, 159.2, 156.1, 152.9, 149.8, 146.6, 143.5, 140.4, 137.3, 134.4, 131.6, 129.3, 127.4, 126.0, 124.9, 123.9, 122.9, 121.9, 120.9, 119.7, 118.6, 117.3, 116.1, 114.8, 113.4, 112.1, 110.8, 109.5, 108.2, 106.9, 105.7, 104.6, 103.6, 102.7, 101.9, 101.3, 100.8, 100.4, 100.1, 100.1, 100.4, 101.2, 102.5, 104.4, 107.0, 110.2, 114.2, 118.8, 124.0, 129.6, 135.4, 141.3, 147.2, 153.0, 158.5, 163.7, 168.5, 172.9, 176.7, 180.1, 182.9, 185.1, 186.7, 187.8, 188.2, 188.1, 187.4, 186.1, 184.4, 182.4, 180.1, 177.5, 174.7, 171.7, 168.6, 165.4, 162.1, 158.8, 155.4, 152.1, 148.7, 145.4, 142.2, 139.0, 135.9, 132.9, 129.9, 127.1, 124.4, 122.2, 120.8, 119.9, 119.3, 118.6, 116.9, 114.7, 112.2, 109.7, 108.1, 106.9, 105.9, 105.0, 104.1, 103.1, 102.2, 101.3, 100.4, 99.7, 99.0, 98.4, 97.9, 97.5, 97.4, 97.6, 98.3, 99.7, 101.8, 104.7, 108.3, 112.8, 118.1, 124.2, 130.9, 138.1, 145.6, 153.1, 160.5, 167.7, 174.5, 181.0, 186.9, 192.3, 197.1, 201.3, 204.8, 207.6, 209.8, 211.2, 212.0, 212.1, 211.5, 210.4, 208.7, 206.7, 204.3, 201.5, 198.5, 195.3, 191.9, 188.4, 184.8, 181.1, 177.4, 173.7, 170.0, 166.3, 162.7, 159.2, 155.7, 152.4, 149.1, 145.9, 142.8, 139.8, 136.9, 134.2, 131.5, 129.0, 126.5, 124.2, 122.0, 119.8, 117.8, 115.8, 114.0, 112.2, 110.5, 108.9, 107.4, 105.9, 104.5, 103.3, 102.1, 101.2, 100.3, 99.6, 99.0, 98.6, 98.3, 98.1, 98.1, 98.2, 98.4, 98.7, 99.2, 99.8, 100.5, 101.3, 102.2, 103.2, 104.2, 105.2, 106.2, 107.1, 108.0, 108.8, 109.5, 110.1, 110.6, 111.1, 111.4, 111.6, 111.8, 111.9, 111.9, 111.9, 111.9, 111.8, 111.6, 111.5, 111.4, 111.2, 111.0, 110.9, 110.8, 110.6, 110.5, 110.4, 110.4, 110.3, 110.3, 110.2, 110.2, 110.2, 110.2, 110.2, 110.2, 110.2, 110.2, 110.2, 110.2, 110.2, 110.2, 110.2, 110.2, 110.2, 110.2, 110.3, 110.4, 110.9, 112.0, 113.7, 115.2, 117.3, 120.1, 124.0, 128.8, 134.5, 141.3, 148.8, 156.5, 163.8, 170.7, 177.0, 182.7, 187.7, 192.0, 195.7, 198.7, 201.0, 202.5, 203.2, 203.3, 202.7, 201.5, 199.9, 197.9, 195.5, 192.7, 189.8, 186.6, 183.2, 179.7, 176.1, 172.5, 168.8, 165.1, 161.5, 157.8, 154.2, 150.6, 147.1, 143.7, 140.4, 137.2, 134.0, 131.0, 128.1, 125.3, 122.8, 120.7, 119.1, 117.7, 116.5, 115.4, 114.4, 113.3, 112.2, 111.1, 110.0, 108.8, 107.7, 106.5, 105.4, 104.3, 103.2, 102.3, 101.5, 100.7, 100.1, 99.6, 99.3, 99.0, 98.9, 98.9, 99.0, 99.2, 99.6, 100.1, 100.7, 101.4, 102.2, 103.3, 104.7, 106.6, 109.2, 112.5, 116.6, 121.4, 127.1, 133.5, 140.2, 147.1, 154.0, 160.7, 167.0, 172.9, 178.2, 182.9, 186.9, 190.2, 192.7, 194.6, 195.7, 196.1, 195.9, 195.2, 194.0, 192.4, 190.4, 188.1, 185.5, 182.7, 179.7, 176.5, 173.2, 169.8, 166.4, 162.9, 159.4, 156.0, 152.6, 149.5, 146.9, 144.7, 142.6, 140.7, 138.7, 136.8, 134.8, 132.9, 130.9, 128.9, 126.8, 123.8, 120.4, 116.8, 113.2, 110.5, 108.3, 106.4, 104.8, 103.3, 101.8, 100.5, 99.2, 97.9, 96.7, 95.5, 94.5, 93.5, 92.7, 92.1, 91.5, 91.1, 90.8, 90.6, 90.6, 90.7, 90.9, 91.2, 91.7, 92.2, 93.0, 93.9, 95.4, 97.7, 100.8, 105.0, 110.3, 116.6, 123.7, 131.4, 139.4, 147.6, 155.9, 164.0, 171.8, 179.4, 186.5, 193.1, 199.1, 204.6, 209.4, 213.5, 216.9, 219.7, 221.7, 223.0, 223.6, 223.5, 222.7, 221.2, 219.2, 216.6, 213.6, 210.2, 206.6, 202.8, 198.8, 194.7, 190.5, 186.3, 182.0, 177.8, 173.7, 169.6, 165.6, 161.7, 157.8, 154.1, 150.5, 147.0, 143.7, 140.4, 137.3, 134.3, 131.4, 128.7, 126.1, 123.6, 121.1, 118.8, 116.6, 114.5, 112.5, 110.6, 108.8, 107.0, 105.4, 103.8, 102.2, 100.8, 99.4, 98.2, 97.1, 96.2, 95.3, 94.6, 94.1, 93.6, 93.3, 93.1, 93.0, 93.0, 93.2, 93.5, 93.9, 94.4, 95.1, 95.8, 96.7, 97.7, 98.8, 99.9, 101.1, 102.3, 103.6, 104.8, 106.0, 107.1, 108.2, 109.1, 109.9, 110.6, 111.2, 111.7, 112.1, 112.3, 112.5, 112.6, 112.6, 112.6, 112.5, 112.4, 112.2, 112.0, 111.9, 111.7, 111.4, 111.3, 111.1, 110.9, 110.7, 110.6, 110.5, 110.4, 110.3, 110.3, 110.0, 108.8, 107.2, 105.5, 103.8, 102.2, 101.0, 100.6, 100.8, 101.1, 101.5, 101.8, 102.2, 102.8, 104.0, 105.8, 108.4, 111.9, 116.2, 121.4, 127.5, 134.4, 142.0, 150.0, 158.1, 166.3, 174.2, 181.8, 189.0, 195.6, 201.5, 206.8, 211.4, 215.3, 218.4, 220.8, 222.4, 223.3, 223.4, 222.8, 221.6, 219.7, 217.4, 214.6, 211.6, 208.2, 204.6, 200.8, 196.9, 192.9, 188.8, 184.7, 181.0, 177.9, 175.4, 173.3, 171.4, 169.6, 167.8, 165.9, 163.8, 161.8, 159.6, 157.4, 155.1, 152.9, 150.6, 148.3, 146.1, 143.9, 141.7, 139.6, 137.5, 135.5, 133.6, 131.6, 129.8, 127.9, 126.2, 124.4, 122.8, 121.2, 119.7, 118.3, 117.0, 115.8, 114.7, 113.7, 112.9, 112.6, 112.9, 114.2, 116.4, 119.6, 123.9, 129.1, 135.1, 141.5, 148.1, 154.8, 161.5, 168.0, 174.1, 179.9, 185.3, 190.2, 194.5, 198.4, 201.6, 204.3, 206.5, 208.0, 209.0, 209.4, 209.3, 208.7, 207.6, 206.1, 204.3, 202.1, 199.5, 196.8, 193.8, 190.7, 187.6, 185.0, 182.8, 180.9, 179.0, 177.1, 175.0, 172.1, 168.4, 164.3, 160.2, 156.5, 153.5, 150.7, 148.2, 145.7, 143.3, 141.0, 138.7, 136.5, 134.3, 132.2, 130.2, 128.2, 126.4, 124.9, 123.9, 123.4, 123.5, 124.1, 125.5, 127.5, 130.1, 133.4, 137.1, 141.2, 145.5, 149.7, 153.8, 157.7, 161.4, 164.6, 167.5, 170.0, 172.1, 173.7, 174.8, 175.6, 175.9, 175.7, 175.2, 174.4, 173.2, 171.7, 170.0, 168.1, 166.0, 163.7, 161.4, 158.9, 156.4, 153.8, 151.2, 148.6, 146.0, 143.5, 140.9, 138.5, 136.0, 133.6, 131.3, 129.1, 126.9, 124.8, 122.7, 120.8, 118.9, 117.1, 115.3, 113.7, 112.1, 110.5, 109.1, 107.7, 106.4, 105.1, 103.9, 102.8, 101.7, 100.9, 100.1, 99.5, 98.9, 98.6, 98.3, 98.2, 98.2, 98.3, 98.5, 98.9, 99.4, 100.0, 100.7, 101.6, 102.5, 103.4, 104.4, 105.4, 106.4, 107.3, 108.2, 109.0, 109.7, 110.3, 110.8, 111.2, 111.5, 111.7, 111.9, 112.0, 112.0, 112.0, 111.9, 111.8, 111.7, 111.5, 111.4, 111.2, 111.1, 110.9, 110.8, 110.7, 110.6, 110.5, 110.4, 110.3, 110.3, 110.2, 110.2, 110.2, 110.2, 110.2, 110.2, 110.2, 110.2, 110.2, 110.2, 110.2, 110.2, 110.2, 110.2, 110.2, 110.2, 110.2, 110.2, 110.2, 110.2, 110.2, 110.2, 110.2, 110.2, 110.2, 110.2, 110.2, 110.0, 108.9, 107.3, 105.6, 104.1, 103.2, 103.1, 104.6, 107.5, 111.6, 116.6, 122.6, 129.4, 136.7, 144.3, 152.1, 159.7, 167.0, 173.9, 180.3, 186.0, 191.1, 195.5, 199.1, 201.9, 204.0, 205.4, 206.0, 205.8, 205.1, 203.8, 202.1, 199.9, 197.4, 194.6, 191.6, 188.3, 184.9, 181.4, 177.8, 174.1, 170.4, 166.7, 163.0, 159.4, 155.8, 152.2, 148.8, 145.8, 143.2, 141.0, 139.1, 137.2, 135.4, 133.6, 131.8, 130.1, 128.3, 126.5, 124.7, 122.9, 121.2, 119.5, 117.8, 116.2, 114.6, 113.1, 111.6, 110.2, 108.9, 107.7, 106.6, 105.6, 104.8, 104.1, 103.6, 103.2, 102.9, 102.8, 102.8, 102.9, 103.1, 103.5, 103.9, 104.5, 105.1, 105.7, 106.4, 107.2, 108.3, 109.9, 112.0, 114.9, 118.5, 122.8, 127.8, 133.3, 138.9, 144.6, 150.2, 155.5, 160.5, 164.9, 168.9, 172.3, 175.0, 177.2, 178.7, 179.5, 179.8, 179.6, 178.9, 177.8, 176.4, 174.7, 172.6, 170.4, 167.8, 164.3, 160.0, 155.3, 150.5, 146.3, 142.7, 139.5, 136.5, 133.8, 131.5, 129.6, 128.1, 126.8, 125.6, 124.4, 123.1, 121.8, 120.5, 119.1, 117.7, 116.2, 114.8, 113.3, 111.8, 110.4, 108.9, 107.5, 106.2, 104.8, 103.5, 102.3, 101.1, 100.0, 99.1, 98.3, 97.6, 97.0, 96.6, 96.4, 96.5, 97.1, 98.1, 99.8, 102.0, 104.9, 108.5, 112.7, 117.5, 122.9, 128.9, 135.4, 142.1, 149.0, 155.8, 162.5, 168.9, 175.0, 180.7, 185.9, 190.6, 194.7, 198.3, 201.2, 203.5, 205.2, 206.2, 206.6, 206.4, 205.6, 204.3, 202.4, 200.2, 197.7, 194.9, 191.8, 188.6, 185.2, 181.7, 178.2, 174.6, 171.0, 167.4, 163.8, 160.3, 156.8, 153.4, 150.1, 146.9, 143.8, 140.7, 137.8, 135.0, 132.2, 129.6, 127.1, 124.7, 122.3, 120.1, 118.0, 116.0, 114.0, 112.2, 110.4, 108.7, 107.1, 105.6, 104.2, 102.8, 101.6, 100.5, 99.6, 98.8, 98.1, 97.6, 97.2, 96.9, 96.8, 96.7, 96.8, 97.1, 97.4, 97.9, 98.4, 99.1, 99.9, 100.7, 101.7, 102.7, 103.7, 104.7, 105.8, 106.7, 107.7, 108.5, 109.3, 110.0, 110.5, 111.0, 111.4, 111.7, 111.9, 112.0, 112.0, 112.0, 112.0, 111.9, 111.8, 111.7, 111.5, 111.4, 111.2, 111.0, 110.9, 110.7, 110.6, 110.5, 110.4, 110.4, 110.3, 110.3, 110.2, 110.2, 110.2, 110.2, 110.2, 110.2, 110.2, 110.2, 110.2, 110.2, 110.0, 109.1, 108.0, 107.4, 107.5, 108.7, 111.0, 115.1, 120.6, 126.9, 133.5, 140.2, 146.8, 153.1, 159.1, 164.7, 169.8, 174.4, 178.3, 181.6, 184.2, 186.2, 187.4, 188.0, 187.9, 187.2, 186.0, 184.4, 182.4, 180.2, 177.7, 174.9, 172.0, 169.0, 165.9, 162.7, 159.4, 156.2, 152.9, 149.7, 146.5, 143.4, 140.6, 138.3, 136.6, 135.1, 133.9, 132.7, 131.6, 130.3, 129.1, 127.7, 126.4, 125.0, 123.5, 122.1, 120.6, 119.1, 117.7, 116.3, 114.9, 113.6, 112.4, 111.4, 110.5, 109.6, 109.0, 108.4, 108.0, 107.7, 107.5, 107.5, 107.5, 107.7, 107.9, 108.1, 108.4, 108.7, 109.0, 109.3, 109.5, 109.8, 109.9, 110.1, 110.2, 110.2, 110.2, 110.2, 110.3, 110.6, 111.2, 112.2, 113.8, 115.9, 118.5, 121.8, 125.6, 129.9, 134.8, 140.1, 145.5, 151.1, 156.5, 161.6, 166.5, 170.9, 174.9, 178.3, 181.2, 183.5, 185.2, 186.4, 186.9, 186.9, 186.3, 185.4, 184.3, 183.3, 182.6, 181.8, 181.0, 179.9, 178.6, 177.0, 175.1, 173.1, 170.8, 168.5, 166.0, 163.4, 160.7, 158.0, 155.3, 152.7, 150.0, 147.4, 144.8, 142.1, 138.7, 134.7, 130.6, 126.6, 123.5, 121.0, 118.9, 117.0, 115.3, 113.8, 112.5, 111.7, 111.4, 111.6, 112.5, 114.1, 116.3, 119.1, 122.5, 126.5, 131.0, 135.9, 141.1, 146.3, 151.4, 156.3, 160.8, 165.0, 168.7, 171.9, 174.5, 176.7, 178.3, 179.4, 180.0, 180.2, 179.9, 179.2, 178.2, 176.8, 175.1, 173.2, 171.0, 168.7, 166.3, 163.7, 161.0, 158.3, 155.6, 152.8, 150.0, 147.3, 144.6, 141.9, 139.3, 136.7, 134.3, 131.8, 129.5, 127.2, 125.0, 122.9, 120.9, 118.9, 117.0, 115.2, 113.5, 111.8, 110.2, 108.7, 107.3, 105.9, 104.6, 103.4, 102.2, 101.2, 100.3, 99.5, 98.9, 98.4, 98.0, 97.8, 97.6, 97.6, 97.8, 98.0, 98.4, 98.9, 99.6, 100.3, 101.1, 102.1, 103.0, 104.1, 105.1, 106.1, 107.1, 108.0, 108.8, 109.5, 110.2, 110.7, 111.1, 111.5, 111.7, 111.9, 112.0, 112.0, 112.0, 112.0, 111.9, 111.7, 111.6, 111.4, 111.3, 111.1, 111.0, 110.8, 110.7, 110.6, 110.5, 110.4, 110.3, 110.3, 110.2, 110.2, 110.2, 110.2, 110.2, 110.2, 110.2, 110.2, 110.2, 110.2, 110.2, 110.2, 110.2, 110.2, 110.2, 110.2, 110.2, 110.2, 110.2, 110.2, 110.2, 110.2, 110.2, 110.2, 110.2, 110.2, 110.0, 108.9, 107.3, 105.7, 104.4, 103.6, 103.6, 104.9, 107.3, 110.5, 114.3, 118.6, 123.4, 128.6, 134.1, 139.7, 145.4, 150.8, 155.9, 160.5, 164.6, 168.0, 170.8, 172.9, 174.3, 175.1, 175.3, 175.0, 174.3, 173.1, 171.7, 169.9, 167.8, 165.5, 163.0, 160.3, 157.6, 154.8, 152.4, 150.9, 149.8, 148.9, 148.1, 147.2, 146.1, 144.9, 143.5, 142.0, 140.3, 138.6, 136.7, 134.8, 132.9, 131.0, 129.0, 127.1, 125.2, 123.3, 121.5, 119.7, 118.0, 116.4, 114.8, 113.2, 111.8, 110.4, 109.1, 108.0, 107.0, 106.2, 105.5, 105.3, 105.5, 106.2, 107.5, 109.5, 112.1, 115.3, 119.2, 123.6, 128.3, 133.3, 138.2, 143.1, 147.8, 152.3, 156.4, 160.1, 163.3, 166.0, 168.2, 169.9, 171.0, 171.6, 171.7, 171.2, 170.4, 169.2, 167.7, 165.9, 163.9, 161.7, 159.3, 156.7, 154.1, 151.3, 148.5, 145.6, 142.7, 139.8, 136.9, 134.0, 131.2, 128.4, 125.6, 122.9, 120.4, 118.1, 116.6, 115.8, 115.4, 115.1, 114.9, 114.7, 114.4, 113.9, 113.4, 112.7, 111.9, 111.1, 110.1, 109.2, 108.2, 107.1, 105.9, 103.8, 101.2, 98.6, 96.3, 94.9, 94.1, 93.6, 93.4, 93.3, 93.6, 94.2, 95.3, 96.9, 99.0, 101.6, 104.9, 108.7, 113.1, 118.0, 123.4, 129.2, 135.2, 141.4, 147.5, 153.4, 159.1, 164.4, 169.3, 173.8, 177.7, 181.1, 183.9, 186.1, 187.7, 188.6, 189.0, 188.8, 188.0, 186.7, 185.1, 183.1, 180.8, 178.2, 175.5, 172.5, 169.5, 166.3, 163.1, 159.8, 156.4, 153.1, 149.8, 146.4, 143.2, 139.9, 136.8, 133.7, 130.7, 127.8, 124.9, 122.2, 119.5, 117.0, 114.5, 112.1, 109.9, 107.7, 105.6, 103.6, 101.7, 99.8, 98.1, 96.4, 94.8, 93.2, 91.8, 90.4, 89.0, 87.8, 86.6, 85.6, 84.7, 83.9, 83.3, 82.8, 82.4, 82.1, 82.0, 82.0, 82.1, 82.3, 82.6, 83.1, 83.7, 84.3, 85.2, 86.1, 87.2, 88.3, 89.6, 91.0, 92.6, 94.2, 95.9, 97.7, 99.5, 101.3, 103.1, 104.8, 106.4, 107.9, 109.3, 110.5, 111.5, 112.4, 113.1, 113.6, 114.0, 114.2, 114.4, 114.4, 114.3, 114.1, 113.9, 113.6, 113.3, 113.0, 112.7, 112.3, 112.0, 111.7, 111.4, 111.2, 110.9, 110.7, 110.6, 110.4, 110.3, 110.2, 110.2, 110.2, 110.1, 110.1, 110.1, 110.1, 110.1, 110.2, 110.2, 110.2, 110.2, 110.2, 110.2, 110.2, 110.0, 108.9, 107.4, 105.7, 104.1, 102.6, 101.4, 101.2, 101.9, 103.5, 105.9, 109.1, 113.3, 118.5, 124.7, 131.5, 138.7, 146.2, 153.6, 160.8, 167.7, 174.1, 179.9, 185.2, 189.7, 193.6, 196.7, 199.2, 200.8, 201.8, 202.0, 201.6, 200.5, 198.9, 196.8, 194.4, 191.7, 188.7, 185.5, 182.2, 178.7, 175.1, 171.5, 167.8, 164.1, 160.4, 156.8, 153.3, 150.3, 147.7, 145.7, 143.9, 142.2, 140.6, 138.9, 137.2, 135.5, 133.7, 131.9, 130.0, 128.1, 126.3, 124.4, 122.6, 120.8, 119.0, 117.3, 115.6, 114.0, 112.4, 110.9, 109.5, 108.2, 107.1, 106.0, 105.2, 104.4, 103.8, 103.3, 103.0, 102.8, 102.7, 102.7, 102.9, 103.2, 103.6, 104.3, 105.2, 106.5, 108.3, 110.7, 113.6, 117.1, 121.3, 126.0, 131.2, 137.0, 143.3, 149.9, 156.7, 163.4, 169.9, 176.1, 181.8, 187.0, 191.7, 195.8, 199.2, 201.9, 204.0, 205.6, 206.9, 208.1, 209.1, 209.9, 210.3, 210.2, 209.5, 208.4, 206.6, 203.4, 199.3, 194.6, 189.9, 185.8, 182.2, 178.8, 175.4, 172.2, 168.9, 165.6, 162.4, 159.3, 156.1, 153.1, 150.1, 147.2, 144.4, 141.7, 139.1, 136.6, 134.3, 132.4, 131.0, 130.3, 130.2, 130.8, 132.2, 134.2, 136.7, 139.4, 142.3, 145.2, 148.1, 150.8, 153.3, 155.5, 157.4, 159.1, 160.4, 161.3, 161.9, 162.1, 162.0, 161.6, 160.9, 159.9, 158.7, 157.3, 155.7, 153.9, 152.0, 150.0, 147.9, 145.7, 143.5, 141.3, 139.1, 136.8, 134.6, 132.4, 130.2, 128.1, 126.0, 124.0, 122.0, 120.1, 118.2, 116.4, 114.6, 113.0, 111.3, 109.8, 108.3, 106.9, 105.5, 104.2, 102.9, 101.7, 100.6, 99.6, 98.7, 97.9, 97.3, 96.7, 96.3, 96.1, 95.9, 95.9, 96.0, 96.2, 96.5, 97.0, 97.5, 98.2, 99.0, 99.9, 100.9, 102.0, 103.1, 104.2, 105.3, 106.3, 107.3, 108.3, 109.1, 109.8, 110.4, 111.0, 111.4, 111.7, 111.9, 112.1, 112.1, 112.2, 112.1, 112.0, 111.9, 111.7, 111.6, 111.4, 111.2, 111.0, 110.9, 110.7, 110.6, 110.5, 110.4, 110.3, 110.3, 110.2, 110.2, 110.2, 110.2, 110.2, 110.2, 110.2, 110.2, 110.2, 110.2, 110.2, 110.2, 110.2, 110.2, 110.2, 110.2, 110.2, 110.3, 110.3, 110.3, 110.3, 110.3, 110.3, 110.3, 110.3, 110.3, 110.3, 110.3, 110.3, 110.3, 110.3, 110.3, 110.3, 110.2, 110.2, 110.3, 110.3, 110.7, 111.1, 111.2, 111.2, 111.7, 112.9, 114.7, 117.4, 121.5, 126.5, 132.0, 137.5, 142.9, 147.9, 152.4, 156.6, 160.2, 163.2, 165.7, 167.6, 168.8, 169.4, 169.4, 169.0, 168.1, 166.8, 165.2, 163.4, 161.3, 159.0, 156.5, 154.0, 151.3, 148.5, 145.7, 142.8, 140.2, 137.9, 136.3, 135.1, 134.3, 133.5, 132.7, 131.8, 130.8, 129.6, 128.4, 127.0, 125.5, 124.0, 122.4, 120.8, 119.2, 117.6, 115.9, 114.3, 112.8, 111.3, 109.8, 108.3, 107.0, 105.8, 104.7, 103.8, 103.0, 102.3, 101.7, 101.3, 101.0, 100.8, 100.7, 100.8, 101.0, 101.3, 101.8, 102.3, 103.0, 103.7, 104.5, 105.3, 106.1, 106.9, 107.7, 108.4, 109.2, 110.4, 112.1, 114.5, 117.9, 122.2, 127.4, 133.6, 140.3, 147.4, 154.6, 161.7, 168.6, 175.1, 181.1, 186.6, 191.5, 195.7, 199.3, 202.2, 204.4, 205.8, 206.6, 206.8, 206.9, 207.2, 207.4, 207.5, 207.2, 206.4, 205.3, 203.7, 201.7, 199.4, 196.8, 193.9, 190.9, 187.7, 184.5, 181.2, 177.8, 174.5, 171.2, 167.9, 164.7, 161.6, 158.6, 155.6, 152.7, 149.9, 147.3, 144.7, 142.2, 139.8, 137.5, 135.4, 133.1, 129.9, 126.4, 122.7, 119.1, 116.5, 114.5, 112.8, 111.3, 110.0, 108.8, 107.8, 106.8, 105.9, 105.3, 104.9, 105.1, 105.8, 107.1, 109.1, 111.9, 115.3, 119.4, 123.8, 128.6, 133.4, 138.2, 142.9, 147.3, 151.5, 155.3, 158.7, 161.6, 164.0, 165.9, 167.3, 168.2, 168.5, 168.3, 167.8, 166.9, 165.7, 164.2, 162.5, 160.6, 158.5, 156.2, 153.9, 151.4, 148.9, 146.4, 143.8, 141.2, 138.7, 136.1, 133.6, 131.2, 128.8, 126.4, 124.1, 121.8, 119.7, 117.5, 115.5, 113.5, 111.6, 109.7, 107.9, 106.2, 104.5, 102.9, 101.4, 99.9, 98.5, 97.2, 96.0, 94.9, 93.9, 93.1, 92.3, 91.7, 91.2, 90.9, 90.6, 90.5, 90.5, 90.6, 90.9, 91.2, 91.7, 92.3, 93.0, 93.9, 94.8, 95.9, 97.1, 98.3, 99.7, 101.0, 102.4, 103.8, 105.2, 106.5, 107.7, 108.7, 109.7, 110.5, 111.2, 111.8, 112.2, 112.6, 112.8, 112.9, 113.0, 113.0, 112.9, 112.8, 112.6, 112.4, 112.2, 112.0, 111.8, 111.5, 111.3, 111.1, 110.9, 110.8, 110.6, 110.5, 110.4, 110.3, 110.3, 110.2, 110.2, 110.2, 110.2, 110.2, 110.2, 110.2, 110.2, 110.2, 110.2, 110.2, 110.2, 110.2, 110.2, 110.2, 110.2, 110.2, 110.1, 109.1, 108.0, 107.3, 107.4, 108.4, 110.6, 114.4, 119.8, 126.2, 133.4, 140.9, 148.6, 156.3, 163.7, 170.8, 177.5, 183.7, 189.2, 194.1, 198.3, 201.8, 204.5, 206.6, 207.9, 208.5, 208.4, 207.6, 206.3, 204.6, 202.4, 199.9, 197.5, 195.5, 193.6, 191.7, 189.7, 187.5, 185.2, 182.7, 180.0, 177.2, 174.3, 171.3, 168.3, 165.3, 162.3, 159.3, 156.3, 153.4, 150.6, 147.8, 145.1, 142.5, 140.0, 137.6, 135.2, 133.0, 130.9, 128.8, 126.9, 125.0, 123.2, 121.5, 119.9, 118.3, 116.9, 115.7, 114.5, 113.5, 112.7, 111.9, 111.3, 110.7, 110.3, 110.1, 109.9, 109.7, 109.7, 109.7, 109.7, 109.7, 109.8, 109.9, 109.9, 110.0, 110.1, 110.3, 110.8, 111.8, 113.4, 115.8, 118.9, 122.9, 127.8, 133.4, 139.8, 146.6, 153.6, 160.6, 167.5, 174.0, 180.1, 185.7, 190.8, 195.5, 200.2, 204.8, 209.0, 212.7, 215.7, 217.8, 219.2, 219.9, 219.8, 219.1, 217.7, 215.9, 213.6, 210.9, 208.0, 204.7, 201.3, 197.7, 194.1, 190.3, 186.6, 182.9, 179.2, 175.5, 171.9, 168.4, 165.0, 161.7, 158.4, 155.3, 152.3, 149.4, 146.5, 142.8, 138.7, 134.5, 130.4, 127.2, 124.6, 122.4, 120.5, 118.7, 117.0, 115.5, 114.0, 112.5, 111.2, 109.9, 108.8, 107.8, 107.1, 106.7, 106.8, 107.5, 108.8, 110.7, 113.4, 116.7, 120.6, 125.2, 130.4, 136.2, 142.4, 148.8, 155.2, 161.5, 167.6, 173.3, 178.5, 183.2, 187.4, 190.9, 193.8, 196.1, 197.7, 198.6, 199.0, 198.8, 198.2, 197.1, 195.6, 193.7, 191.5, 189.0, 186.3, 183.4, 180.4, 177.3, 174.0, 170.8, 167.5, 164.2, 160.9, 157.6, 154.4, 151.3, 148.2, 145.2, 142.3, 139.5, 136.7, 134.1, 131.5, 129.1, 126.7, 124.5, 122.3, 120.2, 118.2, 116.3, 114.5, 112.8, 111.2, 109.6, 108.1, 106.7, 105.3, 104.0, 102.8, 101.8, 100.8, 100.0, 99.4, 98.9, 98.5, 98.2, 98.1, 98.0, 98.2, 98.4, 98.8, 99.3, 99.9, 100.6, 101.5, 102.4, 103.3, 104.3, 105.3, 106.3, 107.2, 108.1, 108.9, 109.6, 110.2, 110.7, 111.1, 111.4, 111.6, 111.8, 111.9, 111.9, 111.9, 111.8, 111.7, 111.6, 111.5, 111.3, 111.2, 111.0, 110.9, 110.7, 110.6, 110.5, 110.4, 110.4, 110.3, 110.3, 110.2, 110.2, 110.2, 110.2, 110.2, 110.2, 110.2, 110.2, 110.2, 110.2, 110.2, 110.2, 110.2, 110.4, 110.6, 110.4, 110.3, 110.7, 112.0, 114.2, 117.4, 122.3, 128.5, 135.4, 142.8, 150.2, 157.4, 164.4, 170.9, 177.0, 182.5, 187.5, 191.7, 195.3, 198.2, 200.3, 201.6, 202.3, 202.3, 201.6, 200.5, 198.9, 196.9, 194.6, 191.9, 189.0, 186.0, 182.7, 179.3, 175.9, 172.4, 168.9, 165.4, 162.0, 158.5, 155.1, 151.8, 148.6, 145.4, 142.3, 139.4, 136.5, 133.7, 131.0, 128.5, 126.0, 123.6, 121.4, 119.3, 117.6, 116.3, 115.4, 114.7, 114.2, 113.6, 113.1, 112.6, 112.0, 111.5, 111.0, 110.6, 110.2, 110.1, 110.3, 111.0, 112.4, 114.6, 117.6, 121.4, 126.0, 131.5, 137.8, 144.5, 151.4, 158.4, 165.4, 172.1, 178.5, 184.4, 189.9, 194.8, 199.1, 202.8, 205.8, 208.2, 209.8, 210.8, 211.1, 210.8, 210.0, 208.6, 206.9, 204.7, 202.2, 199.4, 196.3, 193.1, 189.7, 186.3, 183.3, 180.8, 178.8, 176.9, 175.1, 173.2, 171.1, 169.0, 166.7, 164.4, 161.9, 159.3, 156.7, 154.1, 151.5, 148.9, 146.3, 143.8, 141.1, 137.7, 133.8, 129.8, 126.0, 123.1, 120.7, 118.7, 116.9, 115.2, 113.6, 112.1, 110.7, 109.3, 108.0, 106.8, 105.7, 104.7, 103.8, 103.1, 102.5, 102.1, 101.7, 101.6, 101.5, 101.6, 101.8, 102.1, 102.7, 103.6, 104.8, 106.6, 108.9, 111.8, 115.3, 119.3, 123.9, 128.9, 134.2, 139.6, 145.0, 150.3, 155.3, 160.0, 164.3, 168.2, 171.6, 174.5, 176.9, 178.7, 179.9, 180.6, 180.8, 180.4, 179.5, 178.2, 176.6, 174.7, 172.6, 170.2, 167.7, 165.1, 162.3, 159.4, 156.5, 153.6, 150.7, 147.7, 144.8, 142.0, 139.1, 136.4, 133.7, 131.1, 128.5, 126.0, 123.6, 121.3, 119.1, 117.0, 114.9, 112.9, 111.0, 109.2, 107.4, 105.8, 104.2, 102.6, 101.2, 99.8, 98.6, 97.5, 96.5, 95.7, 95.0, 94.4, 93.9, 93.6, 93.4, 93.4, 93.4, 93.6, 93.9, 94.4, 94.9, 95.6, 96.4, 97.3, 98.4, 99.5, 100.7, 101.9, 103.2, 104.4, 105.6, 106.8, 107.8, 108.8, 109.6, 110.4, 111.0, 111.5, 111.9, 112.1, 112.3, 112.4, 112.5, 112.4, 112.4, 112.2, 112.1, 111.8, 111.6, 111.3, 111.1, 110.8, 110.5, 110.2, 109.9, 109.7, 109.4, 109.2, 109.1, 109.0, 108.9, 108.9, 108.9, 109.0, 109.1, 109.2, 109.4, 109.5, 109.7, 109.8, 109.9, 110.0, 110.1, 110.2, 110.2, 110.3, 110.3, 110.3, 110.3, 110.3, 110.3, 110.1, 109.0, 107.4, 105.7, 104.1, 102.6, 101.4, 101.0, 101.1, 101.5, 101.9, 102.3, 102.9, 104.0, 105.7, 108.0, 111.2, 115.1, 119.8, 125.3, 131.4, 137.8, 144.4, 150.9, 157.2, 163.1, 168.5, 173.3, 177.5, 181.1, 183.9, 185.9, 187.3, 188.4, 189.3, 190.0, 190.3, 190.3, 189.9, 188.9, 187.6, 185.9, 183.8, 181.4, 178.8, 176.0, 173.0, 169.9, 166.7, 163.5, 160.2, 157.0, 153.7, 150.5, 147.2, 144.1, 141.0, 138.0, 135.0, 132.1, 129.4, 126.6, 124.0, 121.5, 119.1, 116.8, 114.5, 112.3, 110.3, 108.3, 106.4, 104.6, 102.8, 101.2, 99.6, 98.0, 96.6, 95.2, 94.0, 92.9, 92.0, 91.1, 90.4, 89.9, 89.6, 89.7, 90.3, 91.6, 93.6, 96.5, 100.2, 104.7, 110.1, 116.2, 123.1, 130.3, 137.9, 145.5, 152.9, 160.1, 167.0, 173.4, 179.3, 184.6, 189.3, 193.3, 196.6, 199.2, 201.1, 202.3, 202.9, 202.7, 202.0, 200.8, 199.1, 197.1, 194.7, 192.0, 189.2, 186.4, 184.1, 181.7, 178.4, 174.5, 170.4, 166.2, 162.8, 159.9, 157.2, 154.5, 151.9, 149.3, 146.7, 144.1, 141.5, 138.9, 136.4, 133.9, 131.5, 129.1, 126.8, 124.6, 122.4, 120.2, 118.2, 116.2, 114.3, 112.4, 110.6, 108.8, 107.1, 105.5, 103.9, 102.3, 100.9, 99.5, 98.5, 97.9, 97.9, 98.4, 99.7, 101.6, 104.3, 107.6, 111.5, 115.8, 120.3, 125.0, 129.5, 134.0, 138.2, 142.2, 145.7, 148.9, 151.7, 153.9, 155.7, 157.0, 157.9, 158.3, 158.4, 158.1, 157.5, 156.5, 155.4, 153.9, 152.3, 150.5, 148.6, 146.5, 144.4, 142.2, 139.9, 137.7, 135.4, 133.1, 130.9, 128.6, 126.4, 124.3, 122.2, 120.1, 118.1, 116.2, 114.3, 112.5, 110.7, 109.0, 107.4, 105.8, 104.3, 102.9, 101.5, 100.2, 98.9, 97.7, 96.7, 95.8, 95.0, 94.3, 93.8, 93.3, 93.0, 92.8, 92.7, 92.8, 92.9, 93.2, 93.6, 94.1, 94.7, 95.5, 96.3, 97.3, 98.3, 99.5, 100.7, 102.0, 103.2, 104.5, 105.7, 106.9, 108.0, 108.9, 109.8, 110.5, 111.1, 111.6, 112.0, 112.3, 112.5, 112.6, 112.6, 112.6, 112.5, 112.4, 112.2, 112.1, 111.9, 111.7, 111.5, 111.3, 111.1, 110.9, 110.7, 110.6, 110.5, 110.4, 110.3, 110.3, 110.2, 110.2, 110.2, 110.2, 110.2, 110.2, 110.2, 110.2, 110.2, 110.2, 110.2, 110.2, 110.2, 110.2, 110.3, 110.4, 110.8, 111.6, 112.9, 113.8, 115.0, 116.8, 119.3, 122.7, 126.9, 132.6, 139.4, 146.7, 153.9, 160.8, 167.3, 173.1, 178.4, 183.0, 186.9, 190.1, 192.5, 194.1, 195.0, 195.3, 195.0, 194.2, 192.9, 191.1, 189.0, 186.6, 183.9, 181.0, 178.0, 174.8, 171.5, 168.1, 164.7, 161.6, 158.9, 156.6, 154.3, 152.2, 150.0, 147.9, 145.7, 143.4, 141.2, 138.9, 136.7, 134.4, 132.2, 130.0, 127.9, 125.8, 123.8, 121.8, 119.9, 118.1, 116.4, 114.7, 113.1, 111.5, 110.0, 108.6, 107.3, 106.1, 105.0, 104.1, 103.3, 102.7, 102.2, 101.8, 101.6, 101.5, 101.5, 101.7, 101.9, 102.3, 102.8, 103.4, 104.1, 104.8, 105.6, 106.4, 107.1, 108.0, 109.2, 110.9, 113.2, 116.3, 120.3, 124.9, 130.1, 135.6, 141.2, 146.8, 152.2, 157.3, 162.0, 166.3, 170.1, 173.4, 176.1, 178.3, 179.9, 180.9, 181.4, 181.4, 180.8, 179.9, 178.6, 177.1, 175.2, 173.1, 170.8, 168.4, 165.8, 163.1, 160.3, 157.5, 154.7, 151.9, 149.0, 146.2, 143.4, 140.7, 138.0, 135.4, 133.0, 130.8, 129.2, 128.0, 126.8, 125.1, 122.7, 120.0, 117.3, 115.0, 113.4, 112.1, 111.0, 110.0, 109.0, 108.1, 107.2, 106.4, 105.7, 105.1, 104.6, 104.2, 103.9, 103.7, 103.8, 104.2, 105.1, 106.6, 108.9, 111.8, 115.5, 120.0, 125.2, 131.0, 137.3, 143.8, 150.3, 156.8, 163.0, 168.9, 174.4, 179.4, 183.9, 187.8, 191.1, 193.7, 195.8, 197.1, 197.8, 197.8, 197.3, 196.2, 194.6, 192.6, 190.3, 187.8, 185.0, 182.0, 178.8, 175.6, 172.2, 168.8, 165.4, 162.0, 158.6, 155.3, 151.9, 148.7, 145.5, 142.4, 139.4, 136.5, 133.6, 130.9, 128.3, 125.7, 123.3, 121.0, 118.7, 116.6, 114.5, 112.6, 110.7, 108.9, 107.2, 105.5, 104.0, 102.5, 101.1, 99.8, 98.6, 97.5, 96.6, 95.8, 95.2, 94.7, 94.3, 94.1, 94.0, 94.0, 94.1, 94.4, 94.8, 95.3, 95.9, 96.7, 97.6, 98.5, 99.6, 100.8, 102.0, 103.2, 104.5, 105.6, 106.8, 107.8, 108.8, 109.6, 110.3, 110.9, 111.4, 111.8, 112.1, 112.3, 112.4, 112.4, 112.4, 112.3, 112.2, 112.0, 111.9, 111.7, 111.5, 111.3, 111.1, 110.9, 110.8, 110.6, 110.5, 110.4, 110.3, 110.3, 110.2, 110.2, 110.2, 110.2, 110.2, 110.2, 110.2, 110.2, 110.2, 110.2, 110.2, 110.2, 110.2, 110.2, 110.2, 110.2, 110.2, 110.2, 110.2, 110.2, 110.0, 108.9, 107.4, 105.8, 104.5, 103.8, 103.9, 105.5, 108.3, 111.9, 116.3, 121.3, 126.7, 132.4, 138.2, 144.0, 149.6, 155.0, 159.9, 164.4, 168.3, 171.6, 174.4, 176.5, 178.1, 179.0, 179.4, 179.2, 178.5, 177.4, 175.9, 174.1, 172.1, 169.8, 167.3, 164.8, 162.1, 159.3, 156.5, 154.3, 152.9, 152.0, 151.5, 151.0, 150.4, 149.7, 148.9, 147.9, 146.7, 145.4, 144.0, 142.4, 140.8, 139.2, 137.5, 135.8, 134.1, 132.4, 130.7, 129.0, 127.3, 125.7, 124.1, 122.6, 121.2, 119.8, 118.6, 117.4, 116.3, 115.2, 114.3, 113.5, 112.8, 112.5, 112.7, 113.5, 114.9, 117.1, 119.9, 123.4, 127.7, 132.6, 138.1, 144.2, 150.5, 156.8, 163.1, 169.1, 174.8, 179.9, 184.6, 188.7, 192.1, 194.9, 197.1, 198.5, 199.3, 199.5, 199.2, 198.4, 197.1, 195.5, 193.5, 191.1, 188.5, 185.7, 182.7, 179.6, 176.3, 172.9, 169.5, 166.1, 162.7, 159.2, 155.8, 152.4, 149.4, 146.9, 145.0, 143.5, 142.1, 140.8, 139.4, 138.0, 136.5, 135.0, 133.4, 131.7, 130.0, 128.3, 126.6, 124.8, 123.1, 121.5, 119.8, 118.2, 116.5, 114.0, 111.0, 107.8, 104.8, 102.6, 101.0, 99.8, 98.9, 98.3, 98.0, 98.2, 98.9, 100.2, 102.1, 104.8, 108.1, 112.0, 116.7, 121.8, 127.4, 133.2, 139.1, 144.9, 150.6, 156.1, 161.3, 166.1, 170.5, 174.5, 178.0, 181.0, 183.5, 185.4, 186.8, 187.6, 187.9, 187.6, 186.8, 185.6, 184.0, 182.1, 179.9, 177.5, 174.8, 172.1, 169.2, 166.2, 163.1, 160.0, 156.9, 153.7, 150.6, 147.5, 144.5, 141.5, 138.6, 135.8, 133.1, 130.4, 127.8, 125.3, 122.9, 120.6, 118.4, 116.2, 114.2, 112.2, 110.3, 108.5, 106.8, 105.2, 103.6, 102.1, 100.7, 99.3, 98.0, 96.9, 95.9, 95.1, 94.4, 93.8, 93.3, 92.9, 92.7, 92.6, 92.7, 92.8, 93.1, 93.4, 93.9, 94.5, 95.2, 95.9, 96.8, 97.7, 98.8, 99.9, 101.1, 102.3, 103.5, 104.7, 105.9, 107.0, 108.0, 108.9, 109.7, 110.4, 111.0, 111.5, 111.8, 112.1, 112.2, 112.3, 112.4, 112.3, 112.3, 112.1, 112.0, 111.8, 111.7, 111.5, 111.3, 111.1, 110.9, 110.8, 110.7, 110.5, 110.4, 110.4, 110.3, 110.2, 110.2, 110.2, 110.2, 110.2, 110.2, 110.2, 110.2, 110.2, 110.2, 110.2, 110.2, 110.2, 110.2, 110.2, 110.2, 110.2, 110.3, 110.3, 110.3, 110.3, 110.2, 109.5, 108.8, 108.6, 109.2, 110.6, 113.1, 117.2, 122.7, 129.0, 136.0, 143.3, 150.6, 157.7, 164.6, 171.0, 177.0, 182.4, 187.1, 191.1, 194.4, 196.9, 198.7, 199.7, 200.0, 199.6, 198.7, 197.2, 195.4, 193.2, 190.7, 187.9, 184.8, 181.6, 178.3, 174.9, 171.3, 167.8, 164.2, 160.6, 157.0, 153.7, 150.8, 148.4, 146.5, 144.9, 143.4, 141.9, 140.4, 138.8, 137.1, 135.3, 133.5, 131.7, 129.8, 127.9, 126.0, 124.1, 122.2, 120.4, 118.6, 116.9, 115.2, 113.5, 112.0, 110.5, 109.0, 107.6, 106.4, 105.2, 104.2, 103.4, 102.6, 102.0, 101.6, 101.2, 101.0, 101.0, 101.0, 101.2, 101.6, 102.0, 102.5, 103.2, 103.9, 104.6, 105.4, 106.3, 107.5, 109.0, 111.0, 113.5, 116.6, 120.3, 124.6, 129.4, 134.7, 140.3, 145.9, 151.4, 156.6, 161.5, 166.0, 170.0, 173.4, 176.3, 178.5, 180.2, 181.2, 181.7, 181.7, 181.2, 180.4, 179.1, 177.5, 175.7, 173.4, 169.9, 165.8, 161.3, 157.1, 154.3, 152.6, 151.5, 150.7, 150.0, 149.2, 148.2, 147.1, 145.8, 144.4, 142.8, 141.1, 139.4, 137.6, 135.8, 134.0, 132.2, 130.4, 128.6, 126.9, 125.2, 123.6, 122.0, 120.5, 119.0, 117.6, 116.4, 115.2, 114.2, 113.3, 112.5, 111.8, 111.2, 110.8, 110.4, 110.3, 110.6, 111.6, 113.2, 115.8, 119.2, 123.5, 128.3, 133.5, 139.0, 144.5, 150.0, 155.3, 160.3, 165.0, 169.4, 173.2, 176.7, 179.6, 182.0, 183.8, 185.1, 185.9, 186.1, 185.8, 185.0, 183.8, 182.3, 180.4, 178.3, 176.0, 173.4, 170.8, 168.0, 165.1, 162.1, 159.1, 156.1, 153.1, 150.1, 147.1, 144.2, 141.3, 138.5, 135.8, 133.1, 130.5, 128.0, 125.6, 123.3, 121.1, 118.9, 116.9, 114.9

Insulin Readings (mU/minute, every 5 minutes): 7488 readings
  Values: 3.7E-05, 3.8E-05, 6.5E-08, 7.4E-07, 8.9E-08, 7.5E-08, 1.6E-06, 1.6E-06, 1.3E+02, 1.3E+02, 8.0E+01, 1.9E+01, 1.9E+01, 1.9E+01, 5.8E+01, 7.7E+00, 9.4E+00, 1.9E+01, 2.7E+01, 5.5E+00, 1.5E+01, 1.7E+01, 1.4E+01, 2.7E+01, 2.2E+01, 2.5E+01, 2.4E+01, 2.6E+01, 3.3E+01, 1.9E+01, 1.9E+01, 2.7E+01, 4.4E+01, 1.2E+01, 1.9E+01, 2.2E+01, 2.8E+01, 2.7E+01, 4.2E+01, 1.8E+01, 1.9E+01, 3.8E+01, 1.4E+01, 2.4E+01, 2.4E+01, 2.4E+01, 2.6E+01, 2.4E+01, 2.6E+01, 2.6E+01, 2.5E+01, 2.3E+01, 2.9E+01, 2.0E+01, 3.1E+01, 2.1E+01, 2.6E+01, 2.5E+01, 2.4E+01, 2.6E+01, 2.8E+01, 2.0E+01, 2.6E+01, 2.7E+01, 2.4E+01, 2.6E+01, 1.6E+01, 4.1E+01, 2.0E+01, 2.6E+01, 1.2E+01, 4.1E+01, 1.8E+01, 2.6E+01, 2.4E+01, 2.0E+01, 1.9E+01, 2.6E+01, 6.1E+01, 2.2E+01, 1.9E+01, 1.9E+01, 1.9E+01, 1.9E+01, 1.9E+01, 1.9E+01, 1.9E+01, 2.6E-08, 4.3E-07, 1.0E+02, 1.0E+02, 1.0E+02, 1.0E+02, 1.0E+02, 1.0E+02, 1.0E+02, 1.0E+02, 1.3E+02, 1.3E+02, 1.3E+02, 1.3E+02, 1.3E+02, 1.3E+02, 1.3E+02, 1.3E+02, 1.3E+02, 1.3E+02, 1.3E+02, 1.3E+02, 1.3E+02, 1.3E+02, 1.3E+02, 2.9E-07, 1.6E-07, 1.4E-07, 1.3E-07, 1.1E-07, 1.0E-07, 8.7E-08, 7.5E-08, 6.3E-08, 9.0E-08, 1.3E-07, 1.5E-07, 1.6E-07, 1.7E-07, 1.8E-07, 3.0E-07, 3.2E-07, 2.8E-07, 2.9E-07, 3.3E-07, 3.8E-07, 4.8E-07, 7.5E-07, 1.0E-06, 6.5E-07, 1.9E-07, 2.1E-07, 3.7E-07, 1.3E-07, 3.3E-08, 3.0E-07, 7.7E-07, 8.1E-07, 8.3E-06, 1.9E+01, 2.0E+01, 1.8E+01, 7.7E+00, 1.2E+01, 1.9E+01, 1.9E+01, 1.9E+01, 1.9E+01, 1.9E+01, 1.9E+01, 1.2E+01, 7.8E+00, 1.9E+01, 1.9E+01, 1.3E+02, 1.3E+02, 1.3E+02, 1.0E+02, 1.0E+02, 1.0E+02, 1.0E+02, 1.0E+02, 1.0E+02, 1.0E+02, 1.0E+02, 1.0E+02, 1.0E+02, 1.0E+02, 1.0E+02, 1.0E+02, 1.0E+02, 1.0E+02, 1.0E+02, 1.0E+02, 1.0E+02, 1.0E+02, 1.0E+02, 1.0E+02, 4.8E-07, 1.5E-06, 4.7E-07, 6.6E-07, 8.1E-07, 7.0E-07, 4.4E-06, 3.8E-06, 9.0E-06, 3.8E-06, 4.2E-06, 2.3E-05, 1.5E-06, 2.1E-06, 2.9E-06, 1.3E-05, 6.7E-07, 1.5E-06, 1.5E-05, 4.6E-06, 8.2E-06, 1.2E-05, 1.7E-05, 2.0E-05, 2.1E-05, 2.1E-05, 2.0E-05, 1.9E-05, 1.7E-05, 1.4E-05, 8.7E-06, 6.4E-06, 7.8E-06, 7.5E-06, 2.3E-06, 1.3E+02, 1.3E+02, 1.3E+02, 1.3E+02, 1.3E+02, 1.3E+02, 1.3E+02, 1.3E+02, 1.3E+02, 1.3E+02, 1.3E+02, 1.3E+02, 1.3E+02, 1.3E+02, 1.3E+02, 1.3E+02, 1.3E+02, 1.3E+02, 1.3E+02, 1.3E+02, 1.3E+02, 4.4E+01, 1.9E+01, 1.9E+01, 1.9E+01, 1.9E+01, 1.9E+01, 1.9E+01, 1.9E+01, 1.9E+01, 1.9E+01, 1.9E+01, 1.9E+01, 1.9E+01, 1.9E+01, 1.9E+01, 1.9E+01, 1.9E+01, 1.9E+01, 5.7E-07, 2.0E-07, 4.6E-08, 5.0E-08, 5.4E-08, 5.8E-08, 6.1E-08, 6.5E-08, 6.9E-08, 7.3E-08, 7.7E-08, 8.0E-08, 8.3E-08, 8.6E-08, 8.9E-08, 9.2E-08, 9.5E-08, 9.9E-08, 1.1E-07, 1.2E-07, 1.3E-07, 1.4E-07, 1.5E-07, 1.8E-07, 2.3E-07, 2.4E-07, 2.2E-07, 1.5E-07, 1.7E-07, 1.9E-07, 5.6E-09, 7.8E-09, 1.4E-08, 1.7E-08, 2.0E-08, 1.1E-07, 1.1E-07, 1.6E-07, 9.1E-09, 1.1E-06, 8.3E-07, 8.0E-07, 3.5E-07, 9.2E-07, 9.8E-08, 9.9E-06, 4.3E+01, 1.0E+02, 1.0E+02, 1.0E+02, 1.3E+02, 1.3E+02, 1.3E+02, 1.3E+02, 1.3E+02, 1.3E+02, 8.8E+01, 2.1E-06, 1.1E-06, 9.4E-07, 2.5E-06, 9.8E-07, 6.1E-07, 2.6E+00, 7.0E+00, 7.0E+00, 7.0E+00, 7.9E+00, 1.9E+01, 1.9E+01, 2.5E-10, 5.1E-06, 5.3E-07, 8.3E+00, 1.3E+01, 1.4E+01, 1.7E+01, 1.5E+01, 1.9E+01, 2.1E+01, 2.6E+01, 2.5E+01, 2.7E+01, 4.3E+01, 4.1E+01, 3.6E+01, 3.2E+01, 3.0E+01, 2.8E+01, 2.8E+01, 2.7E+01, 2.6E+01, 2.5E+01, 2.4E+01, 2.6E+01, 2.4E+01, 2.4E+01, 2.8E+01, 2.4E+01, 2.4E+01, 2.5E+01, 2.5E+01, 2.5E+01, 2.3E+01, 2.8E+01, 2.4E+01, 2.5E+01, 9.8E+01, 3.0E-06, 0.0E+00, 4.3E-09, 2.3E-07, 6.0E-09, 5.8E-07, 2.4E-09, 5.0E-09, 7.3E-10, 8.1E-11, 1.8E-09, 5.0E-07, 5.5E-07, 2.1E-06, 1.0E+02, 1.0E+02, 1.0E+02, 1.0E+02, 1.0E+02, 1.0E+02, 1.0E+02, 1.0E+02, 1.0E+02, 1.0E+02, 1.0E+02, 1.0E+02, 1.0E+02, 1.0E+02, 1.3E+02, 1.3E+02, 1.3E+02, 1.3E+02, 1.3E+02, 1.3E+02, 1.3E+02, 1.3E+02, 1.3E+02, 1.3E+02, 1.3E+02, 3.8E+01, 8.3E-07, 3.0E-06, 1.2E-07, 4.6E-07, 2.9E-06, 5.2E-06, 4.2E-07, 1.8E-06, 6.6E-06, 1.5E-06, 5.9E-06, 1.5E-05, 9.5E-07, 1.3E-06, 1.3E-06, 9.3E-06, 3.7E-06, 4.0E-06, 8.1E-06, 6.2E-06, 5.2E-06, 8.4E-06, 4.6E-06, 2.5E+00, 5.7E+01, 3.2E-06, 6.4E+00, 4.2E+01, 3.4E+01, 2.9E+01, 2.6E+01, 2.3E+01, 2.0E+01, 1.8E+01, 1.5E+01, 1.2E+01, 9.2E+00, 1.9E+01, 1.9E+01, 1.9E+01, 1.9E+01, 1.9E+01, 1.3E+02, 1.3E+02, 1.3E+02, 1.3E+02, 1.3E+02, 1.3E+02, 1.3E+02, 1.3E+02, 1.3E+02, 1.3E+02, 1.3E+02, 1.3E+02, 1.3E+02, 1.3E+02, 1.3E+02, 1.3E+02, 1.3E+02, 1.3E+02, 1.3E+02, 1.3E+02, 1.5E+01, 1.5E-05, 1.5E-06, 2.7E-07, 9.0E-07, 5.2E-07, 2.3E-07, 4.9E-07, 6.8E-06, 6.1E-06, 1.1E-05, 3.5E-07, 3.1E-06, 2.8E-06, 4.9E-06, 1.3E-05, 6.7E-07, 6.6E-06, 2.6E-06, 2.1E-06, 2.1E-06, 2.3E-06, 7.7E+00, 7.7E+00, 7.7E+00, 7.7E+00, 7.7E+00, 2.2E-06, 2.0E-06, 1.8E-06, 1.7E-06, 1.5E-06, 1.3E-06, 8.7E-07, 6.0E-07, 3.2E-07, 8.1E-06, 6.0E-06, 1.7E-06, 5.0E-07, 4.1E-06, 1.9E+01, 3.4E+01, 9.7E+01, 5.6E+01, 7.1E+01, 6.3E+01, 5.0E+01, 4.4E+01, 3.8E+01, 3.4E+01, 3.6E+01, 3.2E+01, 3.1E+01, 2.6E+01, 2.4E+01, 2.6E+01, 2.3E+01, 2.5E+01, 1.0E+02, 1.0E+02, 1.0E+02, 1.0E+02, 1.0E+02, 1.0E+02, 1.0E+02, 1.0E+02, 1.0E+02, 1.0E+02, 1.0E+02, 1.0E+02, 1.0E+02, 1.0E+02, 1.3E+02, 1.3E+02, 1.3E+02, 1.3E+02, 1.3E+02, 1.3E+02, 1.3E+02, 1.3E+02, 1.3E+02, 1.2E+02, 1.7E-06, 2.2E-06, 2.6E-06, 1.1E-07, 8.6E-08, 4.4E-07, 1.1E-06, 2.1E-06, 4.9E-06, 3.5E-06, 8.5E-07, 4.1E-06, 8.9E-07, 9.5E-07, 2.3E-06, 1.7E-07, 1.9E-07, 1.0E-07, 6.4E-07, 2.0E-07, 3.0E-07, 1.5E-07, 4.4E-06, 2.9E-06, 1.4E-06, 4.7E-07, 7.1E-06, 8.5E-07, 1.7E-07, 4.2E-07, 8.5E-08, 2.7E-06, 6.5E-07, 3.2E-07, 1.4E-06, 4.5E-07, 1.9E+01, 1.9E+01, 1.9E+01, 1.9E+01, 1.9E+01, 1.9E+01, 1.9E+01, 1.7E-05, 1.1E-06, 8.0E-07, 1.7E-06, 3.9E-07, 6.2E-07, 5.9E-07, 1.0E-06, 8.4E-07, 6.4E-07, 1.1E-06, 5.4E-07, 1.2E-06, 5.4E-07, 8.3E-07, 7.3E+01, 1.3E+02, 1.3E+02, 1.3E+02, 1.3E+02, 1.3E+02, 1.3E+02, 1.3E+02, 7.7E+00, 7.7E+00, 7.7E+00, 7.7E+00, 7.7E+00, 7.7E+00, 7.7E+00, 7.7E+00, 1.3E+01, 1.3E+01, 1.3E+01, 1.3E+01, 4.2E+01, 4.1E+00, 8.3E+00, 9.3E+00, 1.0E+01, 1.1E+01, 1.2E+01, 1.3E+01, 1.5E+01, 8.3E+00, 2.4E+01, 2.8E+01, 2.5E+01, 3.2E+01, 3.2E+01, 2.2E+01, 4.2E+01, 2.5E+01, 3.8E+01, 2.7E+01, 3.1E+01, 2.5E+01, 2.6E+01, 2.6E+01, 9.9E+01, 5.0E-07, 5.9E-07, 2.3E-09, 1.0E-08, 1.3E-07, 2.4E-07, 1.8E-07, 1.5E-07, 1.3E-08, 1.0E+02, 1.0E+02, 1.0E+02, 1.0E+02, 1.0E+02, 1.0E+02, 1.0E+02, 1.0E+02, 1.0E+02, 1.0E+02, 1.0E+02, 1.0E+02, 1.0E+02, 1.0E+02, 1.0E+02, 1.0E+02, 1.0E+02, 1.0E+02, 1.0E+02, 1.0E+02, 1.3E+02, 1.3E+02, 1.3E+02, 1.3E+02, 1.3E+02, 1.3E+02, 1.3E+02, 3.0E-06, 5.9E-06, 2.1E-07, 3.1E-06, 1.8E-05, 6.7E-07, 1.5E-06, 2.1E-06, 4.2E-06, 9.8E-06, 2.0E-05, 6.0E-07, 1.2E-06, 2.4E-06, 1.3E-05, 4.5E-06, 5.7E-06, 7.0E-06, 7.0E-06, 9.1E-06, 8.4E-06, 7.7E-06, 2.3E-06, 7.6E-07, 4.8E-07, 1.9E-05, 1.0E-05, 2.8E+00, 3.0E+01, 2.5E+01, 2.3E+01, 2.1E+01, 1.8E+01, 1.5E+01, 1.3E+01, 1.3E+01, 1.0E+01, 5.9E+00, 4.2E+00, 1.1E+00, 1.6E-06, 1.7E-07, 5.5E-08, 7.7E+00, 7.7E+00, 7.7E+00, 5.2E-07, 1.3E+02, 1.3E+02, 1.3E+02, 1.3E+02, 1.3E+02, 1.3E+02, 1.3E+02, 1.3E+02, 1.3E+02, 1.3E+02, 1.3E+02, 1.3E+02, 1.3E+02, 1.3E+02, 1.3E+02, 1.3E+02, 1.3E+02, 1.3E+02, 1.3E+02, 1.3E+02, 1.1E+02, 1.9E+01, 1.9E+01, 1.9E+01, 5.2E-08, 4.3E-08, 4.0E-08, 4.1E-08, 4.3E-08, 4.7E-08, 5.2E-08, 5.8E-08, 6.6E-08, 7.5E-08, 8.8E-08, 1.1E-07, 1.3E-07, 1.6E-07, 1.8E-07, 1.9E-07, 1.4E-07, 1.4E-07, 1.5E-07, 1.5E-07, 2.6E-09, 2.9E-09, 3.4E-09, 4.6E-09, 6.5E-09, 5.5E-09, 1.0E-08, 1.5E-08, 2.0E-08, 4.2E-08, 2.4E-07, 1.4E-11, 1.1E-07, 1.6E-07, 2.6E-07, 1.1E-07, 1.3E-07, 2.7E-08, 7.7E-07, 2.2E-06, 2.0E-06, 1.8E-06, 7.7E+00, 7.7E+00, 7.7E+00, 7.7E+00, 1.3E+02, 1.3E+02, 1.3E+02, 1.3E+02, 1.3E+02, 1.3E+02, 1.3E+02, 1.3E+02, 1.3E+02, 1.3E+02, 1.3E+02, 1.3E+02, 1.3E+02, 1.3E+02, 1.3E+02, 1.3E+02, 1.3E+02, 1.3E+02, 1.3E+02, 1.3E+02, 1.3E+02, 1.3E+02, 1.3E+02, 1.3E+02, 1.9E+01, 1.9E+01, 2.7E-07, 5.6E-07, 9.8E-06, 6.9E-06, 4.3E-07, 1.1E-05, 3.2E-05, 3.1E-05, 4.0E-05, 2.9E-07, 1.6E-05, 1.4E-06, 1.9E-06, 2.5E-06, 2.8E-06, 3.3E-06, 1.2E-07, 2.0E-07, 2.2E-06, 1.5E-07, 3.2E-07, 1.4E-06, 7.7E+00, 7.7E+00, 7.7E+00, 7.7E+00, 7.7E+00, 7.7E+00, 7.7E+00, 7.7E+00, 7.7E+00, 9.3E-07, 1.5E-07, 9.0E-07, 1.5E-07, 9.7E-07, 6.3E-07, 2.9E-07, 3.4E-06, 3.7E-06, 1.6E-06, 6.4E-07, 5.7E-06, 6.3E-06, 1.3E-05, 1.1E-06, 5.7E-07, 7.2E-06, 2.4E-06, 8.5E-07, 5.2E-07, 1.6E-06, 4.7E-07, 1.9E+01, 1.9E+01, 1.9E+01, 1.9E+01, 1.3E+02, 1.3E+02, 1.3E+02, 1.3E+02, 1.3E+02, 1.3E+02, 1.3E+02, 6.8E+01, 7.7E+00, 7.7E+00, 7.7E+00, 7.7E+00, 7.7E+00, 3.5E+01, 7.7E+00, 7.7E+00, 7.7E+00, 7.7E+00, 7.7E+00, 7.7E+00, 7.7E+00, 7.7E+00, 7.7E+00, 8.1E-05, 9.8E+00, 1.5E+01, 1.5E+01, 1.6E+01, 1.9E+01, 2.0E+01, 2.6E+01, 2.6E+01, 2.3E+01, 4.9E+01, 2.3E+01, 4.2E+01, 3.0E+01, 3.3E+01, 2.8E+01, 2.7E+01, 2.6E+01, 2.7E+01, 2.6E+01, 2.5E+01, 2.5E+01, 2.6E+01, 2.5E+01, 2.5E+01, 1.3E+02, 1.3E+02, 1.3E+02, 1.3E+02, 1.3E+02, 1.3E+02, 1.3E+02, 1.3E+02, 1.3E+02, 1.3E+02, 1.3E+02, 1.3E+02, 1.3E+02, 1.3E+02, 1.3E+02, 1.3E+02, 1.3E+02, 1.3E+02, 1.3E+02, 1.3E+02, 1.9E+01, 1.9E+01, 1.9E+01, 1.9E+01, 1.9E+01, 1.9E+01, 1.9E+01, 1.9E+01, 1.9E+01, 1.9E+01, 1.9E+01, 1.9E+01, 1.9E+01, 2.5E-08, 2.9E-08, 3.2E-08, 3.0E-08, 3.3E-08, 3.6E-08, 3.9E-08, 4.4E-08, 4.9E-08, 5.6E-08, 6.5E-08, 7.4E-08, 8.4E-08, 9.4E-08, 1.0E-07, 1.2E-07, 1.8E-09, 2.2E-09, 2.6E-09, 4.5E-09, 5.0E-09, 6.1E-09, 2.6E-08, 1.7E-08, 2.3E-08, 4.5E-09, 5.8E-09, 3.6E-08, 8.4E-08, 7.2E-08, 1.4E-07, 2.7E-08, 4.1E-07, 3.9E-07, 2.5E-07, 4.2E-09, 1.1E-07, 6.0E-07, 4.2E-07, 3.5E+01, 1.0E+02, 1.0E+02, 1.0E+02, 1.0E+02, 1.0E+02, 1.0E+02, 1.0E+02, 1.0E+02, 2.2E+01, 4.2E+00, 6.6E+00, 7.8E+00, 9.1E+00, 9.5E+00, 1.1E+01, 1.0E+02, 1.0E+02, 1.0E+02, 1.0E+02, 1.0E+02, 1.0E+02, 1.0E+02, 1.0E+02, 1.0E+02, 1.0E+02, 1.0E+02, 1.0E+02, 1.0E+02, 1.0E+02, 1.0E+02, 1.0E+02, 1.0E+02, 1.3E+02, 1.3E+02, 1.3E+02, 1.3E+02, 1.3E+02, 1.3E+02, 5.6E+01, 3.2E-07, 1.4E-07, 1.0E-07, 8.9E-08, 1.1E-07, 7.4E-07, 3.4E-06, 5.2E-06, 1.3E-06, 3.1E-06, 8.7E-06, 6.2E-07, 1.8E-06, 6.2E-06, 4.3E-07, 1.5E-06, 5.3E-06, 5.3E-05, 1.6E-05, 2.5E-05, 3.8E-05, 3.8E-05, 3.8E+01, 4.1E-05, 2.6E+01, 4.6E+01, 3.8E+01, 3.2E+01, 2.8E+01, 2.6E+01, 7.9E-05, 5.9E-05, 4.2E-05, 3.1E-05, 2.5E-05, 1.8E-05, 1.6E-06, 5.4E-06, 5.1E-06, 6.8E-07, 9.1E-07, 1.4E-05, 1.3E-06, 8.5E-07, 8.2E-07, 1.9E+01, 1.9E+01, 1.9E+01, 1.9E+01, 1.3E+02, 1.0E+02, 1.0E+02, 1.0E+02, 1.0E+02, 1.0E+02, 1.0E+02, 1.0E+02, 1.0E+02, 1.0E+02, 1.0E+02, 1.0E+02, 1.0E+02, 1.0E+02, 1.0E+02, 1.0E+02, 1.0E+02, 1.0E+02, 1.0E+02, 1.0E+02, 1.0E+02, 1.0E+02, 1.0E+02, 1.0E+02, 8.5E+01, 3.2E-07, 7.7E+00, 7.7E+00, 7.7E+00, 7.7E+00, 7.7E+00, 7.7E+00, 7.7E+00, 7.7E+00, 7.7E+00, 7.7E+00, 7.7E+00, 7.7E+00, 2.1E-06, 3.3E-06, 5.8E-06, 1.2E-06, 1.4E-05, 2.5E-06, 4.8E-06, 1.7E-05, 4.2E-06, 7.3E-05, 1.8E-06, 6.5E-05, 3.8E-06, 1.1E-05, 1.6E-06, 1.4E-06, 6.4E-05, 4.9E-05, 8.5E-05, 1.3E-06, 1.3E-06, 7.2E-07, 9.2E-07, 1.0E-06, 5.9E-07, 7.0E-07, 2.8E-07, 3.6E-06, 1.3E-06, 5.9E-07, 3.5E-07, 3.2E-07, 1.1E-06, 8.9E-07, 4.7E-06, 2.2E-06, 8.7E-07, 1.5E-06, 2.7E-06, 1.9E+01, 1.9E+01, 1.9E+01, 2.9E+01, 1.3E+02, 1.3E+02, 1.3E+02, 1.3E+02, 1.3E+02, 1.3E+02, 1.3E+02, 1.3E+02, 2.4E+01, 1.8E-06, 4.9E-07, 1.9E-06, 6.3E-01, 5.4E+00, 6.1E+00, 6.3E+00, 6.6E+00, 7.5E+00, 7.7E+00, 7.7E+00, 7.7E+00, 7.7E+00, 7.7E+00, 7.7E+00, 7.7E+00, 1.6E+01, 3.4E+01, 9.1E+00, 1.5E+01, 1.6E+01, 1.9E+01, 1.4E+01, 3.2E+01, 3.4E+01, 2.8E+01, 4.6E+01, 2.1E+01, 4.0E+01, 3.0E+01, 2.9E+01, 2.8E+01, 2.7E+01, 2.7E+01, 2.1E+01, 2.9E+01, 2.5E+01, 2.4E+01, 2.6E+01, 2.5E+01, 8.0E+01, 7.7E+00, 9.1E-09, 2.1E-08, 4.1E-07, 2.5E-08, 6.2E-07, 6.7E-07, 1.3E+02, 1.3E+02, 1.3E+02, 1.3E+02, 1.3E+02, 1.3E+02, 1.3E+02, 1.3E+02, 1.3E+02, 1.3E+02, 1.3E+02, 1.3E+02, 1.3E+02, 1.3E+02, 1.3E+02, 1.3E+02, 1.3E+02, 1.3E+02, 2.3E+01, 1.9E+01, 1.9E+01, 1.9E+01, 1.9E+01, 1.9E+01, 1.9E+01, 1.9E+01, 1.9E+01, 1.9E+01, 1.9E+01, 1.9E+01, 3.4E-08, 3.0E-08, 3.3E-08, 3.6E-08, 3.9E-08, 4.3E-08, 4.4E-08, 4.9E-08, 5.4E-08, 6.2E-08, 7.0E-08, 8.0E-08, 9.1E-08, 1.0E-07, 1.1E-07, 1.8E-09, 2.1E-09, 2.6E-09, 4.1E-09, 5.3E-09, 6.0E-09, 9.5E-09, 1.7E-08, 3.0E-08, 2.1E-08, 3.1E-09, 9.8E-09, 3.0E-07, 2.0E-07, 2.4E-07, 4.5E-09, 8.6E-09, 3.8E-07, 1.9E-09, 9.2E-08, 2.1E-08, 2.3E-07, 1.0E-07, 5.2E+01, 1.0E+02, 1.0E+02, 1.0E+02, 1.0E+02, 1.0E+02, 1.0E+02, 1.0E+02, 1.0E+02, 1.0E+02, 1.0E+02, 1.0E+02, 1.0E+02, 1.3E+02, 1.3E+02, 1.3E+02, 1.3E+02, 1.3E+02, 1.3E+02, 1.3E+02, 1.3E+02, 1.3E+02, 1.3E+02, 1.3E+02, 1.3E+02, 1.3E+02, 4.2E+01, 1.9E+01, 1.9E+01, 1.9E+01, 1.9E+01, 1.9E+01, 1.9E+01, 1.9E+01, 1.9E+01, 2.8E-08, 3.1E-08, 3.4E-08, 3.7E-08, 4.0E-08, 4.5E-08, 5.0E-08, 5.6E-08, 6.2E-08, 5.9E-08, 6.8E-08, 8.1E-08, 3.2E-06, 4.5E-06, 5.5E-07, 2.5E-06, 2.0E-06, 6.0E-06, 1.4E-05, 5.1E-09, 9.9E-09, 2.6E-08, 2.9E-08, 6.6E-08, 2.0E-07, 7.9E-10, 2.2E-08, 2.2E-08, 2.6E-07, 8.5E-08, 2.0E-08, 1.1E-07, 4.9E-08, 2.4E-07, 5.1E-07, 5.5E-07, 2.1E-08, 6.5E-08, 1.5E-07, 5.2E+01, 1.0E+02, 1.0E+02, 1.0E+02, 1.0E+02, 1.0E+02, 1.0E+02, 1.0E+02, 1.0E+02, 1.0E+02, 1.0E+02, 1.0E+02, 1.0E+02, 1.0E+02, 1.0E+02, 1.0E+02, 1.0E+02, 1.3E+02, 1.3E+02, 1.3E+02, 1.3E+02, 1.3E+02, 1.3E+02, 1.3E+02, 1.3E+02, 1.3E+02, 1.3E+02, 2.6E+01, 7.7E+00, 7.7E+00, 3.2E-06, 5.2E-06, 8.0E-07, 1.4E-07, 1.8E-07, 1.0E-06, 1.9E-06, 5.3E-05, 2.9E-06, 1.9E-05, 3.5E-05, 3.9E-05, 4.1E-05, 4.2E-07, 4.9E-07, 4.1E-05, 4.8E-07, 4.9E-07, 4.0E-05, 4.0E-05, 3.6E-05, 1.1E-05, 7.1E-07, 6.0E-05, 9.7E-07, 5.6E-07, 5.2E-07, 8.5E-07, 3.7E-07, 6.9E-08, 1.9E-07, 4.1E-07, 4.1E-06, 3.2E-06, 4.0E-06, 3.6E-06, 2.4E-06, 2.2E-06, 1.9E-06, 1.5E-06, 1.7E-06, 1.7E-06, 1.9E-06, 5.4E-07, 1.1E-05, 8.8E-06, 5.4E-06, 3.6E-06, 3.0E-06, 2.1E-05, 3.9E-07, 1.2E+02, 1.3E+02, 1.3E+02, 1.3E+02, 1.3E+02, 1.3E+02, 1.3E+02, 1.3E+02, 1.9E+01, 1.9E+01, 1.9E+01, 1.9E+01, 7.6E-04, 2.3E-06, 9.4E-07, 2.5E-07, 2.0E-06, 5.5E-07, 9.2E-07, 7.1E-07, 2.0E-07, 1.2E-05, 1.1E+01, 2.0E+01, 1.8E+01, 2.2E+01, 2.0E+01, 2.3E+01, 2.9E+01, 2.6E+01, 2.9E+01, 3.4E+01, 2.8E+01, 3.9E+01, 2.7E+01, 3.1E+01, 2.8E+01, 2.8E+01, 2.7E+01, 2.7E+01, 2.1E+01, 3.2E+01, 1.3E+01, 4.2E+01, 1.7E+01, 2.6E+01, 2.5E+01, 2.4E+01, 2.0E+01, 3.3E+01, 2.2E+01, 2.6E+01, 2.3E+01, 1.9E+01, 1.9E+01, 3.1E+01, 2.8E+01, 5.6E+01, 1.9E+01, 1.9E+01, 4.4E-06, 1.9E-09, 7.7E-08, 6.6E-08, 1.6E-07, 3.4E-08, 1.2E-09, 1.6E-08, 5.3E-08, 4.0E-05, 2.3E-06, 1.0E+02, 1.0E+02, 1.0E+02, 1.0E+02, 1.0E+02, 1.0E+02, 1.0E+02, 1.0E+02, 1.0E+02, 1.0E+02, 1.0E+02, 1.0E+02, 1.0E+02, 1.0E+02, 1.0E+02, 1.0E+02, 1.0E+02, 1.0E+02, 1.3E+02, 1.3E+02, 1.3E+02, 1.3E+02, 1.3E+02, 1.3E+02, 1.3E+02, 1.3E+02, 1.3E+02, 9.6E-07, 2.7E-07, 2.0E-07, 3.0E-06, 3.5E-06, 1.3E-07, 2.0E-06, 2.2E-06, 6.2E-06, 4.2E-07, 1.1E-06, 1.8E-06, 2.2E-06, 3.6E-06, 7.4E-06, 1.4E-05, 2.2E-05, 6.4E-07, 8.5E-07, 8.6E-06, 1.3E-06, 1.7E-06, 2.4E-06, 2.3E-05, 1.8E-05, 9.9E-06, 1.8E-06, 2.6E-06, 6.1E-06, 5.9E+00, 2.5E+01, 2.0E+01, 2.0E+01, 1.5E+01, 1.6E+01, 1.4E+01, 1.9E+01, 1.9E+01, 1.3E+02, 1.3E+02, 1.3E+02, 1.3E+02, 1.3E+02, 1.3E+02, 1.3E+02, 1.0E+02, 1.0E+02, 1.0E+02, 1.0E+02, 1.3E+02, 1.3E+02, 1.3E+02, 1.3E+02, 1.3E+02, 1.3E+02, 1.3E+02, 1.3E+02, 1.3E+02, 1.3E+02, 1.3E+02, 4.6E+01, 7.7E+00, 7.7E+00, 7.7E+00, 7.7E+00, 7.7E+00, 7.7E+00, 7.7E+00, 3.6E-06, 3.0E-07, 3.2E-06, 1.6E-06, 1.1E-06, 1.5E-05, 4.5E-07, 2.2E-06, 1.5E-05, 2.3E-05, 2.4E-05, 2.5E-05, 3.8E-05, 1.9E-06, 3.6E-05, 2.9E-05, 3.1E-05, 3.7E-05, 3.9E-05, 3.7E-05, 2.5E-05, 3.8E-05, 3.0E-05, 1.4E+01, 6.6E+01, 5.1E+01, 4.4E+01, 1.3E-05, 7.7E-06, 1.5E-06, 4.9E-07, 2.5E-05, 1.3E+02, 1.3E+02, 1.3E+02, 1.3E+02, 1.3E+02, 1.3E+02, 1.3E+02, 1.3E+02, 1.3E+02, 1.3E+02, 1.3E+02, 1.3E+02, 1.3E+02, 1.3E+02, 1.3E+02, 1.3E+02, 1.3E+02, 1.3E+02, 1.3E+02, 1.9E+01, 1.9E+01, 1.9E+01, 1.9E+01, 8.8E-08, 9.6E-08, 8.7E-08, 8.2E-08, 6.5E-08, 6.4E-08, 6.5E-08, 6.9E-08, 7.2E-08, 7.6E-08, 7.9E-08, 8.3E-08, 8.7E-08, 9.0E-08, 9.3E-08, 9.8E-08, 1.0E-07, 1.1E-07, 1.1E-07, 1.1E-07, 1.6E-09, 1.8E-09, 2.0E-09, 2.2E-09, 2.5E-09, 3.7E-09, 4.3E-09, 3.9E-09, 3.6E-09, 3.9E-06, 1.8E-06, 1.6E-06, 2.1E-06, 2.4E-06, 2.6E-06, 2.7E-06, 3.3E-06, 2.8E-06, 2.8E-06, 2.9E-06, 3.1E-06, 4.1E-06, 3.6E-06, 3.3E-06, 2.7E-06, 2.0E-06, 1.2E-06, 4.1E-05, 1.3E-05, 3.5E+01, 1.3E+02, 1.3E+02, 1.3E+02, 1.3E+02, 1.3E+02, 1.3E+02, 1.3E+02, 1.2E+02, 1.3E-06, 2.1E-06, 4.9E-01, 6.0E+00, 6.6E+00, 1.9E+01, 1.9E+01, 1.9E+01, 1.9E+01, 4.7E-04, 7.6E-07, 1.4E-06, 2.5E-07, 1.1E-06, 3.1E-07, 6.2E-07, 1.6E-07, 6.7E-07, 1.0E-06, 2.0E-06, 3.9E+00, 1.1E+02, 4.3E+01, 4.7E+01, 3.2E+01, 3.0E+01, 2.8E+01, 2.8E+01, 2.7E+01, 2.7E+01, 2.6E+01, 2.5E+01, 2.5E+01, 2.4E+01, 2.7E+01, 2.2E+01, 2.2E+01, 3.0E+01, 2.3E+01, 2.6E+01, 2.3E+01, 2.5E+01, 2.5E+01, 1.9E+01, 1.9E+01, 5.2E+01, 1.4E+01, 2.6E+01, 2.3E+01, 2.5E+01, 2.4E+01, 2.5E+01, 2.5E+01, 2.5E+01, 2.6E+01, 2.5E+01, 2.5E+01, 2.5E+01, 2.5E+01, 2.5E+01, 2.5E+01, 2.5E+01, 2.6E+01, 2.5E+01, 2.6E+01, 2.5E+01, 9.8E+01, 1.4E-06, 6.0E-11, 3.8E-10, 6.5E-07, 8.3E-11, 3.3E-08, 1.3E-08, 3.2E-08, 3.9E-10, 5.7E-08, 1.8E-08, 1.0E-08, 2.7E-07, 1.6E-06, 1.6E-05, 1.0E+02, 1.0E+02, 1.0E+02, 1.0E+02, 1.0E+02, 1.0E+02, 1.0E+02, 1.0E+02, 1.0E+02, 1.0E+02, 1.0E+02, 1.0E+02, 1.0E+02, 1.3E+02, 1.3E+02, 1.3E+02, 1.3E+02, 1.3E+02, 1.3E+02, 1.3E+02, 1.3E+02, 1.3E+02, 1.3E+02, 1.3E+02, 7.4E+01, 2.4E-07, 1.6E-07, 1.3E-07, 1.4E-07, 2.8E-06, 3.8E-06, 3.0E-06, 3.9E-06, 6.5E-06, 9.3E-06, 3.2E-07, 1.1E-06, 2.3E-06, 2.8E-06, 3.2E-06, 3.4E-06, 4.0E-06, 5.8E-06, 3.7E-06, 2.4E+01, 3.6E+01, 3.1E+01, 2.7E+01, 2.4E+01, 2.2E+01, 2.0E+01, 1.8E+01, 8.5E-07, 2.0E-07, 8.5E-07, 1.7E-05, 1.3E+00, 1.9E+01, 1.6E+01, 1.2E+01, 1.1E+01, 8.9E+00, 7.5E+00, 1.9E+01, 1.9E+01, 1.9E+01, 1.9E+01, 1.9E+01, 1.3E+02, 1.0E+02, 1.0E+02, 1.0E+02, 1.0E+02, 1.0E+02, 1.0E+02, 1.0E+02, 1.0E+02, 1.0E+02, 1.0E+02, 1.0E+02, 1.0E+02, 1.0E+02, 1.0E+02, 1.0E+02, 1.0E+02, 1.0E+02, 1.0E+02, 1.0E+02, 1.0E+02, 1.0E+02, 4.7E+01, 7.7E-07, 2.7E-07, 1.8E-07, 1.6E-07, 1.7E-07, 1.8E-07, 3.3E-07, 3.6E-06, 3.7E-06, 9.4E-06, 3.0E-06, 3.1E-06, 1.4E-05, 1.1E-06, 2.4E-06, 2.3E-06, 4.5E-06, 2.2E-05, 2.1E-05, 4.7E-07, 1.7E-06, 6.0E-06, 7.5E-06, 9.7E-06, 8.1E-06, 9.6E-06, 8.0E-06, 9.1E-06, 2.2E-05, 1.1E-05, 7.5E-06, 1.1E-06, 6.2E-07, 5.7E-07, 1.8E-06, 1.3E-05, 1.3E-06, 6.7E-07, 1.9E+01, 1.9E+01, 1.9E+01, 1.9E+01, 1.9E+01, 3.6E+01, 1.3E+02, 1.0E+02, 1.0E+02, 1.0E+02, 1.0E+02, 1.0E+02, 1.0E+02, 1.0E+02, 1.0E+02, 1.0E+02, 1.0E+02, 1.0E+02, 1.0E+02, 1.0E+02, 1.0E+02, 1.0E+02, 1.0E+02, 1.0E+02, 1.0E+02, 1.3E+02, 1.3E+02, 1.3E+02, 1.3E+02, 1.3E+02, 1.3E+02, 1.3E+02, 2.9E-05, 4.2E-05, 8.0E-05, 7.4E-06, 3.0E-06, 1.9E-06, 2.9E-06, 4.0E-06, 3.6E-07, 2.7E-06, 3.6E-07, 7.2E-07, 4.8E-05, 4.7E-06, 3.5E-05, 6.7E-07, 5.6E-07, 6.2E-07, 6.4E-07, 2.1E-07, 2.2E-07, 2.2E-07, 2.3E-07, 6.6E-07, 1.2E-07, 1.4E-07, 7.8E-07, 7.0E-07, 3.7E-05, 4.3E-05, 1.5E-05, 1.2E-06, 7.8E-05, 7.6E-07, 8.7E-07, 8.3E-07, 6.5E-07, 2.2E-07, 2.6E-07, 5.5E-07, 4.2E-06, 3.1E-06, 7.5E-07, 4.8E-07, 4.9E-06, 4.2E-06, 1.7E-06, 1.9E-05, 8.5E-07, 2.0E-06, 6.8E-07, 1.3E-06, 7.2E-06, 2.4E-06, 7.6E+01, 1.3E+02, 1.3E+02, 1.3E+02, 1.3E+02, 1.3E+02, 1.3E+02, 1.3E+02, 1.9E+01, 1.9E+01, 1.9E+01, 7.6E+01, 1.1E-05, 1.5E+00, 5.6E+00, 5.9E+00, 5.8E+00, 6.7E+00, 7.4E+00, 7.9E+00, 8.3E+00, 7.9E+00, 9.3E+00, 1.0E+01, 1.1E+01, 1.1E+01, 1.2E+01, 1.4E+01, 1.5E+01, 1.7E+01, 1.8E+01, 2.1E+01, 2.5E+01, 2.9E+01, 2.5E+01, 5.1E+01, 2.2E+01, 4.0E+01, 3.1E+01, 3.0E+01, 2.8E+01, 1.9E+01, 2.8E+01, 2.8E+01, 2.6E+01, 2.6E+01, 2.6E+01, 2.6E+01, 2.6E+01, 2.5E+01, 2.5E+01, 2.5E+01, 5.7E+01, 4.2E+00, 2.2E+01, 1.9E+01, 2.2E+01, 9.5E+01, 1.5E-07, 1.5E-10, 2.2E-09, 1.4E-07, 9.0E-12, 9.2E-08, 1.5E-07, 7.4E-08, 2.8E-10, 1.9E+01, 1.9E+01, 1.9E+01, 1.9E+01, 1.9E+01, 1.3E+02, 1.3E+02, 1.3E+02, 1.3E+02, 1.0E+02, 1.0E+02, 1.0E+02, 1.0E+02, 1.3E+02, 1.3E+02, 1.3E+02, 1.3E+02, 1.3E+02, 1.3E+02, 1.3E+02, 1.3E+02, 1.3E+02, 1.3E+02, 1.3E+02, 1.3E+02, 1.3E+02, 1.1E+02, 2.7E-07, 1.7E-07, 1.6E-07, 1.5E-07, 1.3E-07, 1.2E-07, 1.1E-07, 6.5E-07, 5.2E-07, 5.0E-07, 5.6E-07, 6.4E-07, 6.6E-07, 5.3E-07, 9.5E-07, 5.2E-06, 4.5E-06, 4.6E-06, 4.0E-06, 3.5E-06, 3.6E-06, 4.3E-06, 4.7E-06, 4.8E-06, 4.3E-06, 3.8E-06, 3.0E-06, 3.5E-06, 4.2E-06, 4.2E-06, 3.3E-06, 1.0E-06, 3.5E-07, 1.9E+01, 1.9E+01, 1.9E+01, 1.9E+01, 1.9E+01, 1.9E+01, 4.8E-07, 7.3E-07, 2.3E-07, 1.4E-10, 5.8E-08, 9.0E-07, 1.9E-06, 1.9E-05, 2.4E-05, 2.8E+01, 9.9E+01, 9.2E+01, 1.0E+02, 1.0E+02, 1.0E+02, 1.0E+02, 1.0E+02, 1.0E+02, 1.0E+02, 1.0E+02, 1.0E+02, 1.0E+02, 1.0E+02, 1.0E+02, 1.0E+02, 1.0E+02, 1.0E+02, 1.3E+02, 1.3E+02, 1.3E+02, 1.3E+02, 1.3E+02, 1.3E+02, 1.3E+02, 1.3E+02, 1.2E+02, 1.4E-06, 6.0E-05, 1.5E-06, 2.0E-06, 2.3E-06, 3.3E-06, 9.6E-08, 5.1E-06, 8.6E-08, 4.2E-07, 9.1E-07, 2.7E-07, 2.2E-07, 1.5E-07, 1.0E-07, 1.1E-07, 1.2E-07, 1.4E-07, 3.2E-06, 2.9E-06, 2.4E-06, 3.2E-06, 8.9E-07, 9.5E-06, 8.7E-06, 7.7E+00, 7.7E+00, 7.7E+00, 7.7E+00, 7.7E+00, 5.8E-07, 5.1E-07, 7.4E-07, 7.4E-07, 3.4E-06, 1.9E+01, 1.9E+01, 1.9E+01, 1.9E+01, 1.9E+01, 1.9E+01, 1.9E+01, 1.9E+01, 1.9E+01, 5.5E-08, 1.0E-07, 4.4E-07, 1.1E-10, 2.0E-10, 7.8E-09, 1.0E+02, 1.0E+02, 1.0E+02, 1.0E+02, 1.0E+02, 1.0E+02, 1.0E+02, 1.0E+02, 1.0E+02, 1.0E+02, 1.0E+02, 1.0E+02, 1.0E+02, 1.0E+02, 1.0E+02, 1.3E+02, 1.3E+02, 1.3E+02, 1.3E+02, 1.3E+02, 1.3E+02, 1.3E+02, 1.3E+02, 1.3E+02, 1.3E+02, 1.3E+02, 8.9E+01, 4.5E-06, 3.1E-05, 5.9E-05, 2.5E-06, 5.3E-06, 1.1E-05, 2.9E-05, 4.0E-05, 2.2E-06, 1.4E-05, 4.1E-06, 2.0E-06, 1.7E-06, 1.5E-06, 1.5E-06, 1.5E-06, 1.5E-06, 1.1E-05, 4.9E-06, 2.0E-06, 9.3E-05, 3.3E-05, 1.4E-05, 1.4E-05, 6.4E-06, 6.0E-06, 4.9E-07, 4.7E-07, 3.6E-06, 8.0E-07, 5.2E-07, 3.6E-07, 4.3E-07, 3.3E-07, 1.6E-07, 2.0E-07, 1.9E+01, 1.9E+01, 4.9E-06, 2.0E-06, 6.0E-07, 3.6E-07, 3.4E-07, 4.3E-07, 3.1E-07, 1.9E-07, 9.6E-08, 3.9E-07, 2.6E-08, 8.0E-07, 3.3E-07, 1.0E-07, 3.7E-08, 5.5E-07, 3.9E+01, 1.0E+02, 1.0E+02, 1.0E+02, 1.0E+02, 1.0E+02, 1.0E+02, 1.0E+02, 1.0E+02, 1.0E+02, 1.0E+02, 3.4E+00, 2.2E+00, 4.0E+00, 5.5E+00, 5.9E+00, 6.0E+00, 6.6E+00, 7.4E+00, 8.0E+00, 8.4E+00, 8.9E+00, 8.6E+00, 1.0E+01, 1.1E+01, 1.2E+01, 1.2E+01, 1.4E+01, 1.5E+01, 1.7E+01, 1.6E+01, 2.0E+01, 2.6E+01, 2.4E+01, 2.6E+01, 3.5E+01, 5.3E+01, 1.7E+01, 3.8E+01, 2.4E+01, 3.1E+01, 2.9E+01, 3.9E+01, 1.4E+01, 3.1E+01, 9.3E+01, 8.4E-09, 1.0E-07, 1.0E+02, 1.0E+02, 1.0E+02, 1.0E+02, 1.0E+02, 1.0E+02, 1.0E+02, 1.0E+02, 1.0E+02, 1.0E+02, 1.0E+02, 1.0E+02, 1.0E+02, 1.0E+02, 1.0E+02, 1.0E+02, 1.0E+02, 1.3E+02, 1.3E+02, 1.3E+02, 1.3E+02, 1.3E+02, 1.3E+02, 3.3E-07, 1.6E-07, 1.2E-07, 9.4E-08, 7.4E-08, 6.4E-08, 7.2E-08, 1.1E-07, 1.3E-07, 2.2E-07, 2.8E-06, 3.5E-06, 1.2E-07, 1.7E-07, 5.5E-07, 2.8E-06, 2.7E-06, 3.4E-06, 4.4E-06, 6.2E-06, 9.6E-06, 1.3E-05, 1.5E-05, 1.5E-05, 1.5E-05, 1.2E-05, 8.0E-06, 5.4E-06, 4.6E-06, 4.1E-06, 2.3E-06, 2.4E-06, 4.0E-07, 3.9E-07, 1.4E-07, 2.7E-06, 3.5E-06, 2.9E-07, 1.2E-07, 1.3E-07, 5.1E-07, 1.0E-06, 1.9E-06, 1.2E-07, 1.9E-06, 1.8E+01, 1.3E+02, 1.1E+02, 1.3E+02, 1.3E+02, 1.3E+02, 1.3E+02, 1.3E+02, 1.3E+02, 1.3E+02, 1.3E+02, 1.3E+02, 1.3E+02, 1.3E+02, 1.3E+02, 1.3E+02, 1.3E+02, 1.3E+02, 1.3E+02, 1.3E+02, 1.3E+02, 1.3E+02, 1.3E+02, 1.3E+02, 7.1E+01, 1.9E+01, 1.9E+01, 1.9E+01, 1.9E+01, 1.9E+01, 1.9E+01, 1.9E+01, 1.9E+01, 1.9E+01, 1.9E+01, 1.9E+01, 1.9E+01, 1.9E+01, 4.6E-07, 2.0E-07, 1.5E-07, 1.3E-07, 1.4E-07, 1.3E-07, 1.1E-07, 8.4E-08, 8.4E-08, 5.5E-08, 6.0E-08, 6.4E-08, 6.8E-08, 7.3E-08, 7.7E-08, 8.1E-08, 8.6E-08, 9.1E-08, 9.6E-08, 4.5E-07, 1.4E-06, 1.8E-06, 2.0E-06, 4.3E-06, 1.0E-05, 1.8E-05, 3.4E-07, 5.6E-07, 1.6E-06, 6.6E-06, 6.9E-06, 6.8E-06, 2.0E-08, 8.4E-07, 1.0E+02, 1.0E+02, 1.0E+02, 1.0E+02, 1.3E+02, 1.3E+02, 1.3E+02, 1.3E+02, 1.3E+02, 1.3E+02, 1.3E+02, 1.3E+02, 1.3E+02, 1.3E+02, 1.3E+02, 1.3E+02, 1.3E+02, 1.3E+02, 1.3E+02, 1.3E+02, 1.3E+02, 4.3E+01, 1.9E+01, 1.9E+01, 1.9E+01, 1.9E+01, 1.9E+01, 7.3E+00, 1.2E-07, 1.9E-07, 7.0E-06, 5.0E-07, 1.4E-06, 9.9E-06, 4.7E-07, 8.2E-06, 3.2E-05, 2.3E-06, 2.6E-05, 1.3E-06, 6.5E-06, 1.1E-06, 1.8E-06, 1.8E-06, 2.6E-06, 2.8E-06, 6.0E-06, 1.6E-07, 4.6E-07, 1.3E-06, 3.5E-06, 1.9E-07, 1.5E-06, 5.0E-06, 1.9E-06, 5.2E-06, 1.8E-06, 2.3E-06, 2.1E-06, 2.4E-07, 4.0E-06, 2.0E-06, 1.5E-06, 1.5E-07, 2.4E-07, 1.9E-07, 4.4E-06, 2.9E-06, 1.1E-06, 2.0E-06, 5.6E-06, 1.0E-06, 9.8E-07, 3.1E-06, 2.2E-06, 3.3E-06, 9.7E-07, 1.3E-06, 2.4E-06, 1.2E+02, 1.3E+02, 1.3E+02, 1.3E+02, 1.3E+02, 1.3E+02, 1.3E+02, 1.3E+02, 3.7E+01, 1.1E+02, 1.8E-06, 1.0E-06, 4.0E-06, 5.2E-07, 7.1E-07, 2.3E-01, 6.5E+00, 6.9E+00, 6.7E+00, 8.0E+00, 8.1E+00, 8.5E+00, 9.1E+00, 9.7E+00, 9.3E+00, 1.1E+01, 1.2E+01, 1.3E+01, 1.3E+01, 1.5E+01, 1.8E+01, 2.1E+01, 2.1E+01, 2.6E+01, 2.2E+01, 5.1E+01, 2.4E+01, 4.4E+01, 3.1E+01, 3.3E+01, 2.8E+01, 2.8E+01, 2.7E+01, 2.7E+01, 1.2E+01, 4.7E+01, 1.9E+01, 2.5E+01, 1.9E+01, 3.1E+01, 2.1E+01, 2.3E+01, 2.3E+01, 3.1E+01, 2.2E+01, 2.5E+01, 2.5E+01, 2.5E+01, 2.5E+01, 2.6E+01, 2.3E+01, 1.9E+01, 1.9E+01, 3.1E+01, 2.8E+01, 2.7E+01, 5.5E+01, 1.9E+01, 1.9E+01, 3.6E-08, 1.4E-07, 2.5E-07, 2.4E-08, 3.9E-09, 6.2E-11, 1.9E+01, 1.3E+02, 1.3E+02, 1.3E+02, 1.3E+02, 1.3E+02, 1.3E+02, 1.3E+02, 1.3E+02, 1.3E+02, 1.3E+02, 1.3E+02, 1.3E+02, 1.3E+02, 1.3E+02, 1.3E+02, 1.3E+02, 1.3E+02, 1.3E+02, 1.3E+02, 3.3E-07, 1.6E-07, 1.2E-07, 1.1E-07, 1.0E-07, 1.0E-07, 1.0E-07, 1.0E-07, 1.0E-07, 1.0E-07, 9.4E-08, 8.3E-08, 9.0E-08, 9.8E-08, 1.4E-07, 1.4E-07, 1.5E-07, 1.4E-06, 3.2E-06, 3.1E-06, 3.2E-06, 4.1E-06, 1.5E-07, 1.6E-07, 1.7E-07, 1.9E-07, 1.9E-07, 2.0E-07, 7.3E-08, 6.5E-08, 5.6E-08, 4.8E-08, 3.2E-06, 2.9E-06, 2.9E-06, 1.1E-06, 1.4E-07, 7.1E-08, 1.3E-07, 3.0E-07, 1.3E+02, 1.3E+02, 1.3E+02, 3.4E+01, 3.1E+01, 2.5E+01, 2.3E+01, 2.1E+01, 1.9E+01, 2.0E+01, 1.7E+01, 2.0E+01, 1.3E+02, 1.3E+02, 1.3E+02, 1.3E+02, 1.3E+02, 1.3E+02, 1.3E+02, 1.3E+02, 1.3E+02, 1.3E+02, 1.3E+02, 1.3E+02, 1.3E+02, 1.3E+02, 1.3E+02, 1.3E+02, 1.3E+02, 1.3E+02, 1.3E+02, 1.9E+01, 1.9E+01, 1.9E+01, 6.5E-08, 5.1E-08, 4.3E-08, 3.9E-08, 4.1E-08, 4.4E-08, 4.7E-08, 5.2E-08, 5.4E-08, 5.7E-08, 6.1E-08, 6.5E-08, 7.3E-08, 6.7E-08, 7.9E-08, 9.4E-08, 1.1E-07, 1.3E-07, 1.5E-07, 1.9E-07, 2.2E-07, 4.4E-09, 4.8E-09, 6.1E-09, 9.4E-09, 9.3E-09, 3.2E-08, 2.7E-08, 6.3E-08, 3.8E-08, 1.1E-08, 7.3E-09, 1.1E-07, 1.3E-07, 1.0E-07, 4.1E-07, 4.1E-07, 5.1E-08, 1.0E-06, 1.8E-07, 3.0E-07, 8.5E-08, 4.8E-07, 3.6E+01, 1.0E+02, 9.4E+01, 1.0E+02, 1.0E+02, 1.0E+02, 1.0E+02, 1.0E+02, 1.0E+02, 1.0E+02, 1.0E+02, 1.0E+02, 1.0E+02, 1.0E+02, 1.3E+02, 1.3E+02, 1.3E+02, 1.3E+02, 1.3E+02, 1.3E+02, 1.3E+02, 1.3E+02, 1.3E+02, 1.3E+02, 1.3E+02, 1.3E+02, 1.3E+02, 1.2E+02, 7.7E+00, 7.7E+00, 7.7E+00, 7.7E+00, 7.7E+00, 4.2E-05, 3.7E-05, 9.6E-07, 9.5E-06, 4.5E-06, 1.8E-06, 2.4E-06, 1.0E-07, 3.5E-07, 3.7E-06, 2.6E-06, 2.0E-06, 1.7E-06, 2.9E-05, 4.8E-07, 4.5E-07, 2.0E-07, 2.1E-07, 2.2E-07, 2.3E-07, 2.3E-07, 1.1E-07, 1.1E-07, 1.2E-07, 1.2E-07, 1.2E-07, 1.2E-07, 1.2E-07, 1.3E-07, 1.3E-07, 7.9E-07, 7.8E-07, 6.2E-07, 3.7E-05, 1.8E-06, 4.1E-05, 1.0E-06, 7.5E-07, 1.0E-06, 6.3E-07, 4.3E-07, 4.8E-07, 1.1E-06, 3.5E-06, 1.8E-06, 7.6E-07, 1.8E-06, 7.5E-06, 1.5E-06, 1.0E-06, 5.1E-06, 9.5E+01, 1.3E+02, 1.3E+02, 1.3E+02, 1.3E+02, 1.3E+02, 1.3E+02, 1.3E+02, 9.7E+01, 1.4E-06, 1.9E+01, 1.9E+01, 1.9E+01, 1.9E+01, 1.9E+01, 1.9E+01, 5.8E-07, 1.3E-07, 2.2E-06, 1.0E-07, 3.5E-07, 6.2E-08, 1.5E-07, 2.7E-07, 2.7E-07, 3.4E-07, 7.8E-07, 3.7E-07, 3.6E-07, 2.3E-06, 1.0E-06, 7.9E-07, 1.7E-06, 8.3E-07, 6.7E-07, 5.7E+01, 1.3E+02, 1.3E+02, 6.8E+01, 9.9E+01, 9.7E-03, 4.0E+01, 1.4E-06, 1.1E+01, 1.3E+01, 1.6E+01, 1.8E+01, 1.8E+01, 1.9E+01, 2.0E+01, 2.1E+01, 2.2E+01, 2.3E+01, 2.4E+01, 2.3E+01, 2.0E+01, 1.9E+01, 2.4E+01, 6.3E+01, 1.9E+01, 1.9E+01, 1.9E+01, 1.9E+01, 1.9E+01, 1.7E-08, 1.2E-08, 1.9E-07, 4.8E-07, 3.2E-08, 1.3E-09, 6.0E-09, 1.2E-09, 1.9E+01, 1.3E+02, 1.3E+02, 1.3E+02, 1.3E+02, 1.3E+02, 1.3E+02, 1.3E+02, 1.3E+02, 1.3E+02, 1.3E+02, 1.3E+02, 1.3E+02, 1.3E+02, 1.3E+02, 1.3E+02, 1.3E+02, 1.3E+02, 1.3E+02, 1.3E+02, 1.3E+02, 1.3E+02, 4.1E-07, 1.5E-07, 1.1E-07, 9.7E-08, 9.4E-08, 9.1E-08, 8.4E-08, 6.8E-08, 6.6E-08, 6.7E-08, 9.5E-08, 1.3E-07, 1.3E-07, 2.7E-06, 3.6E-06, 3.6E-06, 8.0E-06, 1.0E-06, 3.3E-06, 2.4E-06, 4.8E-06, 8.7E-06, 1.9E-06, 4.7E-07, 5.1E-07, 6.3E-07, 8.9E-07, 3.4E-06, 7.5E-07, 1.1E+01, 2.5E+01, 2.1E+01, 2.0E+01, 1.5E+01, 1.5E+01, 1.3E+01, 6.9E+00, 4.6E+00, 1.0E+00, 7.2E-08, 3.6E-07, 2.6E-06, 1.3E+02, 1.3E+02, 1.3E+02, 1.3E+02, 1.3E+02, 1.3E+02, 1.3E+02, 1.3E+02, 1.3E+02, 1.3E+02, 1.3E+02, 1.3E+02, 1.3E+02, 1.3E+02, 1.3E+02, 1.3E+02, 1.3E+02, 1.3E+02, 1.3E+02, 1.3E+02, 1.3E+02, 1.3E+02, 1.9E+01, 1.9E+01, 1.9E+01, 1.9E+01, 1.9E+01, 1.9E+01, 1.9E+01, 1.9E+01, 2.9E-08, 3.1E-08, 3.4E-08, 3.8E-08, 4.1E-08, 4.5E-08, 4.9E-08, 5.2E-08, 4.7E-08, 5.0E-08, 5.4E-08, 5.9E-08, 6.3E-08, 6.8E-08, 7.3E-08, 7.8E-08, 8.3E-08, 8.7E-08, 9.1E-08, 9.7E-08, 1.0E-07, 1.2E-07, 2.8E-09, 4.5E-09, 7.2E-09, 2.4E-08, 1.2E-08, 1.2E-07, 7.7E-09, 9.7E-08, 5.4E-09, 8.2E-08, 1.3E-07, 1.5E-07, 2.2E-07, 8.0E-08, 1.9E-07, 2.8E-07, 1.8E-07, 3.1E-08, 1.3E-09, 4.1E-07, 8.8E-09, 5.2E+01, 1.0E+02, 1.0E+02, 1.0E+02, 1.3E+02, 1.3E+02, 1.3E+02, 3.8E+01, 1.9E+01, 1.9E+01, 1.9E+01, 1.9E+01, 1.3E+02, 1.3E+02, 1.3E+02, 1.3E+02, 1.3E+02, 1.3E+02, 1.3E+02, 1.3E+02, 1.3E+02, 1.3E+02, 1.3E+02, 1.3E+02, 1.3E+02, 1.3E+02, 1.3E+02, 1.3E+02, 1.3E+02, 1.3E+02, 1.3E+02, 1.3E+02, 2.8E+01, 2.2E-06, 2.2E-07, 7.9E-07, 1.6E-06, 8.0E-06, 4.4E-07, 4.0E-06, 4.2E-05, 3.6E-05, 4.3E-05, 4.7E-05, 1.6E-06, 6.2E-06, 2.7E-05, 2.4E-06, 2.0E-06, 2.0E-06, 2.8E-06, 3.2E-06, 3.3E-06, 3.4E-06, 3.7E-06, 3.8E-06, 1.9E-07, 6.3E-08, 8.1E-08, 6.4E-08, 7.1E-08, 7.3E-08, 1.8E-07, 6.0E-08, 3.5E-06, 3.2E-06, 2.4E-06, 1.2E-06, 1.3E-06, 1.1E-05, 6.4E-07, 3.4E-06, 7.7E-07, 2.5E-06, 1.6E-08, 2.8E-07, 5.8E-07, 8.2E-06, 4.5E-06, 6.0E-06, 1.4E-05, 1.7E-06, 4.4E-07, 5.5E-07, 2.0E-06, 8.4E-07, 8.7E+01, 1.3E+02, 1.3E+02, 1.3E+02, 1.3E+02, 1.3E+02, 1.3E+02, 1.3E+02, 2.2E+01, 3.3E+00, 5.8E+00, 6.3E+00, 6.3E+00, 7.2E+00, 7.6E+00, 8.2E+00, 8.3E+00, 9.1E+00, 9.7E+00, 9.5E+00, 1.1E+01, 1.2E+01, 1.2E+01, 1.3E+01, 1.4E+01, 1.6E+01, 1.7E+01, 1.9E+01, 1.9E+01, 1.9E+01, 2.7E+01, 3.7E+01, 3.3E+01, 3.3E+01, 3.0E+01, 3.0E+01, 2.9E+01, 2.8E+01, 2.7E+01, 2.7E+01, 5.2E+01, 6.1E+00, 2.7E+01, 2.2E+01, 2.4E+01, 2.4E+01, 2.7E+01, 2.5E+01, 2.4E+01, 2.6E+01, 2.5E+01, 9.6E+01, 1.1E-07, 6.7E-06, 1.1E-09, 7.3E-10, 5.6E-07, 1.0E-06, 4.2E-07, 6.7E-07, 5.8E-09, 3.3E-07, 1.0E-06, 2.0E-08, 1.8E-06, 5.4E-06, 3.4E-05, 3.6E+01, 1.0E+02, 1.0E+02, 1.0E+02, 1.0E+02, 1.0E+02, 1.0E+02, 1.0E+02, 1.0E+02, 1.0E+02, 1.0E+02, 1.0E+02, 1.0E+02, 1.0E+02, 1.0E+02, 1.3E+02, 1.3E+02, 1.3E+02, 1.3E+02, 1.3E+02, 1.3E+02, 1.3E+02, 1.3E+02, 1.3E+02, 1.3E+02, 1.3E+02, 3.5E+01, 1.4E-05, 7.0E-07, 1.4E-06, 1.9E-06, 3.1E-06, 8.9E-06, 1.2E-05, 1.6E-05, 3.2E-07, 3.7E-07, 3.9E-07, 3.9E-07, 3.6E-07, 2.3E-05, 1.7E-05, 1.4E-05, 7.4E-06, 1.5E-06, 1.7E-06, 1.5E-06, 1.2E-06, 9.4E-07, 8.8E-07, 5.6E-07, 2.5E-06, 1.5E-07, 9.7E-08, 3.2E-06, 1.2E-06, 4.0E-07, 6.8E-06, 1.3E+02, 1.3E+02, 1.3E+02, 1.3E+02, 1.3E+02, 1.3E+02, 1.3E+02, 1.3E+02, 1.3E+02, 1.3E+02, 1.3E+02, 1.3E+02, 1.3E+02, 1.3E+02, 1.3E+02, 1.3E+02, 1.3E+02, 1.3E+02, 1.1E+02, 1.9E+01, 1.9E+01, 1.9E+01, 1.9E+01, 1.9E+01, 1.9E+01, 1.9E+01, 1.9E+01, 1.9E+01, 1.9E+01, 1.9E+01, 1.9E+01, 1.9E+01, 1.9E+01, 1.9E+01, 1.9E+01, 5.0E-07, 2.3E-07, 5.3E-08, 5.7E-08, 6.2E-08, 6.8E-08, 7.4E-08, 8.0E-08, 8.6E-08, 9.2E-08, 9.7E-08, 9.9E-08, 1.0E-07, 1.0E-07, 1.1E-07, 1.2E-07, 1.3E-07, 1.4E-07, 2.2E-09, 3.3E-09, 3.9E-09, 3.7E-09, 3.0E-09, 4.5E-09, 7.6E-09, 7.2E-09, 1.2E-08, 2.0E-08, 1.8E-08, 8.0E-08, 4.4E-07, 4.8E-08, 1.6E-08, 1.0E+02, 1.0E+02, 1.0E+02, 1.0E+02, 1.0E+02, 1.3E+02, 1.3E+02, 1.3E+02, 1.3E+02, 1.3E+02, 1.3E+02, 1.3E+02, 1.3E+02, 1.3E+02, 1.3E+02, 1.3E+02, 1.3E+02, 1.3E+02, 1.3E+02, 1.3E+02, 1.3E+02, 1.3E+02, 1.9E+01, 1.9E+01, 1.9E+01, 1.9E+01, 1.9E+01, 1.9E+01, 1.9E+01, 1.9E+01, 1.9E+01, 1.9E+01, 1.9E+01, 3.3E-08, 3.4E-08, 3.6E-08, 3.8E-08, 4.1E-08, 4.3E-08, 4.5E-08, 4.8E-08, 5.1E-08, 5.5E-08, 5.9E-08, 6.3E-08, 6.6E-08, 7.0E-08, 7.4E-08, 7.7E-08, 8.1E-08, 8.4E-08, 8.7E-08, 9.0E-08, 9.2E-08, 9.4E-08, 9.8E-08, 1.0E-07, 1.1E-07, 1.2E-07, 1.3E-07, 1.4E-07, 1.4E-07, 2.1E-07, 2.7E-07, 3.3E-07, 3.7E-09, 3.6E-09, 4.0E-09, 8.7E-09, 1.9E-08, 1.3E-07, 3.3E-08, 6.3E-08, 7.7E+00, 2.2E-05, 6.0E-05, 9.2E-07, 1.2E-06, 9.1E-07, 1.9E-06, 7.2E-07, 1.2E-06, 4.5E-06, 1.3E-06, 1.9E-06, 1.1E+02, 1.3E+02, 1.3E+02, 1.3E+02, 1.3E+02, 1.3E+02, 1.3E+02, 1.3E+02, 1.3E+02, 1.1E+02, 1.9E+01, 1.9E+01, 1.9E+01, 1.9E+01, 1.9E+01, 1.9E+01, 1.9E+01, 1.9E+01, 8.6E-06, 2.4E-06, 3.8E-07, 4.1E-07, 6.5E-07, 2.6E-06, 1.0E-06, 5.1E-07, 7.7E+00, 7.7E+00, 7.7E+00, 7.7E+00, 7.7E+00, 7.7E+00, 7.7E+00, 7.7E+00, 7.7E+00, 7.7E+00, 4.9E-07, 5.0E-07, 1.3E-07, 1.4E-07, 1.4E-07, 2.2E-07, 1.5E-07, 1.6E-07, 3.2E-07, 4.5E-07, 1.2E-06, 1.3E-06, 1.3E+02, 1.3E+02, 1.3E+02, 1.1E+02, 1.1E+02, 1.1E+02, 5.1E+00, 6.5E+00, 4.2E+00, 6.4E+00, 7.8E+00, 9.7E+00, 1.1E+01, 5.0E+01, 1.6E+01, 3.8E-07, 1.3E+02, 1.3E+02, 1.3E+02, 1.3E+02, 1.3E+02, 1.3E+02, 1.3E+02, 1.3E+02, 1.3E+02, 1.3E+02, 1.3E+02, 1.3E+02, 1.3E+02, 1.3E+02, 1.3E+02, 1.3E+02, 1.3E+02, 1.3E+02, 1.0E+02, 1.9E+01, 1.9E+01, 1.9E+01, 1.9E+01, 1.9E+01, 1.9E+01, 1.9E+01, 1.9E+01, 1.9E+01, 1.9E+01, 1.9E+01, 1.9E+01, 1.9E+01, 2.6E-08, 3.0E-08, 3.3E-08, 3.0E-08, 3.3E-08, 3.6E-08, 3.9E-08, 4.2E-08, 4.6E-08, 4.9E-08, 5.4E-08, 5.9E-08, 6.3E-08, 6.8E-08, 7.4E-08, 8.1E-08, 8.7E-08, 9.3E-08, 1.0E-07, 1.1E-07, 1.8E-09, 2.3E-09, 4.0E-09, 3.6E-09, 5.1E-09, 1.8E-08, 1.3E-08, 2.2E-08, 1.7E-07, 1.2E-06, 1.4E-08, 1.3E-07, 1.9E-07, 3.1E-07, 1.4E-07, 1.2E-07, 1.8E-08, 6.3E-07, 9.9E-08, 5.7E-08, 1.0E+02, 1.0E+02, 1.0E+02, 1.0E+02, 1.0E+02, 1.0E+02, 1.0E+02, 1.0E+02, 1.3E+02, 1.3E+02, 1.3E+02, 1.3E+02, 1.3E+02, 1.3E+02, 1.3E+02, 1.3E+02, 1.3E+02, 1.3E+02, 1.3E+02, 1.3E+02, 1.3E+02, 1.3E+02, 1.3E+02, 1.2E+02, 1.9E+01, 1.9E+01, 1.9E+01, 1.9E+01, 1.9E+01, 1.9E+01, 1.9E+01, 3.7E-07, 7.9E-08, 9.0E-08, 3.1E-06, 2.4E-06, 7.3E-06, 4.1E-08, 4.5E-08, 4.0E-08, 4.3E-08, 4.6E-08, 4.9E-08, 5.2E-08, 5.7E-08, 6.1E-08, 6.6E-08, 7.0E-08, 7.5E-08, 7.9E-08, 8.3E-08, 8.8E-08, 9.3E-08, 9.8E-08, 1.1E-07, 1.9E-09, 2.2E-09, 3.6E-09, 3.9E-09, 3.5E-09, 3.3E-09, 5.5E-09, 6.3E-09, 1.3E-08, 2.1E-08, 6.8E-08, 2.7E-07, 5.0E-09, 1.2E-08, 1.2E-07, 2.2E-07, 6.7E-07, 9.5E-07, 1.0E+02, 1.0E+02, 1.0E+02, 1.0E+02, 1.0E+02, 1.0E+02, 1.0E+02, 1.0E+02, 1.3E+02, 1.3E+02, 1.3E+02, 1.3E+02, 1.3E+02, 1.3E+02, 1.3E+02, 1.3E+02, 1.3E+02, 1.3E+02, 1.3E+02, 1.3E+02, 1.3E+02, 1.3E+02, 1.3E+02, 1.3E+02, 1.3E+02, 1.3E+02, 1.9E+01, 7.7E+00, 7.7E+00, 7.7E+00, 7.7E+00, 7.7E+00, 7.7E+00, 2.1E-06, 3.4E-06, 1.1E-07, 1.3E-06, 3.8E-06, 1.6E-05, 2.1E-06, 2.0E-06, 5.8E-06, 2.0E-05, 6.4E-07, 1.1E-05, 2.4E-05, 2.5E-05, 3.3E-05, 1.8E-06, 3.3E-05, 3.7E-05, 5.3E-05, 9.3E-07, 1.9E-06, 2.9E-06, 2.8E-06, 3.0E-06, 3.0E-06, 3.9E-06, 2.1E-06, 1.2E-06, 7.9E-07, 6.4E-05, 3.3E-05, 2.5E-05, 2.1E-05, 1.5E-05, 4.7E-07, 5.4E-06, 3.4E-06, 7.8E-07, 2.3E-05, 1.3E-06, 1.5E-05, 8.3E-07, 3.1E-07, 4.3E-07, 8.4E-07, 7.3E-07, 8.9E-07, 2.4E+01, 1.3E+02, 1.3E+02, 1.3E+02, 1.3E+02, 1.3E+02, 1.3E+02, 1.3E+02, 1.0E+02, 2.3E-06, 1.7E-05, 4.9E+00, 6.0E+00, 6.5E+00, 6.7E+00, 7.1E+00, 7.9E+00, 1.8E-07, 1.9E+01, 8.1E+00, 9.0E+00, 1.9E+01, 1.9E+01, 5.3E-07, 9.4E-09, 1.4E+01, 1.7E+01, 1.9E+01, 1.9E+01, 2.3E+01, 2.5E+01, 2.5E+01, 2.7E+01, 4.4E+01, 2.3E+01, 4.0E+01, 2.9E+01, 3.1E+01, 2.8E+01, 2.7E+01, 2.7E+01, 2.5E+01, 2.7E+01, 2.5E+01, 2.4E+01, 2.5E+01, 2.5E+01, 2.5E+01, 2.5E+01, 2.7E+01, 2.4E+01, 2.5E+01, 2.5E+01, 2.5E+01, 2.5E+01, 2.5E+01, 1.0E+02, 1.0E+02, 1.0E+02, 1.0E+02, 1.0E+02, 1.0E+02, 1.0E+02, 1.0E+02, 1.0E+02, 1.0E+02, 1.3E+02, 1.3E+02, 1.3E+02, 1.3E+02, 1.3E+02, 1.3E+02, 1.3E+02, 1.3E+02, 1.3E+02, 1.3E+02, 1.3E+02, 1.3E+02, 1.9E+01, 1.9E+01, 1.9E+01, 1.9E+01, 1.9E+01, 1.9E+01, 1.9E+01, 1.9E+01, 1.9E+01, 1.9E+01, 1.9E+01, 1.9E+01, 1.9E+01, 2.6E-07, 2.9E-08, 3.3E-08, 3.7E-08, 4.1E-08, 7.6E-08, 7.8E-08, 8.2E-08, 8.5E-08, 8.2E-08, 1.1E-07, 9.2E-08, 1.2E-07, 1.5E-07, 5.5E-07, 3.7E-06, 2.8E-06, 7.2E-06, 2.2E-06, 2.2E-06, 7.3E-06, 5.2E-07, 1.4E-06, 1.7E-06, 2.2E-06, 6.3E-06, 1.2E-05, 2.2E-05, 4.6E-07, 1.2E-06, 9.4E-07, 2.9E-06, 4.3E-06, 1.8E-05, 1.1E-06, 1.1E-05, 1.7E-06, 9.8E-07, 2.6E-06, 1.0E-06, 1.8E-06, 9.8E-07, 7.4E-07, 9.0E+01, 1.3E+02, 1.3E+02, 1.3E+02, 1.3E+02, 1.3E+02, 1.3E+02, 1.3E+02, 1.3E+02, 1.3E+02, 1.3E+02, 1.3E+02, 1.3E+02, 1.3E+02, 1.3E+02, 1.3E+02, 1.3E+02, 1.3E+02, 1.3E+02, 1.3E+02, 1.3E+02, 1.3E+02, 1.3E+02, 1.3E+02, 1.3E+02, 1.0E+02, 1.9E+01, 1.9E+01, 1.9E+01, 1.9E+01, 1.9E+01, 1.9E+01, 1.9E+01, 1.9E+01, 1.9E+01, 1.9E+01, 1.9E+01, 1.9E+01, 2.2E-08, 2.5E-08, 2.9E-08, 3.3E-08, 3.6E-08, 4.0E-08, 3.7E-08, 4.0E-08, 4.3E-08, 4.7E-08, 5.2E-08, 5.8E-08, 6.4E-08, 7.1E-08, 7.9E-08, 8.5E-08, 9.1E-08, 9.7E-08, 1.0E-07, 1.1E-07, 1.8E-09, 2.1E-09, 2.2E-09, 2.4E-09, 2.9E-09, 3.4E-09, 3.8E-09, 3.8E-09, 1.8E-07, 1.9E-07, 5.6E-09, 5.6E-09, 1.5E-08, 1.8E-08, 1.8E-08, 2.8E-07, 8.6E-07, 1.5E-08, 7.2E-08, 6.9E-07, 1.5E-07, 3.4E-07, 1.5E-06, 3.7E-08, 1.9E+01, 1.9E+01, 1.9E+01, 4.3E-07, 1.9E-06, 8.6E+01, 1.0E+02, 1.0E+02, 1.0E+02, 1.0E+02, 1.0E+02, 1.0E+02, 1.0E+02, 1.0E+02, 1.3E+02, 1.3E+02, 1.3E+02, 1.3E+02, 1.3E+02, 1.3E+02, 1.3E+02, 1.3E+02, 1.3E+02, 1.3E+02, 1.3E+02, 1.3E+02, 1.3E+02, 1.3E+02, 1.3E+02, 1.3E+02, 1.3E+02, 1.3E+02, 5.1E-06, 2.4E-05, 2.5E-05, 3.6E-05, 3.8E-05, 2.7E-05, 5.2E-05, 9.5E-07, 2.3E-06, 4.2E-06, 6.4E-06, 9.4E-06, 1.3E-05, 1.5E-05, 2.1E-05, 1.8E-05, 8.1E-07, 1.2E-05, 1.3E-05, 5.0E-07, 4.4E-06, 2.6E-06, 1.4E-06, 2.8E-05, 3.2E-05, 7.7E+00, 7.7E+00, 7.7E+00, 7.7E+00, 7.7E+00, 7.7E+00, 7.7E+00, 7.7E+00, 7.7E+00, 7.7E+00, 7.7E+00, 3.6E-07, 2.6E-07, 4.5E-07, 2.1E-07, 1.6E-06, 1.4E-06, 3.0E-07, 5.5E-07, 6.1E-07, 3.2E-07, 2.8E-07, 6.2E-07, 8.7E-07, 5.4E-07, 1.0E-06, 6.6E-07, 8.2E-07, 4.1E-07, 5.7E-08, 8.9E-08, 1.9E-07, 2.4E-07, 1.0E+02, 1.0E+02, 1.0E+02, 1.0E+02, 1.0E+02, 1.0E+02, 1.0E+02, 1.0E+02, 1.0E+02, 1.0E+02, 7.3E+01, 8.3E-07, 4.9E-07, 7.3E-01, 5.4E+00, 5.9E+00, 5.7E+00, 6.5E+00, 7.3E+00, 8.1E+00, 8.4E+00, 8.8E+00, 8.5E+00, 1.0E+01, 1.1E+01, 1.1E+01, 1.2E+01, 1.4E+01, 1.6E+01, 1.4E+01, 1.9E+01, 2.0E+01, 2.4E+01, 2.6E+01, 2.4E+01, 4.6E+01, 2.3E+01, 4.3E+01, 3.2E+01, 2.8E+01, 3.3E+01, 2.0E+01, 1.0E+02, 7.1E-08, 1.2E-07, 1.1E-07, 7.0E-09, 2.6E-08, 2.6E-07, 3.0E-08, 1.7E-06, 5.0E-08, 1.2E-07, 1.0E+02, 1.0E+02, 1.0E+02, 1.0E+02, 1.0E+02, 1.0E+02, 1.0E+02, 1.0E+02, 1.0E+02, 1.0E+02, 1.0E+02, 1.0E+02, 1.0E+02, 1.0E+02, 1.0E+02, 1.3E+02, 1.3E+02, 1.3E+02, 1.3E+02, 1.3E+02, 1.3E+02, 1.3E+02, 1.3E+02, 1.3E+02, 1.3E+02, 9.0E+01, 6.1E-07, 1.4E-06, 2.5E-06, 6.4E-06, 1.3E-05, 3.8E-07, 6.9E-07, 1.1E-06, 1.2E-06, 1.5E-06, 7.9E-06, 7.6E-06, 1.0E-05, 1.0E-05, 7.5E-06, 7.4E-06, 4.3E-06, 8.1E-07, 5.5E-07, 4.9E-07, 1.7E-05, 4.4E-06, 2.4E-06, 9.8E-07, 5.7E-07, 9.5E-07, 2.4E+01, 5.1E+01, 4.2E+01, 3.6E+01, 3.1E+01, 2.7E+01, 2.4E+01, 2.1E+01, 1.8E+01, 7.7E+00, 7.7E+00, 7.7E+00, 1.9E+01, 1.9E+01, 1.9E+01, 1.9E+01, 1.9E+01, 1.9E+01, 1.9E+01, 1.9E+01, 1.5E-07, 4.8E-04, 1.1E-06, 3.6E-09, 1.0E+02, 1.0E+02, 1.0E+02, 1.0E+02, 1.0E+02, 1.0E+02, 1.0E+02, 1.0E+02, 1.0E+02, 1.0E+02, 1.0E+02, 1.0E+02, 1.0E+02, 1.0E+02, 1.0E+02, 1.0E+02, 1.0E+02, 1.0E+02, 1.0E+02, 1.0E+02, 1.0E+02, 1.3E+02, 1.3E+02, 1.3E+02, 1.3E+02, 1.3E+02, 1.3E+02, 5.8E-06, 3.6E-06, 9.0E-06, 5.6E-06, 2.5E-06, 2.1E-06, 1.4E-05, 6.6E-07, 3.5E-06, 7.6E-06, 1.6E-05, 2.6E-05, 4.6E-05, 3.1E-06, 4.1E-05, 9.8E-07, 2.1E-06, 3.7E-06, 4.0E-06, 4.4E-06, 4.7E-06, 4.6E-06, 4.1E-06, 4.4E-06, 1.3E-06, 1.1E-06, 6.3E-05, 3.5E-05, 2.6E-05, 1.8E-05, 8.2E-06, 7.0E-06, 7.7E+00, 1.3E+02, 1.3E+02, 1.3E+02, 1.3E+02, 1.3E+02, 1.3E+02, 1.3E+02, 1.3E+02, 1.3E+02, 1.3E+02, 1.3E+02, 1.3E+02, 1.3E+02, 1.3E+02, 1.3E+02, 1.3E+02, 1.3E+02, 1.3E+02, 1.3E+02, 1.3E+02, 1.3E+02, 1.9E+01, 1.9E+01, 1.9E+01, 1.1E-05, 9.8E-08, 5.4E-07, 1.1E-07, 1.4E-07, 2.4E-06, 5.9E-06, 8.4E-07, 1.6E-06, 1.3E-06, 1.7E-05, 1.6E-06, 1.2E-05, 2.8E-05, 3.8E-05, 1.7E-06, 2.5E-05, 5.8E-05, 2.4E-06, 5.4E-06, 9.9E-06, 2.5E-05, 3.3E-06, 5.0E-06, 1.6E-06, 1.8E-06, 1.7E-06, 1.7E-06, 1.7E-06, 1.2E-06, 1.2E-06, 1.3E-06, 1.1E-05, 1.0E-06, 1.5E-05, 1.2E-05, 6.6E-06, 2.3E-08, 4.6E-05, 3.8E-07, 2.0E-05, 1.1E-05, 5.0E-06, 1.5E-06, 1.2E-06, 1.6E-06, 3.1E-06, 9.3E-07, 2.8E-07, 1.1E-06, 3.6E+01, 1.3E+02, 1.3E+02, 1.3E+02, 1.3E+02, 1.3E+02, 1.3E+02, 1.3E+02, 1.0E+02, 1.7E-06, 1.7E-01, 5.6E+00, 6.6E+00, 6.4E+00, 6.9E+00, 7.6E+00, 8.1E+00, 8.3E+00, 8.7E+00, 8.3E+00, 9.5E+00, 1.0E+01, 1.1E+01, 1.1E+01, 1.2E+01, 1.4E+01, 1.5E+01, 1.6E+01, 1.8E+01, 1.9E+01, 1.9E+01, 2.8E+01, 5.5E+01, 1.4E+01, 3.3E+01, 3.3E+01, 3.3E+01, 3.2E+01, 2.8E+01, 2.8E+01, 2.7E+01, 2.6E+01, 2.5E+01, 2.7E+01, 2.5E+01, 2.5E+01, 2.5E+01, 2.6E+01, 2.4E+01, 2.4E+01, 2.7E+01, 2.5E+01, 2.5E+01, 2.5E+01, 2.5E+01, 2.5E+01, 2.5E+01, 2.5E+01, 2.5E+01, 2.5E+01, 2.6E+01, 2.3E+01, 2.8E+01, 2.4E+01, 2.6E+01, 2.5E+01, 2.5E+01, 9.8E+01, 1.8E-08, 4.4E-07, 1.0E+02, 1.0E+02, 1.0E+02, 1.0E+02, 1.0E+02, 1.0E+02, 1.0E+02, 1.0E+02, 1.3E+02, 1.3E+02, 1.3E+02, 1.3E+02, 1.3E+02, 1.3E+02, 1.3E+02, 1.3E+02, 1.3E+02, 1.3E+02, 1.3E+02, 1.3E+02, 1.3E+02, 7.2E+01, 1.9E+01, 1.9E+01, 1.9E+01, 1.9E+01, 1.9E+01, 1.9E+01, 1.9E+01, 1.9E+01, 1.9E+01, 1.9E+01, 3.9E-07, 1.6E-07, 1.1E-07, 9.4E-08, 9.8E-08, 1.0E-07, 1.1E-07, 1.2E-07, 1.3E-07, 1.3E-07, 1.3E-07, 1.4E-07, 6.4E-08, 6.9E-08, 7.7E-08, 8.4E-08, 9.2E-08, 1.0E-07, 1.1E-07, 1.7E-09, 2.0E-09, 2.5E-09, 4.5E-09, 3.8E-09, 6.7E-09, 1.2E-08, 1.4E-08, 3.5E-08, 3.8E-08, 3.8E-13, 3.3E-09, 1.9E-07, 1.5E-07, 2.7E-09, 4.6E-07, 7.6E-08, 2.7E-08, 1.1E-08, 9.2E-08, 1.8E-07, 1.7E-07, 3.5E-07, 9.8E+01, 1.0E+02, 1.0E+02, 1.0E+02, 1.0E+02, 1.0E+02, 1.0E+02, 1.0E+02, 9.7E+01, 1.9E-09, 1.0E+02, 1.0E+02, 1.0E+02, 1.0E+02, 1.3E+02, 1.3E+02, 1.3E+02, 1.3E+02, 1.3E+02, 1.3E+02, 1.3E+02, 1.3E+02, 1.3E+02, 1.3E+02, 1.3E+02, 1.3E+02, 1.3E+02, 1.3E+02, 1.9E+01, 1.9E+01, 1.9E+01, 1.9E+01, 1.9E+01, 1.9E+01, 1.9E+01, 2.7E-07, 1.6E-07, 1.2E-07, 1.1E-07, 1.0E-07, 1.0E-07, 1.0E-07, 8.8E-08, 8.3E-08, 4.1E-08, 4.3E-08, 4.5E-08, 4.8E-08, 5.2E-08, 5.6E-08, 6.1E-08, 6.5E-08, 7.1E-08, 7.7E-08, 8.3E-08, 8.9E-08, 9.4E-08, 1.0E-07, 1.1E-07, 1.3E-07, 2.1E-09, 3.0E-09, 4.0E-09, 3.5E-09, 4.1E-09, 7.4E-09, 7.8E-09, 1.8E-08, 2.1E-08, 4.4E-08, 4.1E-08, 1.1E-05, 1.8E-10, 7.8E-09, 2.6E-07, 7.9E-07, 2.2E-08, 1.2E-07, 1.5E+00, 1.0E+02, 1.0E+02, 1.0E+02, 1.0E+02, 1.0E+02, 1.0E+02, 1.0E+02, 1.0E+02, 1.0E+02, 1.0E+02, 1.0E+02, 1.0E+02, 1.0E+02, 1.0E+02, 1.3E+02, 1.3E+02, 1.3E+02, 1.3E+02, 1.3E+02, 1.3E+02, 1.3E+02, 1.3E+02, 1.3E+02, 1.3E+02, 1.3E+02, 1.3E+02, 1.3E+02, 1.2E+01, 4.9E-07, 1.9E-06, 4.1E-06, 1.3E-05, 4.6E-06, 2.1E-06, 2.4E-06, 1.1E-05, 2.6E-05, 8.7E-07, 8.4E-06, 1.4E-05, 1.2E-05, 2.1E-05, 2.5E-05, 3.1E-05, 4.0E-05, 4.7E-05, 4.0E-05, 3.0E-05, 3.6E-05, 3.9E-05, 3.5E-05, 3.0E-05, 4.6E-05, 3.2E-05, 2.8E-05, 2.2E-05, 2.2E-05, 2.2E-05, 6.6E-06, 5.2E-06, 7.3E-07, 6.3E-07, 1.4E-05, 1.4E-06, 9.5E-07, 6.2E-07, 3.8E-07, 2.2E-06, 5.2E-07, 3.4E-07, 7.7E+00, 7.7E+00, 7.7E+00, 7.7E+00, 7.7E+00, 7.7E+00, 7.7E+00, 3.0E-08, 8.0E-07, 6.2E-07, 3.1E-09, 7.3E+01, 1.0E+02, 1.0E+02, 1.0E+02, 1.0E+02, 1.0E+02, 1.0E+02, 1.0E+02, 1.0E+02, 1.0E+02, 1.4E+01, 2.9E+00, 5.1E+00, 5.7E+00, 5.8E+00, 6.5E+00, 7.3E+00, 7.9E+00, 8.4E+00, 8.0E+00, 9.5E+00, 1.0E+01, 1.1E+01, 1.1E+01, 1.3E+01, 1.4E+01, 1.4E+01, 1.6E+01, 1.8E+01, 1.9E+01, 2.2E+01, 2.5E+01, 2.7E+01, 2.6E+01, 4.4E+01, 2.3E+01, 4.0E+01, 2.8E+01, 3.1E+01, 2.8E+01, 2.7E+01, 2.7E+01, 2.5E+01, 2.5E+01, 2.7E+01, 2.2E+01, 2.9E+01, 2.0E+01, 3.1E+01, 2.3E+01, 2.5E+01, 1.0E+02, 1.0E+02, 1.0E+02, 1.0E+02, 1.0E+02, 1.0E+02, 1.0E+02, 1.0E+02, 1.3E+02, 1.3E+02, 1.3E+02, 1.3E+02, 1.3E+02, 1.3E+02, 1.3E+02, 1.3E+02, 1.3E+02, 1.3E+02, 1.3E+02, 1.3E+02, 1.9E+01, 1.9E+01, 1.9E+01, 1.9E+01, 2.9E-07, 1.7E-07, 1.1E-07, 9.1E-08, 8.9E-08, 8.8E-08, 8.9E-08, 9.5E-08, 1.0E-07, 9.8E-08, 1.0E-07, 1.0E-07, 8.2E-08, 7.9E-08, 8.0E-08, 1.5E-07, 1.7E-07, 2.6E-07, 3.2E-06, 3.7E-06, 1.7E-07, 1.0E-07, 1.0E-06, 3.0E-06, 2.4E-06, 3.8E-06, 5.4E-06, 1.0E-05, 1.7E-05, 2.4E-07, 3.0E-07, 3.2E-07, 2.9E-07, 4.5E-07, 2.1E-07, 1.2E-05, 6.6E-06, 4.8E-06, 5.0E-06, 2.0E-06, 2.8E-06, 1.3E-06, 1.3E+01, 1.3E+02, 1.2E+02, 1.1E+02, 1.1E+02, 1.0E+02, 8.8E+01, 7.0E+01, 9.3E-07, 1.4E+01, 1.9E+01, 1.9E+01, 1.9E+01, 1.9E+01, 1.9E+01, 1.9E+01, 5.3E-09, 9.2E-10, 4.7E-07, 9.0E-07, 2.3E-08, 1.0E+02, 1.0E+02, 1.0E+02, 1.0E+02, 1.0E+02, 1.0E+02, 1.0E+02, 1.0E+02, 1.0E+02, 1.0E+02, 1.0E+02, 1.0E+02, 1.0E+02, 1.0E+02, 1.0E+02, 1.3E+02, 1.3E+02, 1.3E+02, 1.3E+02, 1.3E+02, 1.3E+02, 1.3E+02, 1.3E+02, 4.2E-06, 2.6E-07, 2.6E-07, 3.0E-06, 3.2E-06, 8.7E-06, 4.3E-07, 1.3E-06, 1.8E-06, 2.0E-06, 1.9E-06, 5.4E-06, 8.7E-06, 1.4E-05, 1.8E-05, 2.1E-05, 2.3E-05, 2.3E-05, 2.2E-05, 2.3E-05, 2.2E-05, 1.8E-05, 1.4E-05, 5.9E-06, 1.7E-06, 1.4E-06, 1.1E-06, 8.5E-07, 3.5E-07, 2.6E-07, 1.6E-07, 2.8E-06, 1.4E-07, 1.7E-07, 5.4E-06, 7.7E+00, 1.9E+01, 1.3E+02, 1.3E+02, 1.3E+02, 1.3E+02, 1.3E+02, 1.3E+02, 1.3E+02, 1.3E+02, 1.3E+02, 1.3E+02, 1.3E+02, 1.3E+02, 1.3E+02, 1.3E+02, 1.3E+02, 1.3E+02, 1.3E+02, 1.3E+02, 1.3E+02, 1.3E+02, 1.3E+02, 1.3E+02, 1.9E+01, 1.0E-05, 5.9E-07, 2.0E-07, 1.6E-07, 1.7E-07, 1.7E-07, 3.7E-06, 3.2E-06, 9.6E-06, 3.0E-06, 4.2E-06, 6.1E-07, 2.6E-06, 3.2E-06, 2.0E-05, 1.0E-06, 1.1E-05, 1.5E-05, 2.8E-05, 5.1E-06, 4.5E-05, 2.3E-06, 5.6E-06, 1.3E-05, 5.1E-05, 1.6E-06, 5.9E-05, 1.7E-06, 1.4E-06, 1.6E-06, 1.5E-06, 1.5E-06, 1.4E-06, 1.4E-06, 1.2E-06, 1.3E-06, 5.0E-05, 1.7E-05, 1.1E-06, 6.4E-06, 1.6E-06, 2.5E-05, 2.4E-05, 1.6E-05, 7.4E-06, 3.6E-06, 1.2E-06, 6.5E-07, 1.2E-05, 7.8E-07, 5.5E-07, 1.3E-06, 2.1E+01, 1.3E+02, 1.3E+02, 1.3E+02, 1.3E+02, 1.3E+02, 1.3E+02, 1.3E+02, 1.2E+02, 8.1E-07, 1.3E-06, 2.8E+00, 6.4E+00, 6.4E+00, 6.6E+00, 7.4E+00, 8.0E+00, 8.3E+00, 7.9E+00, 8.9E+00, 9.5E+00, 1.0E+01, 1.0E+01, 1.2E+01, 1.2E+01, 1.4E+01, 1.5E+01, 1.5E+01, 1.9E+01, 2.2E+01, 2.1E+01, 2.8E+01, 1.9E+01, 5.3E+01, 1.6E+01, 3.7E+01, 3.4E+01, 3.2E+01, 2.9E+01, 2.5E+01, 3.1E+01, 2.5E+01, 2.7E+01, 2.3E+01, 2.8E+01, 2.2E+01, 2.9E+01, 2.3E+01, 2.6E+01, 2.3E+01, 2.7E+01, 2.4E+01, 2.6E+01, 2.4E+01, 2.6E+01, 2.5E+01, 2.5E+01, 2.5E+01, 2.5E+01, 2.5E+01, 2.5E+01, 2.5E+01, 2.5E+01, 2.6E+01, 2.5E+01, 2.6E+01, 9.8E+01, 1.5E-08, 1.0E+02, 1.0E+02, 1.3E+02, 1.3E+02, 1.3E+02, 1.3E+02, 1.3E+02, 1.3E+02, 1.3E+02, 1.3E+02, 1.3E+02, 1.3E+02, 1.3E+02, 1.3E+02, 1.3E+02, 1.3E+02, 1.3E+02, 1.3E+02, 1.0E+02, 1.9E+01, 1.9E+01, 1.9E+01, 1.9E+01, 1.9E+01, 1.9E+01, 1.9E+01, 1.9E+01, 1.9E+01, 1.9E+01, 1.9E+01, 1.9E+01, 1.1E-06, 2.0E-07, 1.3E-07, 1.1E-07, 1.1E-07, 1.1E-07, 1.1E-07, 1.2E-07, 1.1E-07, 1.2E-07, 1.3E-07, 1.3E-07, 1.4E-07, 1.4E-07, 1.7E-08, 2.6E-08, 8.5E-08, 9.3E-08, 3.2E-07, 2.9E-06, 3.4E-06, 6.6E-08, 1.0E-07, 4.2E-07, 2.5E-06, 3.1E-06, 2.9E-06, 2.2E-06, 3.2E-06, 3.7E-06, 4.1E-06, 4.2E-06, 4.1E-06, 4.1E-06, 3.0E-06, 2.1E-06, 1.3E+02, 1.3E+02, 1.3E+02, 1.3E+02, 1.3E+02, 1.3E+02, 1.3E+02, 1.3E+02, 1.3E+02, 1.3E+02, 1.3E+02, 1.3E+02, 1.3E+02, 1.3E+02, 1.3E+02, 1.3E+02, 1.3E+02, 1.3E+02, 1.3E+02, 1.3E+02, 1.3E+02, 1.9E+01, 1.9E+01, 1.9E+01, 1.9E+01, 1.9E+01, 1.9E+01, 1.9E+01, 1.9E+01, 1.9E+01, 1.9E+01, 1.9E+01, 1.9E+01, 1.9E+01, 1.9E+01, 1.9E+01, 1.9E+01, 3.6E-08, 3.8E-08, 4.0E-08, 4.2E-08, 4.5E-08, 4.7E-08, 5.1E-08, 5.5E-08, 5.9E-08, 6.3E-08, 6.6E-08, 7.0E-08, 7.5E-08, 8.0E-08, 8.6E-08, 9.2E-08, 9.9E-08, 1.1E-07, 1.4E-07, 2.5E-09, 3.9E-09, 2.9E-09, 5.5E-09, 7.6E-09, 1.6E-08, 2.3E-08, 4.7E-09, 2.0E-08, 5.3E-08, 2.5E-08, 6.5E-08, 1.8E-07, 1.1E-08, 1.0E-07, 2.3E-07, 4.7E-07, 1.2E-06, 1.0E+02, 1.0E+02, 1.0E+02, 1.0E+02, 1.0E+02, 1.0E+02, 1.0E+02, 1.0E+02, 1.0E+02, 1.3E+02, 1.3E+02, 1.3E+02, 1.3E+02, 1.3E+02, 1.3E+02, 1.3E+02, 1.3E+02, 1.3E+02, 1.3E+02, 1.3E+02, 1.3E+02, 1.3E+02, 1.3E+02, 1.3E+02, 7.6E+01, 1.9E+01, 1.9E+01, 1.9E+01, 1.9E+01, 1.9E+01, 1.9E+01, 1.9E+01, 1.9E+01, 1.9E+01, 1.9E+01, 1.9E+01, 1.9E+01, 1.9E+01, 1.5E-05, 3.0E-07, 9.2E-08, 1.0E-07, 1.9E-06, 5.8E-06, 6.8E-07, 1.6E-06, 3.7E-06, 2.8E-05, 2.2E-06, 2.4E-05, 2.4E-05, 3.9E-05, 2.6E-05, 8.8E-07, 2.7E-06, 7.2E-06, 3.5E-05, 2.2E-06, 4.7E-06, 1.5E-06, 1.5E-06, 1.9E-06, 2.2E-06, 2.4E-06, 2.5E-06, 2.0E-07, 2.3E-07, 2.2E-07, 1.9E-07, 3.8E-09, 1.7E-07, 2.1E-07, 6.0E-09, 1.1E-08, 1.6E-08, 1.6E-08, 4.1E-08, 5.6E-08, 9.0E-09, 8.1E-07, 1.1E-07, 7.8E-07, 1.3E-06, 1.7E-06, 1.5E-05, 8.9E-07, 2.4E-06, 1.5E-06, 1.1E+01, 1.3E+02, 1.3E+02, 1.3E+02, 1.3E+02, 1.3E+02, 1.3E+02, 1.3E+02, 1.3E+02, 1.3E+02, 1.0E+02, 6.0E-07, 5.4E-07, 2.3E-07, 1.3E-06, 2.3E-07, 2.4E-07, 1.9E-07, 2.0E-07, 4.4E-07, 3.2E-07, 1.7E-06, 2.6E-07, 3.9E-07, 2.3E-06, 4.2E-07, 8.5E-01, 1.5E+01, 1.4E+01, 1.5E+01, 1.6E+01, 1.8E+01, 1.8E+01, 2.4E+01, 2.3E+01, 4.0E+01, 2.3E+01, 5.2E+01, 3.4E+01, 3.7E+01, 3.3E+01, 3.0E+01, 2.9E+01, 2.6E+01, 2.8E+01, 2.6E+01, 2.3E+01, 2.7E+01, 2.2E+01, 2.7E+01, 2.3E+01, 2.5E+01, 2.5E+01, 2.5E+01, 2.5E+01, 2.5E+01, 2.5E+01, 9.7E+01, 1.6E-05, 4.3E-09, 1.4E-10, 6.2E-08, 7.7E-10, 1.0E+02, 1.0E+02, 1.0E+02, 1.0E+02, 1.0E+02, 1.0E+02, 1.0E+02, 1.3E+02, 1.3E+02, 1.3E+02, 1.3E+02, 1.3E+02, 1.3E+02, 1.3E+02, 1.3E+02, 1.3E+02, 1.3E+02, 1.3E+02, 1.3E+02, 1.3E+02, 1.3E+02, 1.9E+01, 1.9E+01, 1.9E+01, 1.9E+01, 1.9E+01, 1.9E+01, 1.9E+01, 1.9E+01, 1.9E+01, 1.9E+01, 1.9E+01, 1.9E+01, 5.1E-06, 8.6E-07, 2.5E-07, 2.0E-07, 1.8E-07, 1.8E-07, 1.7E-07, 1.8E-07, 2.0E-07, 2.2E-07, 2.3E-07, 2.3E-07, 2.3E-07, 2.0E-07, 1.8E-07, 1.6E-07, 5.2E-08, 7.0E-08, 9.5E-08, 1.0E-07, 7.8E-08, 5.0E-07, 3.2E-06, 3.7E-06, 3.2E-06, 2.7E-06, 4.1E-06, 5.5E-06, 6.6E-06, 9.5E-08, 8.1E-08, 3.1E-07, 9.7E-08, 1.7E-08, 4.0E-08, 2.6E-07, 1.3E-07, 2.8E-08, 1.7E-08, 4.5E-07, 3.5E+01, 1.0E+02, 1.0E+02, 1.0E+02, 1.0E+02, 1.0E+02, 1.0E+02, 1.0E+02, 1.0E+02, 1.0E+02, 1.0E+02, 1.0E+02, 1.0E+02, 1.0E+02, 1.0E+02, 1.0E+02, 1.0E+02, 1.0E+02, 1.0E+02, 1.0E+02, 1.0E+02, 1.3E+02, 1.3E+02, 1.3E+02, 1.3E+02, 1.3E+02, 1.3E+02, 1.3E+02, 1.3E+02, 1.3E+02, 1.3E+02, 2.8E-05, 2.4E-07, 3.7E-06, 3.9E-05, 3.7E-05, 2.9E-05, 3.1E-06, 5.4E-06, 7.9E-06, 1.8E-05, 2.4E-05, 2.6E-05, 1.5E-05, 2.1E-05, 2.2E-05, 1.7E-05, 1.1E-05, 7.0E-06, 4.1E-06, 2.2E-06, 1.1E-06, 2.1E-05, 2.9E-05, 2.1E-05, 1.3E-05, 5.3E-06, 2.6E-06, 4.2E-07, 6.3E-06, 5.8E-07, 1.3E+02, 1.3E+02, 1.3E+02, 1.3E+02, 1.3E+02, 1.3E+02, 1.3E+02, 1.3E+02, 1.3E+02, 1.3E+02, 1.3E+02, 1.3E+02, 1.3E+02, 1.3E+02, 1.3E+02, 1.3E+02, 1.3E+02, 1.9E+01, 1.9E+01, 1.9E+01, 1.9E+01, 1.9E+01, 1.9E+01, 1.9E+01, 1.9E+01, 6.6E-08, 6.5E-08, 6.6E-08, 6.9E-08, 7.2E-08, 7.5E-08, 7.8E-08, 8.3E-08, 8.6E-08, 8.9E-08, 9.2E-08, 9.6E-08, 9.9E-08, 1.0E-07, 1.1E-07, 1.1E-07, 1.1E-07, 2.0E-09, 2.3E-09, 2.7E-09, 3.2E-09, 4.5E-09, 6.2E-09, 6.4E-09, 3.2E-09, 4.2E-09, 6.3E-09, 1.6E-08, 1.0E-08, 1.6E-08, 2.1E-08, 4.9E-08, 6.4E-09, 4.8E-09, 1.3E-08, 3.0E-06, 1.6E-06, 2.1E-06, 2.4E-06, 2.4E-06, 1.4E-06, 2.2E-06, 1.2E-06, 3.8E-06, 1.1E-06, 1.6E-05, 1.1E+02, 1.3E+02, 1.3E+02, 1.3E+02, 1.3E+02, 1.3E+02, 1.3E+02, 1.3E+02, 5.1E+01, 1.7E-05, 3.6E+00, 5.3E+00, 6.5E+00, 6.7E+00, 6.7E+00, 7.5E+00, 8.0E+00, 1.9E+01, 1.9E+01, 1.9E+01, 1.8E-06, 4.8E-07, 1.7E-07, 2.3E-08, 9.0E-07, 1.3E+00, 2.5E+01, 2.0E+01, 2.3E+01, 2.8E+01, 2.6E+01, 2.3E+01, 5.1E+01, 2.3E+01, 4.2E+01, 2.8E+01, 3.2E+01, 2.9E+01, 2.8E+01, 2.7E+01, 2.7E+01, 2.5E+01, 2.5E+01, 2.6E+01, 2.5E+01, 2.5E+01, 2.5E+01, 1.9E+01, 1.9E+01, 2.7E+01, 2.9E+01, 2.7E+01, 2.7E+01, 2.6E+01, 2.6E+01, 2.6E+01, 5.7E+01, 3.4E+00, 2.4E+01, 1.8E+01, 2.3E+01, 2.4E+01, 2.4E+01, 2.6E+01, 2.6E+01, 2.5E+01, 2.5E+01, 2.6E+01, 2.6E+01, 2.5E+01, 2.6E+01, 2.6E+01, 2.5E+01, 2.6E+01, 1.0E+02, 1.0E+02, 1.0E+02, 1.0E+02, 1.0E+02, 1.0E+02, 1.3E+02, 1.3E+02, 1.3E+02, 1.3E+02, 1.3E+02, 1.3E+02, 1.3E+02, 1.3E+02, 1.3E+02, 1.3E+02, 1.3E+02, 1.3E+02, 1.9E+01, 1.9E+01, 1.9E+01, 1.9E+01, 1.9E+01, 1.9E+01, 1.9E+01, 1.9E+01, 1.9E+01, 1.9E+01, 1.9E+01, 1.9E+01, 1.9E+01, 1.9E+01, 1.9E+01, 1.9E+01, 1.6E-06, 2.2E-07, 1.4E-07, 1.2E-07, 4.6E-08, 4.9E-08, 5.3E-08, 6.0E-08, 6.6E-08, 7.3E-08, 8.1E-08, 8.9E-08, 9.7E-08, 1.0E-07, 1.6E-09, 1.9E-09, 2.4E-09, 4.1E-09, 3.9E-09, 4.9E-09, 1.4E-08, 1.0E-08, 1.8E-08, 7.4E-08, 6.9E-08, 1.9E-08, 1.8E-07, 8.1E-08, 4.0E-07, 2.9E-07, 1.2E-07, 1.1E-07, 1.4E-08, 7.6E-07, 3.3E-08, 2.1E-10, 4.0E-07, 2.0E+01, 1.0E+02, 1.0E+02, 1.0E+02, 1.0E+02, 1.0E+02, 1.0E+02, 1.0E+02, 1.0E+02, 1.0E+02, 1.7E+01, 3.5E+00, 5.1E+00, 5.9E+00, 1.0E+02, 1.0E+02, 1.0E+02, 1.0E+02, 1.0E+02, 1.0E+02, 1.0E+02, 1.0E+02, 1.0E+02, 1.0E+02, 1.0E+02, 1.0E+02, 1.3E+02, 1.3E+02, 1.3E+02, 1.3E+02, 1.3E+02, 1.3E+02, 1.3E+02, 1.3E+02, 1.3E+02, 1.3E+02, 6.7E-07, 1.8E-07, 1.4E-07, 3.2E-06, 2.7E-06, 1.2E-07, 2.4E-06, 3.4E-06, 4.6E-07, 1.0E-05, 2.0E-06, 1.2E-05, 5.3E-07, 9.8E-06, 2.1E-05, 2.5E-05, 3.7E-05, 4.3E-06, 4.2E-05, 1.8E-06, 4.2E-06, 7.8E-06, 7.6E-06, 1.5E-05, 2.6E-05, 2.8E-05, 2.9E-05, 2.2E+01, 2.8E+01, 2.5E+01, 7.7E+00, 7.7E+00, 1.5E+01, 2.2E+01, 2.0E+01, 2.0E+01, 7.7E+00, 7.7E+00, 7.7E+00, 7.7E+00, 7.7E+00, 7.7E+00, 7.7E+00, 7.7E+00, 1.2E-06, 4.4E-07, 1.9E+01, 1.9E+01, 1.9E+01, 1.3E+02, 1.3E+02, 1.3E+02, 1.3E+02, 1.3E+02, 1.3E+02, 1.3E+02, 1.3E+02, 1.3E+02, 1.3E+02, 1.3E+02, 1.3E+02, 1.3E+02, 1.3E+02, 1.3E+02, 1.3E+02, 1.3E+02, 1.3E+02, 1.3E+02, 1.9E+01, 1.9E+01, 1.0E-05, 2.8E-07, 3.9E-07, 2.8E-06, 1.4E-07, 1.2E-06, 4.5E-06, 2.3E-06, 1.4E-06, 1.6E-05, 1.6E-05, 8.2E-07, 7.7E+00, 7.7E+00, 7.7E+00, 7.7E+00, 7.7E+00, 7.7E+00, 7.7E+00, 7.7E+00, 7.7E+00, 7.7E+00, 2.0E-05, 2.3E-06, 1.5E-05, 4.9E-06, 3.6E-06, 1.8E-06, 1.5E-06, 1.5E-06, 1.4E-06, 1.3E-06, 9.2E-07, 2.3E-05, 1.6E-05, 8.7E-07, 8.3E-06, 2.1E-06, 5.6E-05, 5.5E-05, 2.5E-07, 3.6E-07, 1.0E-05, 5.6E-06, 1.3E-06, 5.9E-07, 2.2E-05, 1.8E-06, 1.4E-06, 1.7E-06, 1.7E-06, 8.1E-07, 4.9E-07, 4.3E-07, 1.9E+01, 4.9E+01, 1.3E+02, 1.3E+02, 1.3E+02, 1.3E+02, 1.3E+02, 1.3E+02, 1.3E+02, 1.3E+02, 3.2E+01, 3.1E-06, 3.0E-06, 2.2E-06, 7.9E-01, 5.5E+00, 6.2E+00, 6.3E+00, 6.6E+00, 7.6E+00, 7.6E+00, 7.9E+00, 8.7E+00, 9.2E+00, 9.5E+00, 1.1E+01, 1.1E+01, 1.2E+01, 1.3E+01, 1.6E+01, 1.6E+01, 1.8E+01, 2.1E+01, 1.9E+01, 3.1E+01, 2.5E+01, 3.8E+01, 4.7E+01, 2.1E+01, 4.0E+01, 2.8E+01, 2.9E+01, 2.8E+01, 2.7E+01, 2.6E+01, 2.6E+01, 2.2E+01, 2.6E+01, 2.6E+01, 2.5E+01, 2.3E+01, 2.7E+01, 2.5E+01, 2.4E+01, 2.5E+01, 2.5E+01, 2.5E+01, 2.4E+01, 2.6E+01, 2.5E+01, 1.0E+02, 1.0E+02, 1.0E+02, 1.0E+02, 1.0E+02, 1.0E+02, 1.0E+02, 1.0E+02, 1.0E+02, 1.0E+02, 1.0E+02, 1.0E+02, 1.0E+02, 1.0E+02, 1.0E+02, 1.0E+02, 1.3E+02, 1.3E+02, 1.3E+02, 1.3E+02, 1.3E+02, 1.3E+02, 1.3E+02, 1.1E+02, 2.8E-07, 1.5E-07, 1.2E-07, 1.0E-07, 9.8E-08, 9.6E-08, 8.5E-08, 8.3E-08, 8.1E-08, 7.9E-08, 7.1E-08, 7.0E-08, 7.3E-08, 1.4E-07, 1.9E-07, 2.2E-07, 2.7E-06, 3.2E-06, 4.3E-06, 3.9E-07, 9.3E-07, 3.1E-06, 3.1E-06, 3.0E-06, 2.6E-06, 3.5E-06, 4.0E-06, 4.6E-06, 8.5E-06, 4.5E-06, 1.8E-05, 2.6E+01, 2.2E+01, 2.2E+01, 1.5E+01, 1.5E+01, 1.0E+01, 4.3E+00, 9.2E-01, 1.5E-06, 2.5E-06, 3.2E-06, 1.6E-07, 5.8E-08, 8.3E-08, 9.1E-08, 8.4E+01, 1.0E+02, 8.6E+01, 7.9E+01, 7.7E+01, 5.3E+01, 7.1E+01, 7.7E+00, 2.1E+01, 1.8E+01, 1.9E+01, 2.7E+01, 1.5E+01, 2.1E+01, 2.1E+01, 2.2E+01, 1.0E+02, 1.0E+02, 1.0E+02, 1.0E+02, 1.0E+02, 1.0E+02, 1.0E+02, 1.3E+02, 1.3E+02, 1.3E+02, 1.3E+02, 1.3E+02, 1.3E+02, 1.3E+02, 1.3E+02, 1.3E+02, 1.3E+02, 1.3E+02, 1.3E+02, 1.3E+02, 1.3E+02, 1.3E+02, 1.3E+02, 1.9E+01, 1.9E+01, 3.6E-07, 1.9E-07, 1.9E-07, 1.5E-07, 1.2E-07, 8.3E-08, 8.1E-08, 9.3E-08, 1.1E-07, 4.2E-06, 4.4E-06, 4.5E-06, 7.2E-07, 4.8E-06, 3.9E-06, 2.4E-05, 5.2E-06, 2.3E-06, 7.2E-06, 1.7E-05, 1.4E-06, 7.1E-06, 1.0E-05, 1.1E-05, 2.2E-05, 2.5E-05, 2.8E-05, 4.8E-05, 3.7E-06, 4.6E-05, 4.8E-05, 4.7E-05, 4.7E-05, 4.5E-05, 3.0E-05, 2.8E-05, 2.2E-05, 4.3E-05, 1.3E-05, 1.5E-05, 6.9E-06, 1.5E-06, 5.8E-07, 2.6E-05, 1.3E+02, 1.3E+02, 1.3E+02, 1.3E+02, 1.3E+02, 1.3E+02, 1.3E+02, 1.3E+02, 1.3E+02, 1.3E+02, 1.3E+02, 1.3E+02, 1.3E+02, 1.3E+02, 1.3E+02, 1.3E+02, 1.3E+02, 1.3E+02, 1.3E+02, 1.3E+02, 1.3E+02, 1.3E+02, 1.3E+02, 1.3E+02, 1.1E+02, 1.9E+01, 2.3E-06, 1.7E-07, 2.7E-07, 9.2E-08, 1.0E-07, 2.1E-06, 5.6E-06, 8.5E-07, 1.9E-06, 9.7E-06, 4.8E-07, 1.4E-05, 2.5E-05, 3.9E-05, 3.2E-05, 7.1E-07, 4.5E-06, 2.5E-05, 1.4E-06, 2.9E-06, 1.6E-06, 2.2E-06, 2.6E-06, 2.7E-06, 2.7E-06, 3.2E-06, 4.1E-08, 4.6E-08, 4.4E-08, 4.5E-08, 4.4E-08, 4.4E-08, 4.5E-08, 3.3E-06, 3.1E-06, 2.8E-06, 2.5E-06, 2.6E-06, 1.8E-06, 1.3E-06, 6.0E-06, 5.5E-06, 1.5E-06, 3.1E-06, 2.1E-07, 1.8E-05, 2.0E-06, 2.9E-06, 1.4E-05, 1.0E-05, 3.6E-06, 1.5E-06, 6.6E-07, 5.4E+01, 1.3E+02, 1.3E+02, 1.3E+02, 1.3E+02, 1.3E+02, 1.3E+02, 1.3E+02, 7.8E+01, 2.7E-06, 3.2E+00, 6.0E+00, 6.5E+00, 6.6E+00, 7.2E+00, 7.5E+00, 8.1E+00, 8.3E+00, 9.0E+00, 9.6E+00, 9.3E+00, 1.1E+01, 1.2E+01, 1.2E+01, 1.3E+01, 1.4E+01, 7.7E+00, 3.0E+01, 1.5E+01, 2.3E+01, 2.2E+01, 2.2E+01, 3.9E+01, 3.1E+01, 3.2E+01, 3.4E+01, 3.0E+01, 2.9E+01, 2.6E+01, 3.2E+01, 2.5E+01, 2.7E+01, 2.9E+01, 2.3E+01, 2.5E+01, 2.8E+01, 1.6E+01, 3.0E+01, 2.5E+01, 2.6E+01, 2.5E+01, 3.2E+01, 1.0E+02, 1.0E+02, 1.0E+02, 1.0E+02, 1.0E+02, 1.0E+02, 1.0E+02, 1.0E+02, 1.0E+02, 1.0E+02, 1.0E+02, 1.0E+02, 1.3E+02, 1.3E+02, 1.3E+02, 1.3E+02, 1.3E+02, 1.3E+02, 1.3E+02, 1.3E+02, 1.3E+02, 1.3E+02, 1.1E+02, 1.9E+01, 1.9E+01, 1.9E+01, 2.9E-07, 1.3E-07, 9.7E-08, 8.2E-08, 7.3E-08, 6.9E-08, 6.7E-08, 6.9E-08, 7.3E-08, 7.7E-08, 8.8E-08, 9.8E-08, 1.1E-07, 1.2E-07, 1.2E-07, 1.1E-07, 1.1E-07, 1.1E-07, 1.8E-07, 2.5E-07, 2.7E-07, 3.0E-08, 6.4E-08, 5.4E-08, 7.7E-08, 1.1E-07, 7.5E-07, 2.5E-06, 2.8E-06, 3.9E-06, 3.3E-06, 3.6E-06, 7.4E-06, 6.4E-06, 1.1E-05, 4.7E-06, 4.5E-06, 8.1E-06, 3.7E-06, 6.1E-06, 4.3E-06, 8.9E-07, 4.2E-06, 1.3E+02, 1.3E+02, 1.3E+02, 1.3E+02, 1.3E+02, 1.3E+02, 1.3E+02, 1.3E+02, 1.3E+02, 1.3E+02, 1.3E+02, 1.3E+02, 1.3E+02, 1.3E+02, 1.3E+02, 1.3E+02, 1.3E+02, 1.3E+02, 1.3E+02, 1.3E+02, 1.3E+02, 1.3E+02, 1.3E+02, 1.3E+02, 8.2E+01, 1.9E+01, 1.9E+01, 1.9E+01, 1.9E+01, 1.9E+01, 1.9E+01, 1.9E+01, 1.9E+01, 1.9E+01, 1.9E+01, 1.9E+01, 2.3E-08, 2.6E-08, 3.1E-08, 3.6E-08, 4.2E-08, 4.9E-08, 5.7E-08, 6.5E-08, 8.0E-08, 9.5E-08, 1.1E-07, 1.3E-07, 1.2E-07, 1.3E-07, 1.5E-07, 1.7E-07, 2.0E-07, 3.9E-09, 5.8E-09, 7.5E-09, 1.1E-08, 2.7E-08, 1.3E-08, 9.3E-09, 1.3E-08, 1.7E-08, 1.8E-08, 2.8E-08, 2.1E-09, 7.4E-07, 2.2E-08, 1.4E-07, 6.5E-08, 1.4E-07, 3.1E-07, 1.0E-07, 1.6E-08, 5.1E-08, 5.5E-08, 2.9E-08, 2.7E-10, 5.3E-07, 1.2E-05, 4.2E+00, 1.3E+02, 1.3E+02, 1.3E+02, 1.3E+02, 1.3E+02, 1.3E+02, 1.0E+02, 1.0E+02, 1.0E+02, 1.0E+02, 1.0E+02, 1.0E+02, 1.0E+02, 1.0E+02, 1.0E+02, 1.0E+02, 1.0E+02, 1.0E+02, 1.3E+02, 1.3E+02, 1.3E+02, 1.3E+02, 1.3E+02, 1.3E+02, 1.3E+02, 7.7E+00, 7.7E+00, 7.7E+00, 8.7E-07, 1.5E-06, 1.9E-05, 7.2E-07, 2.6E-05, 4.2E-05, 3.4E-05, 9.0E-07, 5.2E-06, 3.0E-06, 2.2E-06, 2.6E-06, 2.7E-06, 1.3E-07, 5.4E-07, 4.1E-06, 3.3E-07, 8.5E-07, 2.0E-06, 5.4E-05, 3.6E-06, 2.0E-05, 3.5E-05, 3.5E-05, 3.9E-05, 3.7E-05, 3.9E-07, 3.8E-07, 3.7E-05, 3.4E-05, 3.8E-05, 3.6E-05, 2.0E-05, 1.1E-06, 6.2E-05, 4.9E-05, 1.4E-06, 1.1E-06, 1.1E-06, 5.1E-07, 5.9E-07, 9.6E-07, 1.8E-06, 5.3E-05, 7.9E-07, 8.8E-06, 1.2E-06, 4.0E-05, 4.2E-05, 4.2E-05, 4.1E-05, 7.7E+01, 1.3E+02, 1.3E+02, 1.3E+02, 1.3E+02, 1.3E+02, 1.3E+02, 1.3E+02, 1.1E+02, 4.8E-07, 4.7E-07, 4.3E-06, 1.6E-01, 6.2E+00, 5.9E+00, 6.3E+00, 7.2E+00, 7.8E+00, 1.9E+01, 1.9E+01, 1.9E+01, 1.9E+01, 1.9E+01, 1.9E+01, 1.9E+01, 1.9E+01, 1.9E+01, 1.9E+01, 6.2E-07, 1.0E-06, 7.5E-07, 1.7E-06, 8.9E-07, 7.7E+00, 7.7E+00, 7.7E+00, 7.7E+00, 7.7E+00, 7.7E+00, 1.6E+01, 1.3E+02, 1.3E+02, 7.8E+01, 4.0E+01, 2.3E+01, 1.9E+01, 1.1E+01, 1.5E+01, 1.4E+01, 1.8E+01, 1.9E+01, 1.2E+01, 2.7E+01, 2.3E+01, 2.4E+01, 2.4E+01, 2.3E+01, 3.2E+01, 1.9E+01, 2.2E+01, 2.3E+01, 2.5E+01, 9.8E+01, 2.7E-06, 6.7E-07, 1.8E-07, 1.3E-07, 1.9E+01, 1.9E+01, 1.9E+01, 1.9E+01, 1.9E+01, 1.3E+02, 1.3E+02, 1.3E+02, 1.3E+02, 1.3E+02, 1.3E+02, 1.3E+02, 1.3E+02, 1.3E+02, 1.3E+02, 1.3E+02, 1.3E+02, 1.3E+02, 1.3E+02, 1.3E+02, 1.3E+02, 1.3E+02, 1.3E+02, 1.3E+02, 1.9E+01, 1.9E+01, 1.9E+01, 1.9E+01, 1.9E+01, 1.9E+01, 1.9E+01, 1.9E+01, 1.9E+01, 1.9E+01, 1.9E+01, 1.9E+01, 1.9E+01, 1.9E+01, 1.9E+01, 1.9E+01, 1.9E+01, 1.9E+01, 1.9E+01, 1.9E+01, 1.9E+01, 1.9E+01, 5.9E-08, 1.5E-07, 3.9E-06, 4.7E-07, 2.1E-05, 3.3E-06, 2.3E-06, 2.0E-06, 1.5E-06, 1.1E-06, 2.1E-07, 2.1E-07, 2.2E-07, 2.3E-07, 2.3E-07, 2.4E-07, 2.6E-07, 1.0E-05, 3.0E-07, 8.5E-07, 6.0E-06, 3.4E-07, 4.6E-07, 7.1E-07, 4.6E-07, 1.0E-06, 4.9E-07, 8.1E-07, 3.3E-07, 1.5E-08, 7.7E+00, 7.7E+00, 7.7E+00, 1.3E+02, 1.3E+02, 1.3E+02, 1.3E+02, 1.3E+02, 1.3E+02, 1.3E+02, 1.3E+02, 1.3E+02, 1.3E+02, 1.3E+02, 1.3E+02, 1.3E+02, 1.3E+02, 1.3E+02, 1.3E+02, 1.3E+02, 1.3E+02, 1.3E+02, 1.3E+02, 1.3E+02, 1.3E+02, 1.3E+02, 1.3E+02, 5.2E+01, 3.7E-07, 2.4E-07, 2.1E-07, 2.0E-07, 2.0E-07, 2.0E-07, 2.1E-07, 2.2E-07, 2.3E-07, 2.4E-07, 2.4E-07, 2.6E-07, 2.7E-07, 2.9E-07, 3.1E-07, 2.3E-07, 2.4E-07, 1.9E+01, 1.9E+01, 1.9E+01, 1.9E+01, 1.9E+01, 1.9E+01, 1.9E+01, 1.9E+01, 1.9E+01, 1.9E+01, 1.9E+01, 1.9E+01, 1.9E+01, 1.9E+01, 1.9E+01, 1.9E+01, 1.9E+01, 2.8E-05, 7.7E+00, 7.7E+00, 7.7E+00, 7.7E+00, 2.0E-07, 1.0E-07, 8.3E-08, 1.4E-07, 2.3E-08, 1.9E-06, 1.9E+01, 1.9E+01, 1.3E+02, 1.3E+02, 1.3E+02, 1.3E+02, 1.3E+02, 1.3E+02, 1.3E+02, 1.3E+02, 1.3E+02, 1.3E+02, 1.3E+02, 1.3E+02, 1.3E+02, 1.3E+02, 1.3E+02, 1.3E+02, 1.3E+02, 1.3E+02, 1.0E+02, 5.2E-07, 3.3E-06, 3.6E-07, 1.2E-06, 2.6E-05, 5.7E-07, 2.4E-05, 3.1E-05, 3.1E-05, 8.6E-08, 8.2E-06, 3.8E-06, 2.2E-06, 2.6E-06, 2.6E-06, 1.3E-07, 3.5E-07, 2.5E-06, 2.8E-07, 2.0E-06, 9.7E-07, 1.0E-06, 1.0E-06, 4.7E-05, 5.5E-05, 5.6E-05, 9.6E-07, 8.3E-07, 6.0E-05, 2.4E-06, 9.4E-07, 5.3E-05, 1.2E-06, 8.6E-07, 7.7E-07, 4.6E-07, 8.3E-07, 7.7E+00, 5.1E-07, 3.1E-07, 7.7E+00, 7.7E+00, 2.8E-06, 7.5E-06, 4.9E-07, 5.2E-07, 1.0E-06, 4.0E-07, 5.1E-07, 6.9E-06, 2.0E-06, 1.0E-06, 5.1E-07, 4.2E-06, 7.7E+01, 1.3E+02, 1.3E+02, 1.3E+02, 1.3E+02, 1.3E+02, 1.3E+02, 1.3E+02, 1.1E+02, 5.5E-06, 1.3E-06, 6.2E-07, 1.8E-06, 4.2E+00, 6.6E+00, 6.2E+00, 6.9E+00, 7.7E+00, 7.8E+00, 8.0E+00, 8.7E+00, 9.3E+00, 1.0E+01, 9.9E+00, 1.1E+01, 1.2E+01, 1.3E+01, 1.4E+01, 1.6E+01, 1.8E+01, 2.1E+01, 1.6E+01, 4.3E+01, 1.4E+01, 3.6E+01, 4.8E+01, 2.3E+01, 4.0E+01, 2.7E+01, 3.0E+01, 2.6E+01, 2.7E+01, 2.5E+01, 2.9E+01, 2.4E+01, 2.6E+01, 2.5E+01, 2.5E+01, 2.5E+01, 3.1E+01, 2.0E+01, 2.5E+01, 2.4E+01, 2.5E+01, 1.8E+01, 1.3E+02, 1.3E+02, 1.3E+02, 1.3E+02, 1.3E+02, 1.3E+02, 1.3E+02, 1.3E+02, 1.3E+02, 1.3E+02, 1.3E+02, 1.3E+02, 1.3E+02, 1.3E+02, 1.3E+02, 1.3E+02, 1.3E+02, 1.3E+02, 1.3E+02, 1.3E+02, 1.1E+02, 1.9E+01, 1.9E+01, 1.9E+01, 1.9E+01, 1.9E+01, 1.9E+01, 1.9E+01, 1.9E+01, 1.9E+01, 1.8E-07, 9.8E-08, 7.8E-08, 7.0E-08, 6.6E-08, 6.9E-08, 7.4E-08, 7.9E-08, 8.8E-08, 9.0E-08, 1.0E-07, 1.1E-07, 1.1E-07, 1.2E-07, 1.3E-07, 1.4E-07, 1.4E-07, 1.6E-07, 1.0E-07, 1.4E-07, 1.0E-07, 1.6E-07, 2.7E-06, 3.2E-06, 4.7E-08, 6.9E-08, 1.0E-07, 1.4E-07, 7.7E-07, 2.3E-06, 2.8E-06, 3.0E-06, 3.1E-06, 3.2E-06, 3.1E-06, 2.8E-06, 2.2E-06, 8.9E-07, 3.2E-07, 2.1E-07, 1.1E-07, 5.5E-08, 1.4E-07, 5.5E-07, 5.0E+01, 1.0E+02, 1.0E+02, 1.0E+02, 1.0E+02, 1.0E+02, 1.0E+02, 1.0E+02, 1.0E+02, 8.9E+01, 3.8E-07, 4.8E+00, 1.0E+02, 1.0E+02, 1.0E+02, 1.0E+02, 1.0E+02, 1.0E+02, 1.0E+02, 1.0E+02, 1.0E+02, 1.0E+02, 1.0E+02, 1.0E+02, 1.0E+02, 1.0E+02, 1.0E+02, 1.0E+02, 1.0E+02, 1.0E+02, 1.3E+02, 1.3E+02, 7.7E+00, 1.3E-06, 2.3E-06, 9.2E-07, 3.0E-05, 1.3E-06, 2.5E-05, 3.4E-05, 7.0E-05, 1.4E-06, 6.5E-06, 5.2E-05, 2.2E-06, 1.6E-06, 1.8E-06, 2.4E-06, 2.8E-06, 1.6E-07, 1.7E-07, 1.7E-07, 1.6E-07, 2.4E-07, 5.5E-07, 3.5E-07, 3.2E-07, 2.3E-07, 5.8E-06, 5.1E-08, 4.7E-08, 3.5E-06, 2.9E-06, 2.5E-06, 1.9E-06, 1.2E-06, 2.0E-05, 8.5E-06, 1.9E-06, 7.0E-07, 1.9E-07, 2.8E-05, 1.3E-06, 2.9E-07, 3.0E-07, 5.4E-07, 5.0E-07, 2.6E-07, 7.7E+00, 1.3E+02, 1.3E+02, 1.3E+02, 1.3E+02, 1.3E+02, 1.3E+02, 1.3E+02, 1.3E+02, 1.3E+02, 1.3E+02, 1.3E+02, 1.3E+02, 1.3E+02, 1.3E+02, 1.3E+02, 1.3E+02, 1.3E+02, 1.3E+02, 1.3E+02, 1.3E+02, 1.3E+02, 1.3E+02, 1.3E+02, 5.9E+01, 7.7E+00, 7.7E+00, 7.7E+00, 1.5E-07, 1.4E-06, 3.6E-06, 1.1E-07, 5.0E-07, 4.3E-06, 1.2E-05, 1.1E-06, 1.7E-06, 2.9E-06, 1.5E-05, 4.0E-07, 8.9E-07, 1.3E-05, 2.4E-05, 2.5E-05, 2.3E-05, 3.1E-05, 1.2E-05, 3.5E-05, 3.9E-05, 3.9E-05, 3.9E-05, 2.4E-05, 3.1E-05, 3.9E-05, 2.7E-05, 2.4E-05, 2.1E-05, 5.2E-07, 7.9E-06, 1.1E-05, 4.9E-06, 4.5E-06, 4.1E-07, 3.5E-07, 8.0E-06, 5.8E-06, 5.6E-07, 5.0E-06, 7.5E-06, 2.4E-07, 1.6E-07, 1.9E-07, 8.3E-07, 2.4E-06, 4.9E-07, 1.7E-06, 4.0E-07, 3.3E-07, 1.9E-06, 3.0E-06, 7.2E+01, 1.3E+02, 1.3E+02, 1.3E+02, 1.3E+02, 1.3E+02, 1.3E+02, 1.3E+02, 1.1E+02, 8.4E-07, 5.6E-07, 6.5E-06, 1.1E+00, 6.3E+00, 6.2E+00, 1.9E+01, 1.9E+01, 5.8E-08, 3.2E-08, 8.3E-09, 1.8E-06, 6.0E+00, 1.2E+01, 1.1E+01, 1.3E+01, 1.5E+01, 1.3E+01, 1.6E+01, 1.8E+01, 1.9E+01, 2.2E+01, 2.7E+01, 2.7E+01, 2.4E+01, 4.9E+01, 2.1E+01, 4.1E+01, 2.8E+01, 3.2E+01, 2.8E+01, 2.7E+01, 2.7E+01, 2.5E+01, 2.6E+01, 2.6E+01, 2.4E+01, 2.4E+01, 2.7E+01, 2.2E+01, 2.7E+01, 1.5E+01, 4.1E+01, 1.8E+01, 2.7E+01, 2.3E+01, 2.5E+01, 2.1E+01, 3.3E+01, 2.1E+01, 2.6E+01, 9.7E+01, 3.6E-09, 1.0E+02, 1.0E+02, 1.0E+02, 1.0E+02, 1.0E+02, 1.0E+02, 1.0E+02, 1.0E+02, 1.0E+02, 1.0E+02, 1.0E+02, 1.0E+02, 1.0E+02, 1.0E+02, 1.0E+02, 1.0E+02, 1.0E+02, 1.0E+02, 1.0E+02, 1.0E+02, 1.0E+02, 7.5E+01, 2.6E-07, 1.1E-07, 7.8E-08, 6.2E-08, 9.8E-08, 9.1E-08, 8.6E-08, 1.1E-07, 8.9E-08, 1.1E-07, 1.9E-07, 2.1E-07, 2.4E-06, 1.3E-07, 1.5E-07, 6.6E-07, 3.1E-06, 2.8E-06, 6.5E-06, 2.3E-05, 5.1E-07, 1.2E-06, 1.9E-06, 2.4E-06, 1.1E+01, 6.5E+01, 5.1E+01, 4.3E+01, 3.6E+01, 3.0E+01, 2.5E+01, 2.1E+01, 1.7E+01, 1.2E+01, 9.3E+00, 6.4E+00, 4.1E+00, 2.0E+00, 9.3E-01, 3.9E-05, 3.0E-06, 6.0E-07, 1.5E-07, 2.9E-06, 1.8E-06, 7.2E-07, 5.4E-06, 1.3E+02, 1.3E+02, 1.3E+02, 1.3E+02, 1.3E+02, 1.3E+02, 1.3E+02, 1.3E+02, 1.3E+02, 1.3E+02, 1.3E+02, 1.3E+02, 1.3E+02, 1.3E+02, 1.3E+02, 1.3E+02, 1.3E+02, 1.3E+02, 1.3E+02, 1.3E+02, 1.3E+02, 1.3E+02, 1.3E+02, 1.9E+01, 1.9E+01, 1.9E+01, 1.9E+01, 1.9E+01, 1.9E+01, 1.9E+01, 1.9E+01, 1.9E+01, 1.9E+01, 1.9E+01, 1.9E+01, 1.9E+01, 1.9E+01, 1.9E+01, 1.9E+01, 1.9E+01, 3.9E-08, 4.3E-08, 3.9E-08, 4.2E-08, 4.5E-08, 4.8E-08, 5.4E-08, 6.0E-08, 6.8E-08, 7.6E-08, 8.4E-08, 9.2E-08, 1.0E-07, 1.1E-07, 1.8E-09, 2.1E-09, 2.6E-09, 4.6E-09, 4.5E-09, 5.8E-09, 1.4E-08, 1.7E-08, 1.8E-08, 2.3E-09, 2.2E-09, 5.8E-08, 5.3E-09, 4.2E-08, 6.4E-08, 1.8E-08, 2.1E-08, 7.9E-08, 3.0E-08, 3.4E-07, 1.0E+02, 1.0E+02, 1.0E+02, 1.0E+02, 1.0E+02, 1.0E+02, 1.0E+02, 1.0E+02, 1.0E+02, 1.0E+02, 1.0E+02, 1.0E+02, 1.0E+02, 1.3E+02, 1.3E+02, 1.3E+02, 1.3E+02, 1.3E+02, 1.3E+02, 1.3E+02, 1.3E+02, 1.3E+02, 1.3E+02, 1.3E+02, 1.3E+02, 6.2E+01, 1.8E-05, 3.1E-05, 6.0E-05, 3.6E-06, 5.7E-06, 7.7E-06, 1.6E-06, 2.0E-06, 2.6E-06, 2.8E-06, 2.9E-06, 1.1E-07, 1.6E-07, 5.1E-07, 1.5E-06, 2.2E-06, 3.9E-07, 4.4E-07, 1.8E-07, 3.8E-06, 1.4E-06, 1.3E-06, 1.7E-07, 2.5E-07, 3.2E-07, 1.1E-06, 2.7E-07, 4.1E-08, 4.6E-08, 4.6E-08, 4.3E-06, 2.6E-06, 1.0E-06, 3.2E-07, 6.8E-06, 7.0E-07, 1.8E-07, 4.0E-07, 7.6E-06, 2.6E-06, 1.0E-06, 3.9E-07, 2.1E-06, 5.4E-07, 1.9E-07, 1.9E+01, 1.9E+01, 1.9E+01, 1.9E+01, 1.9E+01, 1.9E+01, 1.9E+01, 1.8E-06, 5.0E-07, 2.9E-07, 1.4E-06, 5.1E-07, 1.3E+02, 1.3E+02, 1.3E+02, 1.3E+02, 1.3E+02, 1.3E+02, 1.3E+02, 8.8E+01, 7.7E-07, 4.0E-06, 1.0E+00, 5.4E+00, 6.0E+00, 6.5E+00, 6.6E+00, 7.2E+00, 7.8E+00, 8.2E+00, 8.8E+00, 9.4E+00, 9.6E+00, 1.0E+01, 1.2E+01, 1.2E+01, 1.2E+01, 1.4E+01, 1.6E+01, 1.8E+01, 1.9E+01, 2.1E+01, 2.7E+01, 2.7E+01, 2.6E+01, 4.6E+01, 2.3E+01, 4.2E+01, 2.6E+01, 3.2E+01, 2.8E+01, 2.8E+01, 2.7E+01, 1.2E+01, 5.3E+01, 1.1E+01, 1.9E+01, 2.0E+01, 3.0E+01, 5.3E+01, 8.7E+00, 2.5E+01, 2.1E+01, 2.2E+01, 2.5E+01, 2.3E+01, 2.6E+01, 2.5E+01, 2.3E+01, 3.0E+01, 2.3E+01, 1.0E+02, 1.0E+02, 1.0E+02, 1.0E+02, 1.0E+02, 1.0E+02, 1.0E+02, 1.0E+02, 1.3E+02, 1.3E+02, 1.3E+02, 1.3E+02, 1.3E+02, 1.3E+02, 1.3E+02, 1.3E+02, 1.3E+02, 1.3E+02, 1.3E+02, 1.3E+02, 1.3E+02, 8.6E+01, 1.9E+01, 1.9E+01, 1.9E+01, 1.9E+01, 1.9E+01, 1.9E+01, 1.9E+01, 1.9E+01, 1.9E+01, 1.9E+01, 1.9E+01, 1.9E+01, 1.9E+01, 1.9E+01, 1.9E+01, 1.9E+01, 1.9E+01, 2.8E-07, 1.5E-07, 1.2E-07, 1.0E-07, 4.2E-08, 4.6E-08, 5.1E-08, 5.8E-08, 6.5E-08, 7.4E-08, 8.2E-08, 9.0E-08, 9.8E-08, 1.1E-07, 1.6E-09, 1.9E-09, 2.3E-09, 3.8E-09, 4.6E-09, 4.0E-09, 7.5E-09, 1.2E-08, 1.6E-08, 2.6E-08, 3.3E-09, 2.4E-08, 1.4E-08, 2.5E-08, 1.5E-07, 3.8E-07, 1.7E-07, 4.0E-07, 2.2E-08, 6.6E-07, 7.9E-08, 1.0E-07, 4.8E-08, 7.5E-07, 4.1E+01, 1.0E+02, 1.0E+02, 1.0E+02, 1.0E+02, 1.0E+02, 1.0E+02, 1.0E+02, 1.0E+02, 1.0E+02, 1.0E+02, 1.0E+02, 1.0E+02, 1.0E+02, 1.0E+02, 1.0E+02, 1.0E+02, 1.0E+02, 1.0E+02, 1.0E+02, 1.0E+02, 1.0E+02, 1.0E+02, 1.0E+02, 1.0E+02, 1.3E+02, 1.3E+02, 1.3E+02, 1.3E+02, 1.3E+02, 2.3E+01, 3.6E-07, 1.7E-07, 3.3E-07, 3.2E-06, 2.9E-06, 7.8E-06, 2.6E-06, 3.4E-06, 3.4E-07, 2.4E-06, 2.1E-06, 6.6E-06, 1.7E-05, 5.1E-07, 2.7E-05, 2.0E-05, 2.4E-05, 2.5E-05, 3.9E-05, 1.8E-06, 3.1E-05, 5.4E-05, 5.0E-07, 8.3E-07, 1.3E-06, 1.6E-06, 1.4E-06, 1.4E-06, 7.3E-07, 6.1E-07, 5.7E-05, 2.8E-05, 3.4E-05, 2.3E-05, 1.7E-05, 3.2E+01, 2.5E+01, 1.8E+01, 1.9E+01, 1.9E+01, 1.9E+01, 1.9E+01, 1.9E-07, 4.2E-07, 4.2E+01, 8.8E+01, 8.0E+01, 7.3E+01, 1.0E+02, 1.0E+02, 1.0E+02, 1.0E+02, 1.0E+02, 1.0E+02, 1.0E+02, 1.0E+02, 1.0E+02, 1.0E+02, 1.0E+02, 1.0E+02, 1.0E+02, 1.3E+02, 1.3E+02, 1.3E+02, 1.3E+02, 1.3E+02, 1.3E+02, 1.3E+02, 1.3E+02, 1.3E+02, 4.6E-01, 1.6E-06, 7.2E-06, 1.5E-06, 1.8E-06, 2.1E-06, 2.6E-06, 4.0E-06, 9.8E-08, 6.5E-07, 2.8E-06, 6.7E-05, 1.3E-06, 1.4E-06, 1.9E-06, 5.8E-05, 1.2E-06, 4.6E-05, 5.3E-05, 5.2E-05, 4.5E-05, 4.7E-05, 8.5E-05, 1.6E-06, 1.0E-06, 1.0E-06, 5.2E-07, 2.0E-06, 1.0E-06, 3.4E-07, 1.6E-07, 4.1E-08, 3.7E-06

Carbohydrate Events (130 total):
  - Week 1 Day 1 07:18: 111.1g (breakfast)
  - Week 1 Day 1 09:33: 11.7g (morning_snack)
  - Week 1 Day 1 13:18: 81.2g (lunch)
  - Week 1 Day 1 15:35: 12.8g (afternoon_snack)
  - Week 1 Day 1 18:13: 106.3g (dinner)
  - Week 1 Day 2 07:36: 106.7g (breakfast)
  - Week 1 Day 2 10:51: 14.9g (morning_snack)
  - Week 1 Day 2 13:18: 107.1g (lunch)
  - Week 1 Day 2 16:49: 16.6g (afternoon_snack)
  - Week 1 Day 2 19:51: 107.5g (dinner)
  - Week 1 Day 3 07:11: 120.0g (breakfast)
  - Week 1 Day 3 09:52: 11.6g (morning_snack)
  - Week 1 Day 3 13:24: 89.3g (lunch)
  - Week 1 Day 3 15:36: 19.8g (afternoon_snack)
  - Week 1 Day 3 19:24: 103.0g (dinner)
  - Week 1 Day 4 06:06: 105.5g (breakfast)
  - Week 1 Day 4 09:06: 19.0g (morning_snack)
  - Week 1 Day 4 13:27: 109.5g (lunch)
  - Week 1 Day 4 16:23: 20.0g (afternoon_snack)
  - Week 1 Day 4 19:33: 81.2g (dinner)
  - Week 1 Day 5 07:00: 83.6g (breakfast)
  - Week 1 Day 5 09:50: 17.5g (morning_snack)
  - Week 1 Day 5 13:16: 90.9g (lunch)
  - Week 1 Day 5 15:53: 18.0g (afternoon_snack)
  - Week 1 Day 5 18:52: 100.6g (dinner)
  - Week 1 Day 6 07:34: 114.3g (breakfast)
  - Week 1 Day 6 09:27: 10.1g (morning_snack)
  - Week 1 Day 6 12:58: 116.4g (lunch)
  - Week 1 Day 6 16:15: 17.4g (afternoon_snack)
  - Week 1 Day 6 18:07: 95.8g (dinner)
  - Week 1 Day 7 07:43: 98.2g (breakfast)
  - Week 1 Day 7 10:07: 19.7g (morning_snack)
  - Week 1 Day 7 13:24: 86.1g (lunch)
  - Week 1 Day 7 15:43: 14.8g (afternoon_snack)
  - Week 1 Day 7 19:16: 89.3g (dinner)
  - Week 2 Day 1 07:39: 99.0g (breakfast)
  - Week 2 Day 1 10:29: 11.3g (morning_snack)
  - Week 2 Day 1 13:41: 87.3g (lunch)
  - Week 2 Day 1 16:43: 18.9g (afternoon_snack)
  - Week 2 Day 1 19:52: 105.5g (dinner)
  - Week 2 Day 2 06:40: 100.6g (breakfast)
  - Week 2 Day 2 09:10: 10.8g (morning_snack)
  - Week 2 Day 2 12:40: 98.2g (lunch)
  - Week 2 Day 2 16:36: 10.1g (afternoon_snack)
  - Week 2 Day 2 18:13: 94.1g (dinner)
  - Week 2 Day 3 07:13: 81.6g (breakfast)
  - Week 2 Day 3 10:50: 18.9g (morning_snack)
  - Week 2 Day 3 13:07: 95.8g (lunch)
  - Week 2 Day 3 15:49: 17.3g (afternoon_snack)
  - Week 2 Day 3 18:47: 103.8g (dinner)
  - Week 2 Day 4 07:39: 97.4g (breakfast)
  - Week 2 Day 4 09:35: 16.0g (morning_snack)
  - Week 2 Day 4 12:52: 107.1g (lunch)
  - Week 2 Day 4 16:53: 17.2g (afternoon_snack)
  - Week 2 Day 4 19:55: 111.9g (dinner)
  - Week 2 Day 5 07:46: 100.2g (breakfast)
  - Week 2 Day 5 09:29: 11.1g (morning_snack)
  - Week 2 Day 5 12:32: 96.2g (lunch)
  - Week 2 Day 5 15:31: 12.1g (afternoon_snack)
  - Week 2 Day 5 18:06: 86.5g (dinner)
  - Week 2 Day 6 06:40: 99.8g (breakfast)
  - Week 2 Day 6 10:10: 13.9g (morning_snack)
  - Week 2 Day 6 12:38: 82.8g (lunch)
  - Week 2 Day 6 16:49: 16.0g (afternoon_snack)
  - Week 2 Day 6 18:43: 113.9g (dinner)
  - Week 2 Day 7 06:04: 108.3g (breakfast)
  - Week 2 Day 7 10:18: 10.2g (morning_snack)
  - Week 2 Day 7 13:03: 105.1g (lunch)
  - Week 2 Day 7 16:23: 10.7g (afternoon_snack)
  - Week 2 Day 7 19:50: 99.8g (dinner)
  - Week 3 Day 1 07:15: 114.7g (breakfast)
  - Week 3 Day 1 10:36: 16.7g (morning_snack)
  - Week 3 Day 1 13:38: 116.8g (lunch)
  - Week 3 Day 1 16:36: 15.2g (afternoon_snack)
  - Week 3 Day 1 18:35: 109.5g (dinner)
  - Week 3 Day 2 06:40: 111.1g (breakfast)
  - Week 3 Day 2 10:15: 10.0g (morning_snack)
  - Week 3 Day 2 13:39: 92.1g (lunch)
  - Week 3 Day 2 16:47: 12.2g (afternoon_snack)
  - Week 3 Day 2 19:20: 103.8g (dinner)
  - Week 3 Day 3 06:24: 92.9g (breakfast)
  - Week 3 Day 3 09:49: 13.0g (morning_snack)
  - Week 3 Day 3 13:38: 95.8g (lunch)
  - Week 3 Day 3 15:58: 13.3g (afternoon_snack)
  - Week 3 Day 3 18:30: 113.1g (dinner)
  - Week 3 Day 4 06:33: 94.9g (breakfast)
  - Week 3 Day 4 09:27: 18.7g (morning_snack)
  - Week 3 Day 4 12:06: 82.4g (lunch)
  - Week 3 Day 4 16:01: 19.1g (afternoon_snack)
  - Week 3 Day 4 18:12: 92.1g (dinner)
  - Week 3 Day 5 06:54: 100.6g (breakfast)
  - Week 3 Day 5 10:12: 13.7g (morning_snack)
  - Week 3 Day 5 13:29: 111.9g (lunch)
  - Week 3 Day 5 15:29: 15.2g (afternoon_snack)
  - Week 3 Day 5 18:03: 88.9g (dinner)
  - Week 3 Day 6 06:09: 82.4g (breakfast)
  - Week 3 Day 6 09:10: 17.0g (morning_snack)
  - Week 3 Day 6 13:11: 112.3g (lunch)
  - Week 3 Day 6 15:13: 15.5g (afternoon_snack)
  - Week 3 Day 6 19:01: 84.4g (dinner)
  - Week 3 Day 7 06:23: 110.7g (breakfast)
  - Week 3 Day 7 09:00: 12.4g (morning_snack)
  - Week 3 Day 7 13:34: 116.8g (lunch)
  - Week 3 Day 7 15:03: 16.2g (afternoon_snack)
  - Week 3 Day 7 19:15: 118.4g (dinner)
  - Week 4 Day 1 06:13: 111.9g (breakfast)
  - Week 4 Day 1 10:45: 10.5g (morning_snack)
  - Week 4 Day 1 12:00: 113.9g (lunch)
  - Week 4 Day 1 15:00: 18.2g (afternoon_snack)
  - Week 4 Day 1 18:52: 80.8g (dinner)
  - Week 4 Day 2 07:13: 97.0g (breakfast)
  - Week 4 Day 2 09:04: 10.9g (morning_snack)
  - Week 4 Day 2 13:20: 117.2g (lunch)
  - Week 4 Day 2 16:10: 11.4g (afternoon_snack)
  - Week 4 Day 2 19:10: 95.4g (dinner)
  - Week 4 Day 3 06:01: 115.2g (breakfast)
  - Week 4 Day 3 09:14: 10.2g (morning_snack)
  - Week 4 Day 3 13:12: 88.5g (lunch)
  - Week 4 Day 3 16:50: 10.8g (afternoon_snack)
  - Week 4 Day 3 18:48: 95.4g (dinner)
  - Week 4 Day 4 06:30: 88.1g (breakfast)
  - Week 4 Day 4 09:30: 19.2g (morning_snack)
  - Week 4 Day 4 12:16: 113.1g (lunch)
  - Week 4 Day 4 15:55: 16.3g (afternoon_snack)
  - Week 4 Day 4 18:24: 97.4g (dinner)
  - Week 4 Day 5 06:15: 108.3g (breakfast)
  - Week 4 Day 5 09:44: 15.7g (morning_snack)
  - Week 4 Day 5 13:30: 94.9g (lunch)
  - Week 4 Day 5 16:20: 18.0g (afternoon_snack)
  - Week 4 Day 5 19:18: 89.7g (dinner)

Running Events (26 total):
 - Week 1 Day 1 06:22: Running avg speed 5.0 mph for 30 min
 - Week 1 Day 2 06:22: Running avg speed 5.0 mph for 30 min
 - Week 1 Day 3 06:22: Running avg speed 5.0 mph for 30 min
 - Week 1 Day 4 06:22: Running avg speed 5.0 mph for 30 min
 - Week 1 Day 5 06:22: Running avg speed 5.0 mph for 30 min
 - Week 1 Day 6 06:22: Running avg speed 5.0 mph for 30 min
 - Week 1 Day 7 06:22: Running avg speed 5.0 mph for 30 min
 - Week 2 Day 1 06:22: Running avg speed 5.0 mph for 30 min
 - Week 2 Day 2 06:22: Running avg speed 5.0 mph for 30 min
 - Week 2 Day 3 06:22: Running avg speed 5.0 mph for 30 min
 - Week 2 Day 4 06:22: Running avg speed 5.0 mph for 30 min
 - Week 2 Day 5 06:22: Running avg speed 5.0 mph for 30 min
 - Week 2 Day 6 06:22: Running avg speed 5.0 mph for 30 min
 - Week 2 Day 7 06:22: Running avg speed 5.0 mph for 30 min
 - Week 3 Day 1 06:22: Running avg speed 5.0 mph for 30 min
 - Week 3 Day 2 06:22: Running avg speed 5.0 mph for 30 min
 - Week 3 Day 3 06:22: Running avg speed 5.0 mph for 30 min
 - Week 3 Day 4 06:22: Running avg speed 5.0 mph for 30 min
 - Week 3 Day 5 06:22: Running avg speed 5.0 mph for 30 min
 - Week 3 Day 6 06:22: Running avg speed 5.0 mph for 30 min
 - Week 3 Day 7 06:22: Running avg speed 5.0 mph for 30 min
 - Week 4 Day 1 06:22: Running avg speed 5.0 mph for 30 min
 - Week 4 Day 2 06:22: Running avg speed 5.0 mph for 30 min
 - Week 4 Day 3 06:22: Running avg speed 5.0 mph for 30 min
 - Week 4 Day 4 06:22: Running avg speed 5.0 mph for 30 min
 - Week 4 Day 5 06:22: Running avg speed 5.0 mph for 30 min

Cycling Events (26 total):
  - Week 1 Day 1 17:58: Cycling avg power 90.0 for 20 min
  - Week 1 Day 2 16:16: Cycling avg power 90.0 for 20 min
  - Week 1 Day 3 16:25: Cycling avg power 90.0 for 20 min
  - Week 1 Day 4 17:49: Cycling avg power 90.0 for 20 min
  - Week 1 Day 5 17:50: Cycling avg power 90.0 for 20 min
  - Week 1 Day 6 17:35: Cycling avg power 90.0 for 20 min
  - Week 1 Day 7 16:16: Cycling avg power 90.0 for 20 min
  - Week 2 Day 1 17:11: Cycling avg power 90.0 for 20 min
  - Week 2 Day 2 17:45: Cycling avg power 90.0 for 20 min
  - Week 2 Day 3 16:33: Cycling avg power 90.0 for 20 min
  - Week 2 Day 4 17:40: Cycling avg power 90.0 for 20 min
  - Week 2 Day 5 16:09: Cycling avg power 90.0 for 20 min
  - Week 2 Day 6 17:09: Cycling avg power 90.0 for 20 min
  - Week 2 Day 7 17:22: Cycling avg power 90.0 for 20 min
  - Week 3 Day 1 17:13: Cycling avg power 90.0 for 20 min
  - Week 3 Day 2 16:08: Cycling avg power 90.0 for 20 min
  - Week 3 Day 3 17:47: Cycling avg power 90.0 for 20 min
  - Week 3 Day 4 17:29: Cycling avg power 90.0 for 20 min
  - Week 3 Day 5 16:15: Cycling avg power 90.0 for 20 min
  - Week 3 Day 6 17:55: Cycling avg power 90.0 for 20 min
  - Week 3 Day 7 17:52: Cycling avg power 90.0 for 20 min
  - Week 4 Day 1 16:36: Cycling avg power 90.0 for 20 min
  - Week 4 Day 2 16:25: Cycling avg power 90.0 for 20 min
  - Week 4 Day 3 17:13: Cycling avg power 90.0 for 20 min
  - Week 4 Day 4 17:41: Cycling avg power 90.0 for 20 min
  - Week 4 Day 5 16:01: Cycling avg power 90.0 for 20 min



Question: Predict if my blood sugar will go up faster during lunch time (9AM-1PM) or dinner time (6PM-10PM) tomorrow?

Instructions: Predict if adjacent time periods with the highest glucose change will be during lunch time (9-1PM) or dinner time (6-10PM). Return a string value of 'lunch' or 'dinner' where 'lunch' means that the blood sugar will go up faster during lunch time (9-1PM) and 'dinner' means that the blood sugar will go up faster during dinner time (6-10PM).

Expected Answer Type: string

Example Answer: Lunch

Please analyze the data carefully and provide your answer as a **json object** in the exact format specified by the answer type. Be precise and base your response only on the data provided.

Conclude your analysis with: 
```json 
{"answer": your answer here}
```