You are a medical AI assistant analyzing diabetes management data. Based on the patient's health data, answer the following question accurately.

PATIENT DATA OVERVIEW:
This data represents a continuous glucose monitoring (CGM) session for a diabetes patient. The data includes:
- Blood glucose readings taken every 5 minutes, begining at Week 1, Day 1, 00:00 (normal range: 70-180 mg/dL)
- Carbohydrate intake events with timing and amounts
- Insulin delivery events (basal background insulin and bolus meal insulin)
- Physical activity events (running/cycling with duration and intensity)

The data may contain various artifacts, sensor issues, or abnormal patterns that need to be identified and analyzed.

Patient Health Data:

Blood Glucose Readings (mg/dL, every 5 minutes): 6033 readings
  Values: 108.0, 108.0, 108.0, 108.0, 108.0, 108.0, 108.0, 108.1, 108.1, 108.2, 108.4, 108.6, 108.8, 109.0, 109.2, 109.4, 109.6, 109.7, 109.9, 110.0, 110.1, 110.1, 110.2, 110.2, 110.2, 110.2, 110.2, 110.2, 110.2, 110.2, 110.2, 110.2, 110.2, 110.2, 110.2, 110.2, 110.1, 110.1, 110.1, 110.1, 110.1, 110.1, 110.1, 110.1, 110.1, 110.1, 110.1, 110.1, 110.1, 110.1, 110.1, 110.1, 110.1, 110.1, 110.1, 110.1, 110.1, 110.1, 110.1, 110.1, 110.1, 110.1, 110.1, 110.1, 110.1, 110.1, 110.1, 110.1, 110.1, 110.1, 110.1, 110.1, 110.1, 110.1, 110.1, 110.1, 110.1, 110.1, 108.6, 99.2, 87.2, 75.7, 65.6, 57.1, 51.0, 52.5, 56.9, 61.6, 65.6, 68.7, 71.1, 73.3, 75.3, 77.2, 78.7, 80.1, 81.4, 82.7, 84.2, 86.0, 88.1, 90.7, 93.7, 97.1, 101.1, 105.4, 110.1, 115.1, 120.2, 125.3, 130.1, 134.6, 138.8, 142.4, 145.5, 148.0, 149.9, 151.2, 151.9, 152.0, 151.6, 150.8, 149.5, 147.9, 146.1, 144.0, 141.7, 139.3, 136.8, 134.6, 133.0, 131.9, 131.2, 130.5, 129.9, 129.3, 128.6, 127.9, 127.1, 126.3, 125.4, 124.5, 123.6, 122.8, 121.9, 121.0, 120.1, 119.3, 118.4, 117.6, 116.8, 116.1, 115.4, 114.7, 114.1, 113.5, 112.9, 112.4, 112.0, 111.7, 111.7, 111.9, 112.5, 113.5, 114.9, 116.7, 118.8, 121.3, 124.0, 126.9, 129.9, 132.9, 135.6, 138.0, 140.0, 141.5, 142.6, 143.2, 143.3, 142.9, 142.2, 141.1, 139.7, 138.1, 136.2, 134.2, 132.0, 129.8, 127.5, 125.1, 122.8, 120.5, 118.3, 116.1, 114.0, 111.9, 110.0, 108.1, 106.4, 104.8, 103.3, 101.9, 100.7, 99.6, 98.6, 97.7, 97.0, 96.4, 96.0, 95.6, 95.4, 94.9, 90.9, 86.3, 82.2, 79.0, 80.0, 82.8, 86.2, 89.5, 92.6, 95.4, 97.9, 100.2, 102.3, 104.2, 106.0, 107.6, 109.0, 110.3, 111.4, 112.3, 113.0, 113.5, 114.0, 114.6, 115.4, 116.6, 118.2, 120.3, 122.9, 125.9, 129.3, 133.2, 137.3, 141.5, 145.6, 149.4, 152.8, 155.7, 158.0, 159.8, 161.0, 161.5, 161.5, 161.0, 159.9, 158.4, 156.6, 154.4, 151.9, 149.3, 146.4, 143.5, 140.5, 137.4, 134.3, 131.3, 128.3, 125.3, 122.5, 119.7, 117.1, 114.6, 112.2, 109.9, 107.8, 105.8, 104.0, 102.3, 100.7, 99.3, 98.1, 96.9, 96.0, 95.1, 94.4, 93.9, 93.8, 94.5, 95.8, 97.5, 99.5, 101.5, 103.7, 105.8, 107.9, 110.0, 112.1, 114.0, 115.9, 117.6, 119.2, 120.6, 121.7, 122.7, 123.4, 123.8, 124.0, 124.0, 123.8, 123.4, 122.8, 122.2, 121.4, 120.5, 119.5, 118.5, 117.5, 116.5, 115.5, 114.5, 113.6, 112.7, 111.8, 111.0, 110.3, 109.7, 109.1, 108.7, 108.3, 108.1, 107.9, 107.9, 107.9, 108.1, 108.3, 108.5, 108.8, 109.0, 109.3, 109.5, 109.7, 109.8, 109.9, 110.0, 110.1, 110.2, 110.2, 110.2, 110.2, 110.2, 110.2, 110.2, 110.2, 110.2, 110.2, 110.2, 110.2, 110.2, 110.2, 110.1, 110.1, 110.1, 110.1, 110.1, 108.7, 99.7, 88.4, 77.8, 68.4, 60.4, 54.5, 56.0, 60.2, 64.6, 68.3, 71.0, 73.3, 75.3, 77.1, 78.8, 80.3, 81.5, 82.6, 83.8, 85.5, 87.8, 90.9, 94.8, 99.6, 105.1, 111.3, 117.7, 124.3, 130.7, 137.0, 142.9, 148.4, 153.4, 157.7, 161.4, 164.4, 166.7, 168.2, 169.1, 169.2, 168.7, 167.6, 166.1, 164.1, 161.7, 159.0, 156.1, 153.0, 149.9, 147.0, 144.7, 142.6, 140.7, 138.8, 136.9, 135.0, 133.1, 131.2, 129.3, 127.4, 125.6, 123.8, 122.1, 120.5, 118.9, 117.5, 116.2, 114.9, 113.8, 112.8, 112.0, 111.2, 110.6, 110.1, 109.7, 109.5, 109.4, 109.7, 110.5, 111.8, 113.7, 116.1, 119.2, 122.8, 127.0, 131.6, 136.4, 141.2, 145.8, 150.1, 154.1, 157.5, 160.3, 162.5, 164.1, 165.0, 165.2, 164.8, 163.9, 162.5, 160.6, 158.3, 155.7, 152.8, 149.8, 146.5, 143.2, 139.8, 136.3, 132.9, 129.5, 126.1, 122.9, 119.7, 116.6, 113.7, 110.9, 108.2, 105.7, 103.3, 101.0, 98.9, 97.0, 95.2, 93.6, 92.1, 90.7, 89.5, 88.5, 87.6, 86.8, 86.1, 85.6, 85.2, 85.0, 84.9, 84.9, 85.0, 84.9, 81.7, 77.8, 74.2, 71.4, 72.3, 75.1, 78.5, 81.8, 84.9, 87.6, 90.0, 92.1, 94.0, 95.7, 97.3, 98.8, 100.2, 101.6, 103.0, 104.3, 105.5, 106.6, 107.6, 108.6, 109.7, 111.2, 113.1, 115.5, 118.4, 121.9, 125.9, 130.5, 135.5, 140.8, 146.2, 151.4, 156.4, 160.9, 164.8, 168.1, 170.7, 172.6, 173.8, 174.2, 173.9, 173.0, 171.6, 169.6, 167.2, 164.4, 161.4, 158.1, 154.6, 151.1, 147.4, 143.8, 140.1, 136.6, 133.0, 129.6, 126.3, 123.1, 120.0, 117.1, 114.4, 112.0, 110.2, 108.8, 107.8, 107.1, 106.4, 105.8, 105.3, 104.8, 104.4, 104.1, 103.7, 103.5, 103.3, 103.2, 103.2, 103.3, 103.5, 103.8, 104.2, 104.7, 105.3, 105.9, 106.6, 107.3, 108.0, 108.6, 109.2, 109.7, 110.2, 110.5, 110.8, 110.9, 111.1, 111.1, 111.1, 111.1, 111.1, 111.0, 110.9, 110.8, 110.7, 110.6, 110.5, 110.4, 110.3, 110.3, 110.2, 110.2, 110.2, 110.2, 110.1, 110.1, 110.1, 110.1, 110.1, 110.1, 110.1, 110.1, 110.1, 110.1, 110.1, 110.1, 110.1, 110.1, 110.1, 110.1, 110.1, 110.1, 110.1, 110.1, 110.1, 110.1, 110.1, 110.1, 110.1, 110.1, 110.1, 110.1, 110.1, 110.1, 110.1, 110.1, 108.8, 99.8, 88.5, 77.9, 68.7, 60.7, 55.0, 56.9, 61.8, 67.4, 72.8, 78.0, 83.2, 88.9, 95.0, 101.5, 108.2, 114.9, 121.3, 127.2, 132.8, 137.7, 142.0, 145.7, 148.7, 150.9, 152.5, 153.4, 153.6, 153.3, 152.4, 151.0, 149.3, 147.2, 144.8, 142.2, 139.5, 136.6, 133.7, 130.7, 127.8, 125.0, 122.5, 120.4, 118.6, 117.1, 115.6, 114.2, 112.9, 111.6, 110.3, 109.1, 107.9, 106.8, 105.8, 104.8, 104.0, 103.2, 102.6, 102.0, 101.6, 101.2, 101.0, 101.0, 101.0, 101.2, 101.5, 101.9, 102.5, 103.2, 103.9, 104.7, 105.6, 106.4, 107.2, 107.9, 108.6, 109.2, 109.7, 110.1, 110.4, 110.8, 111.4, 112.6, 114.3, 116.8, 119.9, 123.9, 128.6, 133.9, 139.5, 145.2, 150.8, 156.1, 160.9, 165.3, 169.0, 172.0, 174.2, 175.7, 176.5, 176.5, 175.9, 174.6, 172.8, 170.5, 167.9, 164.8, 161.5, 158.0, 154.4, 150.6, 146.8, 143.0, 139.1, 135.3, 131.6, 128.0, 124.5, 121.1, 117.8, 114.7, 111.8, 109.0, 106.3, 103.8, 101.5, 99.4, 97.4, 95.5, 93.8, 92.3, 90.9, 89.5, 85.7, 80.5, 75.2, 70.4, 68.4, 68.8, 70.2, 71.7, 73.1, 74.1, 74.9, 75.3, 75.5, 75.5, 75.3, 74.9, 74.3, 73.5, 72.6, 71.6, 70.5, 69.3, 68.0, 66.5, 64.9, 63.2, 61.1, 58.8, 56.3, 53.8, 51.3, 49.2, 47.4, 46.0, 45.2, 44.7, 44.8, 45.3, 46.3, 47.6, 49.2, 50.9, 52.6, 54.4, 56.1, 57.9, 59.8, 61.6, 63.5, 65.3, 67.0, 68.6, 70.0, 71.2, 72.2, 73.0, 73.9, 74.9, 75.9, 76.7, 77.1, 77.3, 77.1, 76.6, 75.7, 74.6, 73.2, 71.6, 69.9, 68.1, 66.1, 63.9, 61.5, 59.0, 56.3, 53.5, 50.4, 48.2, 45.7, 43.5, 41.3, 39.4, 37.4, 35.7, 33.9, 32.5, 30.9, 29.7, 28.3, 27.3, 26.1, 25.2, 24.2, 23.4, 22.5, 21.8, 21.1, 20.5, 19.9, 19.4, 19.0, 18.7, 18.5, 18.4, 18.3, 18.2, 18.1, 18.1, 18.1, 18.1, 18.2, 18.3, 18.6, 18.9, 19.3, 19.7, 20.2, 20.7, 21.4, 22.1, 22.8, 23.6, 24.5, 25.4, 26.4, 27.4, 28.5, 29.5, 30.5, 31.5, 32.3, 33.0, 33.6, 33.9, 34.1, 34.1, 33.9, 33.4, 32.8, 31.9, 30.9, 29.7, 28.4, 27.2, 26.0, 24.8, 23.6, 22.5, 21.5, 20.5, 19.8, 19.3, 18.9, 18.7, 18.5, 18.3, 18.2, 18.2, 18.1, 18.1, 18.1, 19.1, 21.4, 23.9, 26.5, 28.6, 30.8, 32.9, 35.3, 37.8, 40.4, 43.1, 45.7, 48.4, 51.0, 53.6, 56.1, 58.6, 61.1, 63.7, 66.5, 69.4, 72.3, 75.2, 78.1, 81.0, 83.7, 86.3, 88.8, 91.1, 93.4, 95.7, 98.2, 101.0, 103.8, 106.3, 108.6, 110.5, 111.9, 112.9, 113.5, 113.6, 113.4, 112.8, 111.9, 110.8, 109.4, 107.9, 106.2, 104.4, 102.6, 100.7, 98.9, 97.0, 95.1, 93.3, 91.6, 89.9, 88.2, 86.7, 85.2, 83.9, 82.6, 81.5, 80.5, 79.5, 78.8, 78.1, 77.5, 77.1, 76.9, 76.9, 77.2, 78.0, 79.2, 80.9, 83.1, 85.8, 89.0, 92.7, 96.8, 101.3, 105.9, 110.5, 115.0, 119.2, 123.1, 126.7, 129.7, 132.3, 134.2, 135.7, 136.6, 136.9, 136.8, 136.3, 135.3, 134.1, 132.5, 130.7, 128.7, 126.6, 124.3, 122.0, 119.6, 117.2, 114.8, 112.4, 110.1, 107.8, 105.6, 103.5, 101.5, 99.6, 97.8, 96.1, 94.5, 93.1, 91.8, 90.2, 85.2, 79.6, 74.2, 69.4, 68.7, 69.8, 71.4, 73.0, 74.4, 75.4, 76.2, 76.7, 77.0, 77.1, 77.1, 76.9, 76.6, 76.2, 75.7, 75.2, 74.6, 74.0, 73.5, 72.9, 72.3, 71.7, 71.3, 71.1, 71.1, 71.5, 72.2, 73.4, 75.1, 77.1, 79.7, 82.8, 86.4, 90.4, 94.7, 99.1, 103.6, 108.0, 112.3, 116.4, 120.3, 123.8, 126.9, 129.5, 131.8, 133.5, 134.8, 135.6, 136.0, 135.9, 135.5, 134.7, 133.7, 132.4, 130.9, 129.3, 127.5, 125.7, 123.8, 121.9, 120.0, 118.1, 116.2, 114.4, 112.7, 111.1, 109.5, 108.1, 106.7, 105.5, 104.4, 103.4, 102.5, 101.7, 101.1, 100.6, 100.2, 100.0, 99.9, 99.9, 100.0, 100.3, 101.0, 102.4, 104.4, 106.9, 109.5, 112.2, 114.8, 117.3, 119.5, 121.5, 123.2, 124.7, 125.8, 126.6, 127.2, 127.5, 127.6, 127.5, 127.1, 126.7, 126.1, 125.3, 124.5, 123.7, 122.7, 121.8, 120.8, 119.8, 118.8, 117.9, 116.9, 116.0, 115.2, 114.4, 113.7, 113.0, 112.4, 111.8, 111.3, 111.0, 110.7, 110.4, 110.3, 110.1, 110.1, 110.0, 110.0, 110.0, 110.0, 110.0, 110.0, 110.1, 110.1, 110.1, 110.1, 110.1, 110.1, 110.1, 110.1, 110.1, 110.1, 110.1, 110.1, 110.1, 110.1, 110.1, 110.1, 110.1, 110.1, 110.1, 110.1, 110.1, 110.1, 110.1, 110.1, 110.1, 108.7, 99.6, 88.2, 77.4, 68.0, 59.9, 54.0, 55.5, 59.7, 64.1, 67.8, 70.6, 72.8, 74.8, 76.6, 78.2, 79.6, 80.7, 81.5, 82.1, 82.6, 83.3, 84.3, 85.7, 87.6, 90.2, 93.4, 97.3, 101.8, 106.9, 112.4, 118.3, 124.2, 130.0, 135.6, 140.9, 145.7, 149.9, 153.6, 156.6, 158.9, 160.4, 161.3, 161.6, 161.2, 160.4, 159.5, 158.6, 157.4, 156.0, 154.4, 152.4, 150.3, 147.9, 145.4, 142.8, 140.2, 137.5, 134.8, 132.1, 129.5, 127.0, 124.5, 122.2, 120.0, 117.9, 116.0, 114.2, 112.6, 111.1, 109.9, 109.0, 108.7, 108.9, 109.8, 111.4, 113.6, 116.4, 119.7, 123.4, 127.2, 130.9, 134.6, 138.0, 141.0, 143.6, 145.7, 147.3, 148.4, 148.9, 148.9, 148.4, 147.5, 146.2, 144.5, 142.6, 140.4, 138.1, 135.6, 132.9, 130.3, 127.6, 124.9, 122.2, 119.6, 117.0, 114.5, 112.1, 109.9, 107.7, 105.6, 103.7, 101.9, 100.2, 98.7, 97.3, 96.0, 94.9, 93.9, 93.0, 92.3, 91.6, 91.2, 90.8, 90.6, 90.5, 90.6, 90.5, 87.9, 83.9, 80.1, 77.1, 77.0, 79.5, 83.0, 86.5, 89.8, 92.8, 95.5, 98.0, 100.2, 102.2, 104.1, 105.8, 107.3, 108.6, 109.8, 110.7, 111.5, 112.3, 113.2, 114.4, 116.0, 118.1, 120.7, 123.9, 127.4, 131.2, 135.0, 138.6, 141.9, 144.8, 147.2, 149.0, 150.2, 150.9, 151.0, 150.6, 149.6, 148.3, 146.6, 144.5, 142.2, 139.7, 137.0, 134.2, 131.3, 128.4, 125.4, 122.5, 119.6, 116.7, 113.9, 111.2, 108.6, 106.0, 103.6, 101.3, 99.2, 97.2, 95.4, 94.1, 93.2, 92.8, 92.5, 92.5, 92.5, 92.6, 92.8, 92.9, 93.1, 93.3, 93.6, 93.9, 94.3, 94.8, 95.3, 95.9, 96.6, 97.4, 98.3, 99.4, 100.5, 101.7, 102.9, 104.2, 105.4, 106.7, 107.8, 108.9, 109.8, 110.6, 111.3, 111.8, 112.2, 112.5, 112.6, 112.7, 112.7, 112.6, 112.4, 112.3, 112.0, 111.8, 111.6, 111.3, 111.1, 110.9, 110.7, 110.6, 110.5, 110.4, 110.3, 110.2, 110.2, 110.1, 110.1, 110.1, 110.1, 110.1, 110.1, 110.1, 110.1, 110.1, 110.1, 110.1, 110.1, 110.1, 110.1, 110.1, 110.1, 110.1, 110.1, 110.1, 110.1, 110.1, 110.1, 110.1, 110.1, 110.1, 110.1, 110.1, 110.1, 110.1, 110.1, 110.1, 110.1, 110.1, 110.1, 110.1, 110.1, 110.1, 110.1, 110.1, 110.1, 110.1, 110.1, 110.1, 108.7, 99.5, 88.0, 77.0, 67.4, 59.2, 53.4, 55.5, 61.1, 67.6, 74.4, 81.2, 88.3, 95.8, 103.4, 111.1, 118.4, 125.2, 131.4, 137.0, 141.9, 146.0, 149.4, 152.1, 154.1, 155.4, 156.0, 156.0, 155.5, 154.5, 153.1, 151.3, 149.3, 147.0, 144.5, 141.9, 139.2, 136.4, 133.6, 130.9, 128.2, 125.5, 123.0, 120.5, 118.1, 115.9, 113.8, 111.8, 109.9, 108.4, 107.5, 107.1, 107.1, 107.3, 107.6, 107.9, 108.3, 108.6, 109.0, 109.4, 109.8, 110.2, 110.6, 111.1, 111.6, 112.1, 112.5, 112.9, 113.2, 113.5, 113.7, 113.9, 114.2, 114.7, 115.4, 116.5, 117.8, 119.5, 121.4, 123.7, 126.1, 128.7, 131.4, 134.1, 136.6, 138.9, 140.8, 142.2, 143.2, 143.7, 143.6, 143.2, 142.3, 141.1, 139.6, 137.7, 135.7, 133.4, 131.0, 128.5, 125.9, 123.3, 120.7, 118.1, 115.5, 113.0, 110.5, 108.1, 105.9, 103.7, 101.6, 99.7, 97.9, 96.2, 94.6, 93.1, 91.8, 90.6, 89.6, 88.6, 87.8, 87.1, 86.6, 86.2, 85.5, 81.4, 76.8, 72.4, 68.8, 69.6, 72.0, 74.7, 77.2, 79.4, 81.2, 82.7, 83.8, 84.8, 85.4, 85.9, 86.3, 86.5, 86.8, 87.3, 88.3, 89.7, 91.9, 94.7, 98.3, 102.5, 107.1, 112.0, 116.9, 121.8, 126.5, 130.8, 134.8, 138.3, 141.3, 143.8, 145.6, 146.9, 147.6, 147.7, 147.3, 146.5, 145.3, 143.7, 141.8, 139.7, 137.4, 135.0, 132.4, 129.7, 127.1, 124.4, 121.7, 119.1, 116.6, 114.1, 111.7, 109.4, 107.3, 105.2, 103.3, 101.5, 99.8, 98.3, 96.9, 95.6, 94.5, 93.5, 92.6, 91.9, 91.3, 90.8, 90.5, 90.3, 90.2, 90.2, 90.4, 90.7, 91.2, 91.8, 92.4, 93.3, 94.2, 95.4, 96.9, 99.2, 102.3, 105.8, 109.4, 113.0, 116.5, 119.7, 122.6, 125.1, 127.2, 128.9, 130.2, 131.1, 131.7, 131.9, 131.9, 131.6, 131.1, 130.4, 129.6, 128.6, 127.6, 126.4, 125.3, 124.0, 122.8, 121.6, 120.4, 119.2, 118.1, 117.1, 116.0, 115.1, 114.2, 113.4, 112.7, 112.1, 111.6, 111.2, 110.8, 110.6, 110.4, 110.2, 110.2, 110.1, 110.1, 110.0, 110.0, 110.0, 110.0, 110.1, 110.1, 110.1, 110.1, 110.1, 110.1, 110.1, 110.1, 110.1, 110.1, 110.1, 110.1, 110.1, 110.1, 110.1, 110.1, 110.1, 110.1, 110.1, 110.1, 110.1, 110.1, 110.1, 110.1, 110.1, 110.1, 110.1, 110.1, 110.1, 108.7, 99.6, 88.2, 77.3, 67.9, 59.8, 53.9, 55.4, 59.7, 64.2, 68.0, 71.3, 74.2, 77.4, 81.0, 85.0, 89.4, 94.0, 99.0, 104.2, 109.6, 114.9, 120.1, 125.1, 129.8, 134.1, 138.0, 141.3, 144.2, 146.5, 148.1, 149.3, 149.8, 149.8, 149.3, 148.4, 147.1, 145.5, 143.6, 141.5, 139.2, 136.8, 134.3, 131.8, 129.2, 126.7, 124.2, 121.8, 119.5, 117.2, 115.4, 114.2, 113.6, 113.4, 113.5, 113.6, 113.7, 113.9, 114.0, 114.2, 114.3, 114.4, 114.6, 114.7, 114.9, 115.1, 115.2, 115.3, 115.3, 115.3, 115.3, 115.1, 114.9, 114.7, 114.4, 114.1, 113.8, 113.4, 113.0, 112.7, 112.3, 112.0, 111.7, 111.4, 111.1, 110.9, 110.7, 110.7, 111.0, 111.8, 113.2, 115.2, 117.9, 121.3, 125.4, 129.9, 134.8, 139.7, 144.6, 149.2, 153.5, 157.2, 160.5, 163.1, 165.2, 166.6, 167.3, 167.5, 167.0, 166.0, 164.5, 162.6, 160.3, 157.6, 154.8, 151.7, 148.5, 145.2, 141.8, 138.4, 135.0, 131.7, 128.4, 125.2, 122.1, 119.2, 116.3, 113.6, 111.1, 108.6, 106.4, 104.3, 102.3, 100.5, 98.8, 97.3, 95.9, 94.3, 89.2, 83.5, 78.2, 73.7, 73.3, 74.6, 76.4, 78.1, 79.6, 80.6, 81.4, 81.8, 81.9, 81.8, 81.5, 81.1, 80.9, 80.8, 81.0, 81.7, 82.8, 84.4, 86.5, 89.2, 92.4, 96.0, 99.8, 103.8, 107.7, 111.5, 115.1, 118.4, 121.3, 123.9, 126.0, 127.7, 128.9, 129.7, 130.0, 130.0, 129.6, 128.8, 127.8, 126.5, 125.1, 123.5, 121.7, 119.8, 117.9, 115.9, 113.9, 112.0, 110.0, 108.1, 106.2, 104.4, 102.7, 101.1, 99.5, 98.1, 96.7, 95.5, 94.4, 93.4, 92.5, 91.7, 91.1, 90.6, 90.2, 89.9, 89.7, 89.9, 90.6, 91.9, 93.5, 95.2, 97.1, 99.1, 101.1, 103.1, 105.1, 107.0, 108.9, 110.8, 112.5, 114.1, 115.5, 116.7, 117.7, 118.5, 119.1, 119.4, 119.6, 119.6, 119.5, 119.2, 118.8, 118.4, 117.8, 117.2, 116.6, 115.9, 115.3, 114.6, 114.0, 113.4, 112.8, 112.2, 111.7, 111.3, 110.9, 110.6, 110.3, 110.1, 110.0, 109.9, 109.9, 109.9, 109.9, 109.9, 110.0, 110.0, 110.0, 110.0, 110.1, 110.1, 110.1, 110.1, 110.1, 110.1, 110.1, 110.1, 110.1, 110.1, 110.1, 110.1, 110.1, 110.1, 110.1, 110.1, 110.1, 110.1, 110.1, 110.1, 110.1, 110.1, 110.1, 110.1, 110.1, 110.1, 108.7, 99.7, 88.3, 77.5, 68.1, 60.1, 54.2, 55.7, 60.0, 64.5, 68.2, 71.0, 73.3, 75.4, 77.3, 79.1, 80.6, 81.8, 82.8, 83.6, 84.3, 85.2, 86.5, 88.2, 90.5, 93.5, 97.1, 101.4, 106.4, 112.0, 118.1, 124.4, 130.8, 137.1, 143.0, 148.6, 153.9, 159.0, 163.9, 168.6, 172.8, 176.3, 178.9, 180.7, 181.6, 181.7, 181.1, 179.9, 178.1, 175.8, 173.2, 170.2, 167.1, 163.8, 160.4, 156.9, 153.4, 150.0, 146.6, 143.2, 140.0, 136.9, 133.9, 131.0, 128.3, 125.7, 123.3, 121.0, 118.9, 116.9, 115.1, 113.5, 112.0, 110.6, 109.4, 108.4, 107.5, 106.7, 106.2, 106.0, 106.3, 107.1, 108.5, 110.5, 113.1, 116.2, 120.0, 124.3, 129.0, 134.1, 139.6, 145.1, 150.5, 155.6, 160.4, 164.7, 168.4, 171.6, 174.1, 175.9, 177.0, 177.5, 177.3, 176.5, 175.1, 173.2, 170.9, 168.2, 165.1, 161.9, 158.4, 154.8, 151.1, 147.4, 143.6, 139.8, 136.1, 132.5, 128.9, 125.4, 122.1, 118.9, 115.8, 112.8, 110.0, 107.4, 104.9, 102.6, 100.4, 98.1, 92.4, 86.0, 80.0, 74.5, 73.0, 73.2, 73.9, 74.7, 75.2, 75.5, 75.5, 75.2, 74.7, 74.0, 73.1, 72.1, 71.0, 69.9, 69.0, 68.2, 67.7, 67.5, 67.6, 68.1, 68.9, 70.1, 71.7, 73.5, 75.5, 77.5, 79.5, 81.4, 83.0, 84.5, 85.7, 86.6, 87.1, 87.3, 87.1, 86.6, 85.7, 84.5, 83.1, 81.5, 79.7, 77.8, 75.8, 73.7, 71.5, 69.3, 66.9, 64.3, 61.5, 58.4, 55.1, 52.9, 49.9, 47.8, 44.8, 43.0, 40.4, 38.5, 36.2, 34.8, 33.3, 32.7, 32.2, 31.9, 31.7, 31.6, 31.7, 32.3, 33.2, 34.5, 35.9, 37.5, 39.1, 40.9, 42.7, 44.6, 46.5, 48.4, 50.4, 52.4, 54.5, 56.8, 59.1, 61.4, 63.7, 66.1, 68.3, 70.5, 72.6, 74.5, 76.2, 77.7, 79.0, 80.0, 80.9, 81.8, 82.8, 83.8, 84.8, 85.5, 86.1, 86.8, 87.6, 88.6, 89.9, 91.3, 92.8, 94.3, 95.7, 97.0, 98.1, 99.0, 99.6, 100.1, 100.3, 100.2, 99.9, 99.4, 98.7, 97.9, 96.9, 95.8, 94.6, 93.3, 92.0, 90.7, 89.4, 88.1, 86.8, 85.5, 84.3, 83.1, 82.0, 81.1, 80.2, 79.4, 78.7, 78.1, 77.6, 77.2, 76.9, 76.7, 76.6, 76.7, 76.8, 77.0, 77.3, 77.7, 78.2, 78.8, 79.5, 80.3, 81.2, 82.2, 82.3, 75.6, 67.2, 59.7, 53.9, 49.7, 47.8, 52.8, 60.3, 67.8, 74.6, 80.6, 86.1, 91.3, 96.4, 101.3, 106.0, 110.4, 114.7, 119.2, 124.0, 129.2, 134.8, 141.0, 147.6, 154.5, 161.4, 168.0, 174.1, 179.6, 184.3, 188.2, 191.1, 193.0, 193.9, 194.0, 193.7, 193.2, 192.3, 191.0, 189.2, 187.0, 184.3, 181.2, 177.9, 174.3, 170.5, 166.6, 162.6, 158.7, 154.7, 150.9, 147.1, 143.5, 139.9, 136.6, 133.4, 130.3, 127.5, 124.8, 122.3, 120.0, 117.9, 115.9, 114.1, 112.6, 111.1, 109.9, 108.8, 107.9, 107.1, 106.5, 106.1, 105.8, 105.7, 105.7, 105.9, 106.1, 106.5, 106.9, 107.3, 107.8, 108.2, 108.6, 109.1, 109.8, 110.7, 112.0, 113.7, 115.8, 118.4, 121.3, 124.7, 128.3, 132.3, 136.4, 140.7, 144.7, 148.5, 151.9, 154.7, 156.9, 158.5, 159.4, 159.7, 159.4, 158.5, 157.1, 155.4, 153.2, 150.7, 148.0, 145.1, 142.0, 138.8, 135.6, 132.3, 129.0, 125.7, 122.5, 119.4, 116.3, 113.4, 110.5, 107.8, 105.2, 102.8, 100.5, 98.3, 96.2, 94.3, 92.6, 91.0, 89.5, 88.2, 87.0, 85.9, 84.8, 80.6, 75.7, 70.7, 66.2, 65.1, 66.0, 67.5, 69.1, 70.4, 71.6, 72.4, 73.0, 73.4, 73.6, 73.6, 73.4, 73.2, 73.0, 73.1, 73.4, 74.1, 75.2, 76.7, 78.7, 81.0, 83.5, 86.2, 88.7, 91.1, 93.4, 95.3, 96.9, 98.1, 99.0, 99.4, 99.5, 99.2, 98.5, 97.4, 96.0, 94.3, 92.4, 90.4, 88.2, 85.9, 83.5, 81.2, 78.8, 76.5, 74.1, 71.8, 69.6, 67.3, 64.9, 62.4, 59.8, 57.1, 54.2, 51.3, 49.6, 47.7, 46.7, 45.5, 44.9, 44.0, 43.3, 42.4, 41.7, 40.8, 40.0, 39.1, 38.3, 37.3, 36.6, 35.6, 34.9, 34.0, 33.3, 32.5, 31.8, 31.1, 30.6, 30.1, 29.7, 29.4, 29.2, 29.1, 29.0, 29.1, 29.2, 29.4, 29.7, 30.0, 30.4, 30.9, 31.4, 32.0, 32.6, 33.2, 33.8, 34.3, 34.8, 35.1, 35.4, 35.4, 35.3, 35.0, 34.5, 33.8, 32.9, 31.9, 30.7, 29.6, 28.4, 27.3, 26.2, 25.1, 24.1, 23.1, 22.2, 21.2, 20.4, 19.7, 19.2, 18.9, 18.6, 18.5, 18.3, 18.2, 18.2, 18.1, 18.1, 18.1, 18.0, 18.0, 18.0, 18.0, 18.0, 18.0, 18.0, 18.0, 18.0, 18.0, 18.0, 18.0, 18.0, 18.1, 18.3, 18.5, 18.8, 18.8, 18.6, 18.4, 18.3, 18.2, 18.2, 18.5, 20.3, 23.8, 27.1, 29.8, 31.6, 33.0, 34.1, 35.1, 35.9, 36.4, 36.7, 36.8, 36.9, 37.1, 37.5, 38.0, 38.8, 39.8, 41.2, 42.8, 44.5, 46.4, 48.6, 50.7, 52.7, 54.6, 56.2, 57.8, 59.3, 60.9, 62.4, 63.8, 65.0, 66.1, 66.9, 67.5, 68.0, 68.2, 68.3, 68.2, 67.9, 67.6, 67.1, 66.6, 65.9, 65.2, 64.5, 63.8, 63.0, 62.3, 61.6, 60.9, 60.2, 59.6, 59.1, 58.6, 58.1, 57.8, 57.5, 57.2, 57.0, 56.9, 56.9, 57.0, 57.3, 57.6, 58.1, 58.7, 59.3, 59.9, 60.6, 61.1, 61.7, 62.1, 62.5, 62.7, 62.8, 62.8, 62.6, 62.1, 61.4, 60.4, 59.0, 57.4, 55.7, 53.9, 52.3, 51.0, 50.0, 49.4, 49.2, 49.3, 49.7, 50.4, 51.4, 52.6, 53.8, 55.0, 56.2, 57.3, 58.4, 59.3, 60.1, 60.8, 61.3, 62.5, 63.4, 64.3, 65.2, 65.8, 63.4, 60.2, 57.2, 55.5, 55.9, 57.7, 60.1, 62.6, 64.9, 67.0, 68.8, 70.5, 72.0, 73.3, 74.5, 75.6, 76.5, 77.3, 77.9, 78.4, 78.7, 78.8, 78.7, 78.4, 77.9, 77.2, 76.3, 75.2, 74.0, 72.7, 71.2, 69.7, 68.0, 66.2, 64.1, 61.8, 59.2, 56.5, 53.8, 51.2, 48.7, 46.5, 44.7, 43.3, 42.4, 41.9, 41.9, 42.3, 43.0, 44.2, 45.6, 47.2, 48.7, 50.2, 51.8, 53.8, 55.7, 57.6, 59.5, 61.5, 63.5, 65.5, 67.7, 69.9, 72.3, 74.7, 77.2, 79.6, 81.9, 84.1, 86.2, 88.3, 90.2, 91.9, 93.5, 94.9, 96.1, 97.1, 97.8, 98.3, 98.5, 98.4, 97.9, 97.2, 96.5, 95.9, 95.5, 95.1, 94.6, 93.9, 92.9, 91.8, 90.4, 88.8, 87.1, 85.3, 83.5, 81.6, 79.7, 77.9, 76.1, 74.4, 72.7, 71.1, 69.6, 68.1, 66.7, 65.3, 63.9, 62.4, 60.9, 59.3, 57.6, 56.0, 54.3, 52.7, 51.1, 49.7, 48.3, 47.0, 45.9, 44.9, 44.0, 43.2, 42.5, 41.9, 41.4, 41.0, 40.7, 40.6, 40.5, 40.5, 40.6, 40.8, 41.1, 41.4, 41.8, 42.3, 42.8, 43.3, 43.7, 44.1, 44.3, 44.4, 44.3, 43.9, 43.4, 42.7, 41.7, 40.5, 39.2, 37.8, 36.2, 34.6, 33.1, 31.5, 30.1, 28.7, 27.3, 26.0, 24.8, 23.7, 22.6, 21.5, 20.6, 19.9, 19.3, 19.0, 18.7, 18.5, 18.4, 18.3, 18.2, 18.1, 18.1, 18.1, 18.0, 18.0, 18.9, 21.0, 23.2, 24.9, 26.0, 26.9, 27.9, 28.8, 29.7, 30.5, 31.1, 31.7, 32.2, 32.8, 33.7, 34.8, 36.3, 38.1, 40.3, 42.7, 45.4, 48.4, 51.6, 55.0, 58.6, 62.2, 65.7, 69.1, 72.3, 75.2, 77.7, 79.9, 81.6, 82.9, 83.6, 83.9, 83.8, 83.2, 82.3, 81.0, 79.6, 77.9, 76.0, 74.0, 72.1, 70.0, 67.6, 65.6, 63.9, 61.7, 59.7, 57.3, 55.1, 52.5, 50.4, 47.8, 45.9, 43.0, 41.6, 40.0, 39.9, 40.1, 40.6, 41.4, 42.3, 43.6, 45.1, 47.0, 49.2, 51.8, 54.8, 58.2, 62.1, 66.5, 71.3, 76.7, 82.8, 89.6, 97.3, 105.8, 115.2, 125.5, 136.7, 148.8, 161.8, 175.6, 187.5, 197.6, 206.2, 213.3, 219.1, 223.7, 227.2, 229.9, 231.6, 232.5, 232.9, 232.9, 237.5, 241.2, 245.7, 250.1, 254.4, 258.0, 261.0, 263.9, 266.9, 270.2, 274.0, 278.2, 282.7, 287.2, 291.6, 295.9, 299.8, 303.3, 306.3, 308.8, 310.7, 312.0, 312.6, 312.4, 311.6, 310.0, 307.7, 304.6, 300.5, 292.0, 282.0, 271.5, 261.2, 254.7, 249.6, 244.7, 239.6, 234.2, 228.6, 223.0, 217.5, 212.2, 207.3, 202.8, 198.7, 195.1, 192.0, 189.4, 187.3, 185.5, 184.1, 182.8, 181.8, 180.9, 180.1, 179.4, 178.9, 178.4, 178.0, 177.6, 177.3, 177.1, 177.0, 176.9, 176.8, 176.9, 177.0, 177.1, 177.3, 177.5, 177.7, 177.9, 178.0, 178.0, 177.8, 177.5, 177.0, 176.3, 175.3, 174.1, 172.6, 171.0, 169.1, 167.0, 164.8, 162.5, 160.1, 157.7, 155.3, 153.2, 151.3, 149.7, 148.3, 147.0, 145.7, 144.4, 143.1, 141.9, 140.8, 139.6, 138.6, 137.6, 136.7, 135.9, 135.1, 134.5, 134.0, 133.5, 133.0, 132.6, 132.2, 131.7, 131.1, 130.4, 129.7, 128.8, 127.8, 126.8, 125.7, 124.5, 123.3, 122.0, 120.7, 119.5, 118.3, 117.1, 115.9, 114.8, 113.8, 112.9, 112.0, 111.2, 110.6, 110.0, 109.5, 109.2, 108.9, 108.8, 108.7, 108.8, 108.9, 109.0, 109.2, 109.3, 109.5, 109.6, 109.8, 109.9, 110.0, 110.0, 110.1, 110.1, 110.2, 110.2, 110.2, 110.2, 110.2, 110.2, 110.2, 110.2, 110.2, 110.2, 110.2, 110.1, 110.1, 110.1, 110.1, 110.1, 110.1, 110.1, 110.1, 110.1, 110.1, 110.1, 110.1, 110.1, 110.1, 110.1, 110.1, 110.1, 110.1, 110.1, 110.1, 108.8, 99.8, 88.6, 78.1, 68.9, 61.0, 55.2, 56.7, 60.9, 65.2, 68.8, 71.5, 73.7, 75.7, 77.6, 79.6, 81.7, 83.9, 86.4, 89.2, 92.4, 96.0, 100.0, 104.5, 109.3, 114.5, 119.8, 125.0, 130.0, 134.6, 138.8, 142.6, 145.7, 148.3, 150.1, 151.4, 152.0, 152.0, 151.5, 150.5, 149.1, 147.3, 145.2, 142.9, 140.4, 137.7, 135.0, 132.5, 130.4, 128.8, 127.4, 126.2, 125.0, 123.7, 122.5, 121.2, 119.9, 118.6, 117.3, 116.0, 114.8, 113.7, 112.6, 111.6, 110.7, 109.9, 109.2, 108.7, 108.2, 108.0, 107.9, 108.4, 109.6, 111.6, 114.5, 118.3, 123.2, 128.8, 135.0, 141.5, 148.1, 154.6, 160.9, 166.7, 172.1, 176.8, 180.9, 184.3, 186.8, 188.6, 189.6, 189.8, 189.3, 188.1, 186.3, 184.0, 181.2, 178.1, 174.6, 170.9, 167.1, 163.1, 159.1, 155.1, 151.0, 147.1, 143.2, 139.4, 135.7, 132.2, 128.8, 125.6, 122.5, 119.6, 116.9, 114.4, 112.0, 109.8, 107.7, 105.9, 104.2, 102.7, 101.3, 100.1, 99.0, 98.1, 97.4, 96.7, 96.3, 96.0, 95.8, 95.8, 95.9, 96.1, 96.5, 97.0, 97.7, 98.5, 99.4, 99.9, 97.3, 93.7, 90.3, 87.8, 89.0, 92.3, 96.3, 100.5, 104.6, 108.5, 112.4, 116.2, 120.1, 123.9, 127.8, 131.7, 135.5, 139.0, 142.3, 145.0, 147.2, 148.9, 149.9, 150.4, 150.3, 149.7, 148.6, 147.1, 145.3, 143.1, 140.7, 138.1, 135.3, 132.5, 129.5, 126.5, 123.5, 120.5, 117.6, 114.7, 111.9, 109.1, 106.5, 104.0, 101.6, 99.4, 97.2, 95.2, 93.3, 91.6, 90.0, 88.6, 87.4, 86.8, 86.5, 86.6, 86.8, 87.2, 87.6, 88.1, 88.6, 89.1, 89.7, 90.4, 91.1, 91.8, 92.7, 93.6, 94.6, 95.7, 96.8, 98.1, 99.5, 100.9, 102.4, 103.9, 105.4, 106.8, 108.1, 109.3, 110.4, 111.3, 112.0, 112.6, 113.1, 113.4, 113.6, 113.7, 113.8, 113.7, 113.6, 113.4, 113.1, 112.9, 112.6, 112.3, 112.0, 111.7, 111.4, 111.2, 110.9, 110.7, 110.6, 110.4, 110.3, 110.2, 110.2, 110.1, 110.1, 110.1, 110.1, 110.1, 110.1, 110.1, 110.1, 110.1, 110.1, 110.1, 110.1, 110.1, 110.1, 110.1, 110.1, 110.1, 110.1, 110.1, 110.1, 110.1, 110.1, 110.1, 110.1, 110.1, 110.1, 110.1, 110.1, 110.1, 110.1, 110.1, 110.1, 110.1, 110.1, 110.1, 110.1, 110.1, 110.1, 110.1, 110.1, 110.1, 108.7, 99.6, 88.0, 77.1, 67.7, 60.2, 55.5, 59.1, 66.5, 75.1, 83.9, 92.3, 100.4, 108.3, 115.9, 122.9, 129.3, 134.7, 139.2, 142.8, 145.5, 147.3, 148.3, 148.6, 148.3, 147.4, 146.0, 144.2, 142.1, 139.7, 137.1, 134.3, 131.4, 128.4, 125.5, 122.5, 119.5, 116.6, 113.8, 111.0, 108.4, 105.8, 103.4, 101.1, 99.0, 96.9, 95.2, 93.9, 93.6, 93.7, 94.1, 94.6, 95.2, 95.9, 96.5, 97.1, 97.6, 98.2, 98.8, 99.4, 100.0, 100.7, 101.5, 102.3, 103.1, 104.1, 105.1, 106.1, 107.2, 108.2, 109.2, 110.1, 110.9, 111.6, 112.2, 112.6, 113.0, 113.2, 113.3, 113.3, 113.2, 113.1, 112.9, 112.7, 112.4, 112.1, 111.9, 111.6, 111.4, 111.5, 111.9, 112.7, 114.0, 115.7, 117.9, 120.6, 123.7, 127.2, 130.9, 134.7, 138.5, 142.0, 145.2, 148.0, 150.3, 152.1, 153.3, 154.0, 154.1, 153.7, 152.9, 151.6, 150.0, 148.0, 145.8, 143.4, 140.9, 138.3, 135.6, 132.8, 130.1, 127.4, 124.4, 118.6, 111.0, 103.3, 96.4, 92.7, 91.8, 91.9, 92.3, 92.5, 92.4, 92.2, 91.8, 91.2, 90.7, 90.1, 89.5, 89.0, 88.5, 88.2, 87.9, 87.7, 87.7, 87.7, 87.9, 88.3, 89.0, 90.1, 91.7, 93.9, 96.7, 100.0, 103.8, 108.2, 113.0, 118.1, 123.1, 128.1, 132.9, 137.3, 141.2, 144.7, 147.6, 149.8, 151.4, 152.4, 152.7, 152.5, 151.8, 150.6, 149.0, 147.0, 144.8, 142.3, 139.6, 136.7, 133.8, 130.8, 127.8, 124.8, 121.8, 118.9, 116.0, 113.2, 110.5, 107.8, 105.3, 102.9, 100.6, 98.4, 96.3, 94.4, 92.5, 90.8, 89.2, 87.8, 86.4, 85.3, 84.4, 84.2, 84.4, 85.1, 85.9, 86.8, 87.8, 88.8, 89.8, 90.8, 91.8, 92.8, 93.8, 94.8, 95.9, 97.0, 98.2, 99.4, 100.7, 102.0, 103.4, 104.8, 106.1, 107.4, 108.6, 109.6, 110.6, 111.4, 112.0, 112.5, 112.9, 113.1, 113.2, 113.2, 113.2, 113.0, 112.9, 112.6, 112.4, 112.1, 111.8, 111.6, 111.3, 111.1, 110.9, 110.7, 110.5, 110.4, 110.3, 110.2, 110.2, 110.1, 110.1, 110.1, 110.1, 110.1, 110.1, 110.1, 110.1, 110.1, 110.1, 110.1, 110.1, 110.1, 110.1, 110.1, 110.1, 110.1, 110.1, 110.1, 110.1, 110.1, 110.1, 110.1, 110.1, 110.1, 110.1, 110.1, 110.1, 110.1, 110.1, 110.1, 110.1, 110.1, 110.1, 110.1, 110.1, 110.1, 108.7, 99.7, 88.5, 78.3, 69.9, 63.4, 59.5, 63.8, 71.5, 80.1, 88.3, 95.7, 102.5, 108.7, 114.3, 119.3, 123.5, 126.9, 129.3, 130.9, 131.9, 132.1, 131.8, 131.1, 129.9, 128.4, 126.7, 124.7, 122.6, 120.3, 118.0, 115.6, 113.2, 110.8, 108.4, 106.0, 103.7, 101.5, 99.3, 97.3, 95.3, 93.4, 91.9, 90.9, 90.5, 90.4, 90.5, 90.7, 90.9, 91.1, 91.3, 91.5, 91.6, 91.8, 92.0, 92.2, 92.5, 92.8, 93.2, 93.7, 94.2, 94.8, 95.6, 96.4, 97.3, 98.4, 99.5, 100.7, 102.0, 103.3, 104.6, 105.9, 107.0, 108.1, 109.0, 109.8, 110.4, 111.0, 111.4, 111.6, 111.8, 111.9, 111.9, 112.1, 112.5, 113.6, 115.4, 118.0, 121.4, 125.6, 130.2, 135.1, 140.0, 144.8, 149.2, 153.2, 156.6, 159.5, 161.6, 163.1, 164.0, 164.1, 163.7, 162.8, 161.3, 159.5, 157.3, 154.8, 152.1, 149.2, 146.2, 143.1, 140.0, 136.9, 133.8, 130.8, 127.9, 125.0, 122.2, 119.6, 117.1, 114.7, 112.4, 110.3, 108.4, 106.6, 104.9, 103.4, 102.0, 100.8, 99.8, 98.8, 98.1, 97.0, 92.7, 87.6, 82.9, 79.0, 79.0, 81.0, 83.6, 86.2, 88.6, 90.7, 92.5, 94.1, 95.5, 96.8, 98.0, 99.2, 100.3, 101.5, 102.7, 104.2, 105.9, 108.0, 110.4, 113.3, 116.5, 120.1, 124.0, 128.1, 132.4, 136.8, 141.0, 144.9, 148.4, 151.3, 153.5, 155.1, 156.1, 156.4, 156.1, 155.2, 153.8, 152.0, 149.9, 147.4, 144.7, 141.7, 138.7, 135.5, 132.3, 129.1, 125.9, 122.7, 119.6, 116.6, 113.6, 110.8, 108.1, 105.6, 103.1, 100.9, 98.7, 96.8, 95.3, 94.2, 93.4, 92.9, 92.6, 92.3, 92.1, 92.0, 91.9, 91.9, 92.0, 92.1, 92.3, 92.5, 92.9, 93.3, 93.8, 94.5, 95.2, 96.1, 97.0, 98.1, 99.3, 100.5, 101.9, 103.2, 104.5, 105.8, 107.0, 108.1, 109.1, 109.9, 110.6, 111.1, 111.5, 111.8, 111.9, 112.0, 112.0, 111.8, 111.7, 111.5, 111.3, 111.0, 110.8, 110.6, 110.4, 110.2, 110.1, 110.0, 110.0, 110.0, 110.0, 110.0, 110.0, 110.0, 110.0, 110.1, 110.1, 110.1, 110.1, 110.1, 110.1, 110.1, 110.1, 110.1, 110.1, 110.1, 110.1, 110.1, 110.1, 110.1, 110.1, 110.1, 110.1, 110.1, 110.1, 110.1, 110.1, 110.1, 110.1, 110.1, 110.1, 110.1, 110.1, 110.1, 110.1, 110.1, 110.1, 110.1, 110.2, 110.2, 108.7, 99.6, 88.1, 77.2, 67.6, 59.5, 53.6, 55.1, 59.3, 63.8, 67.5, 70.3, 72.6, 74.6, 76.6, 78.6, 80.8, 83.3, 86.0, 89.2, 92.9, 97.1, 102.0, 107.4, 113.2, 119.3, 125.4, 131.4, 137.1, 142.4, 147.2, 151.4, 154.8, 157.6, 159.6, 160.9, 161.5, 161.4, 160.7, 159.5, 157.8, 155.7, 153.2, 150.5, 147.5, 144.4, 141.2, 138.0, 134.7, 131.4, 128.2, 125.0, 121.9, 118.9, 116.0, 113.4, 111.4, 110.2, 109.6, 109.3, 109.2, 109.1, 109.0, 108.9, 108.8, 108.7, 108.5, 108.4, 108.2, 108.1, 108.1, 108.1, 108.2, 108.4, 108.7, 109.0, 109.3, 109.7, 110.1, 110.4, 110.7, 111.0, 111.2, 111.3, 111.4, 111.5, 111.6, 112.0, 112.9, 114.3, 116.4, 119.2, 122.7, 126.8, 131.5, 136.6, 141.7, 146.7, 151.5, 156.0, 160.0, 163.4, 166.3, 168.6, 170.2, 171.2, 171.6, 171.3, 170.5, 169.1, 167.3, 165.1, 162.5, 159.7, 156.6, 153.4, 150.1, 146.7, 143.3, 139.9, 136.3, 129.9, 121.7, 113.5, 105.8, 101.4, 99.7, 99.1, 98.6, 98.0, 97.1, 95.9, 94.5, 92.9, 91.1, 89.2, 87.2, 85.1, 83.1, 81.1, 79.1, 77.2, 75.4, 73.7, 72.0, 70.5, 69.3, 68.5, 68.1, 68.2, 69.0, 70.3, 72.2, 74.6, 77.6, 80.9, 84.5, 88.2, 91.9, 95.6, 99.1, 102.3, 105.4, 108.1, 110.4, 112.4, 114.0, 115.1, 115.9, 116.2, 116.0, 115.5, 114.6, 113.3, 111.6, 109.7, 107.4, 105.0, 102.4, 99.6, 96.8, 93.9, 91.0, 88.1, 85.2, 82.4, 79.8, 77.2, 74.7, 72.4, 70.1, 67.8, 65.5, 63.2, 60.8, 58.4, 56.0, 53.7, 51.4, 49.1, 47.0, 44.9, 42.9, 40.9, 39.4, 37.9, 36.5, 35.2, 34.0, 33.0, 32.3, 32.1, 32.1, 32.3, 32.7, 33.1, 33.5, 33.9, 34.4, 34.9, 35.3, 35.8, 36.3, 36.8, 37.4, 38.1, 38.9, 39.7, 40.5, 41.3, 42.0, 42.6, 43.1, 43.5, 43.6, 43.5, 43.2, 42.7, 41.9, 40.9, 39.6, 38.2, 36.6, 35.0, 33.5, 31.9, 30.4, 29.0, 27.5, 26.2, 25.0, 23.8, 22.7, 21.7, 20.7, 19.9, 19.4, 19.0, 18.7, 18.5, 18.4, 18.3, 18.2, 18.1, 18.1, 18.1, 18.0, 18.0, 18.0, 18.0, 18.0, 18.0, 18.0, 18.0, 18.0, 18.0, 18.0, 18.0, 18.0, 18.0, 18.1, 18.2, 18.5, 18.7, 19.1, 19.4, 19.8, 20.1, 20.0, 19.4, 19.0, 18.7, 18.5, 18.4, 18.3, 19.2, 21.3, 23.2, 24.7, 25.7, 26.4, 27.1, 28.0, 28.9, 29.9, 30.9, 32.0, 33.2, 34.4, 35.8, 37.2, 38.6, 40.0, 41.4, 42.7, 44.0, 45.1, 46.2, 47.3, 48.2, 49.2, 50.1, 51.0, 51.9, 52.7, 53.5, 54.3, 55.1, 55.8, 56.6, 57.3, 58.0, 58.7, 59.5, 60.4, 61.3, 62.2, 63.2, 64.5, 66.0, 67.6, 69.2, 70.6, 71.8, 72.8, 73.5, 73.9, 73.9, 73.7, 73.1, 72.4, 71.4, 70.1, 68.7, 67.1, 65.3, 63.1, 60.9, 58.8, 57.1, 55.8, 55.2, 55.1, 55.6, 56.5, 57.5, 58.7, 59.9, 60.9, 62.9, 64.5, 66.3, 67.8, 69.5, 71.0, 72.6, 74.2, 75.8, 77.3, 78.9, 80.6, 82.3, 84.1, 86.0, 87.8, 89.5, 91.3, 92.9, 94.4, 95.9, 97.1, 98.3, 99.3, 100.0, 100.6, 101.0, 101.1, 101.0, 100.7, 100.0, 99.1, 98.0, 96.7, 95.1, 93.4, 91.5, 89.5, 87.4, 85.3, 83.2, 81.1, 79.0, 77.0, 75.0, 73.2, 71.4, 69.6, 67.9, 66.1, 64.4, 62.5, 60.5, 58.4, 56.3, 54.1, 51.9, 49.9, 45.5, 39.4, 33.4, 29.1, 26.7, 26.2, 26.6, 27.2, 27.8, 28.1, 28.3, 28.2, 28.0, 27.7, 27.3, 26.8, 26.4, 26.2, 26.2, 26.5, 27.1, 28.0, 29.3, 30.9, 32.9, 35.0, 37.3, 39.5, 41.8, 44.0, 46.1, 48.1, 49.9, 51.7, 53.3, 54.8, 56.2, 57.5, 58.7, 59.8, 60.9, 61.8, 62.7, 63.6, 64.4, 65.3, 66.3, 67.2, 68.1, 68.9, 69.6, 70.2, 70.6, 70.9, 70.9, 70.9, 70.6, 70.1, 69.5, 68.8, 67.9, 66.8, 65.6, 64.2, 62.6, 60.8, 58.7, 56.5, 54.2, 52.0, 50.2, 49.0, 48.0, 47.0, 46.3, 45.8, 45.2, 44.5, 43.8, 43.0, 42.2, 41.3, 40.4, 39.5, 38.6, 37.7, 36.8, 35.9, 35.1, 34.4, 33.8, 33.3, 32.9, 32.6, 32.4, 32.2, 32.2, 32.2, 32.3, 32.5, 32.8, 33.2, 33.7, 34.3, 34.8, 35.3, 35.8, 36.2, 36.5, 36.7, 36.7, 36.5, 36.2, 35.7, 35.1, 34.2, 33.3, 32.2, 31.0, 29.7, 28.5, 27.3, 26.2, 25.1, 24.0, 23.0, 22.0, 21.1, 20.3, 19.7, 19.2, 18.9, 18.6, 18.4, 18.3, 18.2, 18.2, 18.1, 18.1, 18.1, 18.0, 18.0, 18.0, 18.0, 18.0, 18.0, 18.1, 18.3, 18.8, 19.0, 18.7, 18.5, 18.4, 18.3, 18.2, 19.9, 25.5, 33.2, 41.1, 48.6, 55.5, 62.1, 68.6, 75.0, 81.3, 87.1, 92.6, 97.6, 102.1, 106.1, 109.7, 112.8, 115.4, 117.5, 119.1, 120.3, 120.9, 121.0, 120.6, 119.8, 118.5, 116.8, 114.8, 112.5, 109.9, 107.1, 104.2, 101.1, 97.9, 94.7, 91.5, 88.3, 85.2, 82.2, 79.3, 76.5, 73.8, 71.2, 68.7, 66.2, 63.6, 61.1, 58.5, 56.0, 53.8, 52.1, 50.7, 49.4, 48.2, 47.0, 45.8, 44.4, 43.1, 42.2, 41.1, 40.1, 39.1, 38.1, 37.1, 36.2, 35.3, 34.4, 33.6, 32.9, 32.3, 31.8, 31.4, 31.1, 30.9, 30.8, 30.7, 30.8, 31.0, 31.2, 31.5, 32.0, 32.5, 33.1, 33.8, 34.4, 35.0, 35.6, 36.3, 37.0, 37.9, 38.8, 39.9, 41.1, 42.4, 43.7, 45.1, 46.5, 47.8, 49.0, 50.2, 51.1, 51.8, 52.3, 52.4, 52.2, 51.5, 51.0, 50.6, 49.9, 49.2, 48.3, 47.4, 46.2, 45.2, 43.8, 42.7, 41.0, 40.1, 38.3, 37.2, 35.4, 34.8, 34.4, 34.9, 35.5, 36.2, 37.2, 38.2, 39.5, 40.9, 42.6, 43.8, 42.1, 39.5, 36.5, 34.0, 34.6, 36.7, 39.4, 42.3, 45.3, 48.4, 51.8, 55.4, 59.4, 63.9, 68.9, 74.4, 80.3, 86.6, 93.3, 100.3, 107.4, 114.6, 121.5, 128.2, 134.5, 140.2, 145.3, 149.7, 153.5, 156.9, 160.1, 163.2, 166.2, 168.4, 170.2, 172.1, 174.4, 177.4, 180.7, 184.4, 188.3, 192.2, 195.9, 199.5, 202.8, 205.8, 208.5, 210.7, 212.4, 213.7, 214.4, 214.7, 214.3, 213.4, 211.9, 209.9, 207.3, 204.2, 200.8, 196.9, 192.7, 188.3, 183.6, 178.9, 174.0, 169.2, 164.3, 159.5, 154.7, 150.1, 145.6, 141.4, 137.6, 134.7, 132.3, 130.2, 128.2, 126.4, 124.6, 122.9, 121.3, 119.6, 118.1, 116.5, 115.1, 113.7, 112.4, 111.2, 110.1, 109.1, 108.1, 107.3, 106.6, 106.1, 105.6, 105.2, 105.0, 104.9, 104.9, 105.0, 105.3, 105.6, 106.1, 106.6, 107.1, 107.6, 108.1, 108.6, 109.0, 109.4, 109.7, 110.0, 110.2, 110.3, 110.4, 110.5, 110.5, 110.5, 110.5, 110.5, 110.5, 110.4, 110.4, 110.3, 110.3, 110.2, 110.2, 110.2, 110.2, 110.2, 110.1, 110.1, 110.1, 110.1, 110.1, 110.1, 110.1, 110.1, 110.1, 110.1, 110.1, 110.1, 110.1, 110.1, 110.1, 110.1, 110.1, 110.1, 110.1, 110.1, 108.8, 100.0, 89.1, 78.8, 69.9, 62.2, 56.4, 58.0, 62.1, 66.4, 69.9, 72.6, 74.7, 76.6, 78.4, 80.0, 81.3, 82.5, 83.7, 85.1, 86.8, 89.0, 91.7, 95.1, 99.0, 103.5, 108.4, 113.4, 118.4, 123.3, 127.9, 132.1, 135.9, 139.2, 142.0, 144.3, 146.4, 148.4, 150.1, 151.2, 151.9, 152.0, 151.6, 150.7, 149.5, 147.9, 146.0, 143.9, 141.6, 139.2, 136.7, 134.1, 131.5, 129.0, 126.5, 124.1, 121.8, 119.5, 117.4, 115.4, 113.5, 111.7, 110.1, 108.6, 107.3, 106.1, 105.0, 104.1, 103.3, 102.7, 102.2, 101.9, 101.6, 101.6, 101.6, 101.9, 102.2, 102.7, 103.2, 103.9, 104.7, 105.4, 106.2, 107.0, 107.7, 108.3, 108.9, 109.5, 110.5, 111.9, 114.0, 116.9, 120.5, 125.0, 130.1, 135.6, 141.3, 147.0, 152.4, 157.5, 162.1, 166.2, 169.6, 172.4, 174.4, 175.8, 176.5, 176.5, 175.9, 174.7, 173.0, 170.8, 168.3, 165.5, 162.4, 159.2, 155.8, 152.3, 148.4, 140.7, 131.9, 123.2, 115.3, 111.5, 109.8, 108.9, 108.1, 107.1, 105.9, 104.4, 102.7, 100.9, 98.9, 96.9, 94.9, 92.9, 91.0, 89.1, 87.2, 85.4, 83.8, 82.2, 80.8, 79.7, 79.1, 79.1, 80.0, 81.8, 84.6, 88.2, 92.6, 97.4, 102.5, 107.7, 113.0, 118.2, 123.2, 127.9, 132.3, 136.4, 139.9, 143.1, 145.7, 147.8, 149.3, 150.3, 150.8, 150.7, 150.2, 149.2, 147.8, 146.1, 144.0, 141.8, 139.3, 136.7, 133.9, 131.1, 128.3, 125.5, 122.6, 119.9, 117.1, 114.5, 111.9, 109.5, 107.1, 104.8, 102.7, 100.7, 98.8, 97.0, 95.3, 93.8, 92.4, 91.1, 90.0, 88.9, 88.1, 87.3, 86.8, 86.7, 87.3, 88.4, 89.8, 91.3, 92.8, 94.4, 96.0, 97.7, 99.3, 100.9, 102.5, 104.2, 105.8, 107.4, 108.9, 110.3, 111.6, 112.8, 113.8, 114.7, 115.4, 115.9, 116.2, 116.4, 116.5, 116.5, 116.3, 116.0, 115.7, 115.3, 114.9, 114.4, 113.9, 113.4, 112.9, 112.5, 112.0, 111.6, 111.2, 110.9, 110.6, 110.4, 110.3, 110.2, 110.1, 110.1, 110.0, 110.0, 110.0, 110.1, 110.1, 110.1, 110.1, 110.1, 110.1, 110.1, 110.1, 110.1, 110.1, 110.2, 110.2, 110.2, 110.2, 110.2, 110.2, 110.2, 110.1, 110.1, 110.1, 110.1, 110.1, 110.1, 110.2, 110.2, 110.2, 110.2, 110.2, 110.2, 110.2, 110.2, 110.2, 110.2, 110.2, 110.2, 110.2, 110.4, 109.5, 101.5, 91.9, 84.0, 78.6, 75.9, 76.7, 85.7, 98.2, 111.0, 122.6, 132.8, 141.6, 149.4, 156.1, 161.7, 166.0, 169.2, 171.2, 172.1, 172.0, 171.2, 169.6, 167.5, 164.9, 162.0, 158.7, 155.2, 151.5, 147.8, 144.0, 140.2, 136.4, 132.6, 128.9, 125.3, 121.9, 118.5, 115.3, 112.1, 109.2, 106.4, 103.9, 102.0, 100.7, 99.9, 99.5, 99.2, 99.0, 98.8, 98.7, 98.5, 98.2, 98.0, 97.8, 97.6, 97.5, 97.4, 97.4, 97.4, 97.5, 97.7, 98.0, 98.4, 98.9, 99.5, 100.2, 101.0, 101.9, 102.9, 103.9, 104.9, 105.9, 106.9, 107.9, 109.1, 110.5, 112.2, 114.4, 116.9, 119.8, 123.1, 126.7, 130.6, 134.4, 138.1, 141.4, 144.4, 146.8, 148.7, 150.0, 150.7, 150.8, 150.5, 149.6, 148.4, 146.7, 144.8, 142.6, 140.1, 137.5, 134.8, 132.0, 129.1, 126.3, 123.4, 120.5, 117.7, 114.9, 112.3, 109.7, 107.1, 104.7, 102.4, 100.2, 98.1, 96.1, 94.3, 92.5, 90.9, 89.3, 87.9, 86.4, 81.4, 75.7, 70.0, 64.7, 63.3, 63.7, 64.5, 65.4, 66.1, 66.6, 66.7, 66.7, 66.3, 65.8, 65.0, 63.9, 62.5, 60.6, 58.3, 55.7, 53.1, 50.4, 47.8, 45.2, 42.7, 40.3, 38.0, 35.9, 33.9, 31.9, 30.2, 28.7, 27.2, 25.9, 24.7, 23.7, 23.0, 22.7, 22.6, 22.9, 23.5, 24.5, 25.7, 27.3, 29.1, 31.0, 33.0, 35.0, 36.9, 38.8, 40.6, 42.3, 43.9, 45.5, 47.1, 48.7, 50.3, 51.8, 53.3, 54.8, 56.2, 57.7, 59.1, 60.5, 61.9, 63.4, 65.0, 66.8, 68.7, 70.6, 72.6, 74.4, 76.2, 77.9, 79.5, 81.0, 82.7, 84.4, 86.2, 87.8, 89.2, 90.3, 91.0, 91.4, 91.4, 91.0, 90.3, 89.3, 88.0, 86.5, 84.8, 83.0, 81.1, 79.2, 77.2, 75.3, 73.3, 71.4, 69.5, 67.6, 65.7, 63.6, 61.4, 59.0, 56.5, 54.1, 51.8, 49.5, 47.3, 45.3, 43.4, 41.6, 39.9, 38.3, 36.8, 35.5, 34.2, 33.0, 31.9, 31.0, 30.2, 29.5, 28.9, 28.4, 28.0, 27.8, 27.6, 27.5, 27.6, 27.7, 27.9, 28.2, 28.5, 28.9, 29.4, 29.8, 30.3, 30.6, 30.9, 31.1, 31.1, 31.0, 30.7, 30.1, 29.4, 28.6, 27.5, 26.4, 25.3, 24.2, 23.1, 22.0, 21.0, 20.2, 19.6, 19.1, 18.8, 18.6, 18.4, 18.3, 18.2, 18.2, 18.1, 18.1, 18.1, 18.0, 18.0, 18.0, 18.0, 18.0, 18.0, 18.0, 18.9, 20.8, 22.7, 24.1, 24.9, 25.4, 26.0, 26.5, 27.1, 27.4, 27.8, 28.2, 28.7, 29.3, 30.3, 31.5, 33.1, 35.0, 37.3, 39.9, 43.0, 46.4, 50.2, 54.4, 58.8, 63.4, 68.2, 73.0, 77.8, 82.4, 87.1, 92.0, 97.5, 103.2, 108.7, 114.0, 118.8, 123.2, 126.9, 130.1, 132.6, 134.5, 135.8, 136.5, 136.6, 136.1, 135.2, 133.8, 131.9, 129.8, 127.4, 124.7, 121.9, 119.0, 115.9, 112.9, 109.8, 106.8, 103.8, 100.8, 97.9, 95.2, 92.5, 90.0, 87.6, 85.3, 83.2, 81.2, 79.4, 77.8, 76.3, 74.9, 73.7, 72.6, 71.7, 71.0, 70.6, 70.7, 71.2, 72.3, 74.0, 76.2, 79.1, 82.5, 86.3, 90.4, 94.6, 98.8, 103.0, 107.0, 110.8, 114.3, 117.5, 120.3, 122.7, 124.7, 126.2, 127.2, 127.9, 128.1, 127.9, 127.4, 126.6, 125.5, 124.2, 122.7, 121.0, 119.3, 117.5, 115.6, 113.7, 111.8, 109.9, 108.1, 106.3, 104.6, 103.0, 101.4, 99.9, 98.6, 97.3, 96.2, 94.7, 89.7, 84.1, 78.8, 74.4, 74.5, 76.1, 78.1, 79.9, 81.4, 82.5, 83.2, 83.7, 83.8, 83.8, 83.5, 83.2, 82.8, 82.6, 82.7, 83.3, 84.4, 86.2, 88.5, 91.5, 94.8, 98.4, 102.1, 105.7, 109.2, 112.6, 115.7, 118.5, 120.9, 122.9, 124.5, 125.7, 126.5, 126.9, 127.0, 126.7, 126.2, 125.5, 124.5, 123.4, 122.1, 120.8, 119.4, 117.9, 116.4, 115.0, 113.5, 112.1, 110.7, 109.4, 108.1, 107.0, 105.9, 104.9, 104.0, 103.2, 102.5, 102.0, 101.5, 101.2, 101.0, 100.9, 100.9, 101.2, 102.1, 103.5, 105.5, 107.8, 110.3, 112.8, 115.2, 117.5, 119.6, 121.5, 123.2, 124.5, 125.6, 126.4, 126.9, 127.1, 127.2, 127.0, 126.6, 126.1, 125.4, 124.6, 123.8, 122.8, 121.9, 120.9, 119.9, 118.8, 117.9, 116.9, 116.0, 115.1, 114.3, 113.5, 112.8, 112.2, 111.7, 111.2, 110.8, 110.5, 110.2, 110.1, 110.0, 109.9, 109.9, 109.9, 109.9, 110.0, 110.0, 110.0, 110.0, 110.1, 110.1, 110.1, 110.1, 110.1, 110.1, 110.1, 110.1, 110.1, 110.1, 110.1, 110.1, 110.1, 110.2, 110.2, 110.2, 110.2, 110.2, 110.2, 110.2, 110.2, 110.2, 110.2, 110.2, 110.2, 110.2, 110.2, 110.2, 110.2, 110.1, 110.1, 110.1, 110.1, 110.1, 110.2, 110.2, 110.2, 110.2, 110.2, 108.7, 99.6, 88.1, 77.3, 67.8, 59.6, 53.7, 55.2, 59.5, 63.9, 67.6, 70.5, 72.7, 74.7, 76.5, 78.2, 79.7, 81.0, 82.3, 83.8, 85.4, 87.3, 89.5, 92.1, 95.1, 98.5, 102.3, 106.3, 110.6, 115.0, 119.2, 123.2, 126.8, 130.1, 132.8, 134.9, 136.5, 137.5, 138.0, 138.1, 137.6, 136.8, 135.5, 134.0, 132.3, 130.3, 128.2, 126.0, 123.7, 121.3, 118.9, 116.5, 114.2, 111.9, 109.9, 108.4, 107.4, 106.8, 106.2, 105.7, 105.3, 104.8, 104.3, 103.8, 103.3, 102.8, 102.4, 101.9, 101.5, 101.2, 100.9, 100.7, 100.6, 100.6, 100.7, 101.0, 102.0, 103.7, 106.3, 109.9, 114.7, 120.4, 126.7, 133.5, 140.5, 147.4, 154.2, 160.6, 166.5, 171.8, 176.4, 180.3, 183.4, 185.7, 187.2, 187.9, 187.8, 186.9, 185.4, 183.3, 180.8, 177.7, 174.4, 170.7, 166.9, 162.9, 158.7, 154.5, 150.3, 146.2, 142.0, 138.0, 134.1, 130.2, 126.6, 123.0, 119.6, 116.4, 113.4, 110.5, 107.8, 105.3, 102.9, 100.8, 98.8, 96.9, 95.2, 93.7, 92.3, 91.1, 89.8, 84.9, 79.5, 74.4, 69.9, 69.8, 71.3, 73.2, 75.0, 76.4, 77.5, 78.3, 78.8, 79.1, 79.2, 79.3, 79.5, 79.9, 80.5, 81.5, 82.8, 84.5, 86.6, 89.1, 91.9, 95.0, 98.3, 101.6, 104.7, 107.7, 110.5, 112.9, 115.0, 116.8, 118.1, 119.1, 119.7, 119.9, 119.9, 119.5, 118.9, 118.1, 117.2, 116.1, 114.9, 113.6, 112.2, 110.8, 109.4, 108.0, 106.7, 105.3, 104.0, 102.8, 101.7, 100.6, 99.6, 98.7, 97.9, 97.2, 96.6, 96.1, 95.7, 95.4, 95.3

Insulin Readings (mU/minute, every 5 minutes): 6033 readings
  Values: 1.8E-05, 3.7E-05, 3.6E-08, 9.9E-08, 1.1E-07, 1.2E-07, 4.9E-07, 8.2E+01, 1.2E+02, 6.5E+01, 8.6E+00, 8.6E+00, 8.6E+00, 9.9E+00, 1.7E+01, 1.6E+01, 2.8E+01, 5.1E+00, 1.8E+01, 2.8E+01, 1.1E+01, 2.1E+01, 1.7E+01, 2.1E+01, 2.0E+01, 1.9E+01, 2.4E+01, 1.8E+01, 2.3E+01, 2.0E+01, 2.2E+01, 2.1E+01, 2.1E+01, 2.1E+01, 2.1E+01, 2.1E+01, 2.1E+01, 2.1E+01, 2.1E+01, 2.1E+01, 2.1E+01, 2.1E+01, 2.0E+01, 2.2E+01, 1.9E+01, 2.2E+01, 1.9E+01, 2.2E+01, 1.4E+01, 2.6E+01, 2.0E+01, 2.7E+01, 1.2E+01, 3.2E+01, 1.2E+01, 2.4E+01, 1.7E+01, 2.4E+01, 1.9E+01, 2.1E+01, 2.1E+01, 2.0E+01, 2.5E+01, 1.6E+01, 2.2E+01, 2.2E+01, 1.7E+01, 2.4E+01, 1.5E+01, 3.2E+01, 1.3E+01, 2.5E+01, 1.5E+01, 2.5E+01, 1.7E+01, 2.4E+01, 1.8E+01, 2.3E+01, 1.2E+02, 1.2E+02, 2.8E+00, 1.9E-07, 1.5E-07, 1.5E-07, 1.3E-07, 1.2E-07, 1.2E-07, 1.2E-07, 1.3E-07, 1.3E-07, 4.4E-07, 8.6E+00, 8.6E+00, 8.6E+00, 8.6E+00, 8.6E+00, 8.6E+00, 8.6E+00, 1.0E+02, 1.0E+02, 1.0E+02, 1.0E+02, 1.0E+02, 1.0E+02, 1.0E+02, 1.0E+02, 1.0E+02, 1.0E+02, 1.0E+02, 1.0E+02, 1.0E+02, 1.0E+02, 1.0E+02, 8.0E-01, 7.7E-07, 2.4E-07, 1.2E-07, 9.3E-08, 8.1E-08, 7.4E-08, 7.1E-08, 7.0E-08, 7.1E-08, 7.4E-08, 8.9E-08, 1.1E-07, 1.5E-08, 1.5E-08, 1.5E-08, 1.6E-08, 1.7E-08, 2.2E-08, 3.4E-08, 1.4E-07, 8.7E-08, 3.6E-08, 5.3E+01, 6.2E+01, 4.7E+01, 3.7E+01, 3.0E+01, 2.6E+01, 2.3E+01, 1.8E+01, 1.6E+01, 1.6E+01, 1.3E+01, 1.4E+01, 9.8E+00, 1.3E+01, 1.4E+01, 7.8E+00, 1.2E-04, 2.6E-06, 8.6E+00, 9.5E+00, 9.3E+01, 8.6E+00, 1.2E+02, 1.2E+02, 1.2E+02, 1.2E+02, 1.2E+02, 1.2E+02, 1.2E+02, 1.2E+02, 1.2E+02, 1.2E+02, 1.2E+02, 1.0E+02, 1.0E+02, 4.6E+00, 3.8E-07, 9.8E-08, 6.0E-08, 7.9E-08, 8.1E-08, 7.7E-08, 6.4E-08, 5.4E-08, 8.9E-08, 3.6E-08, 2.8E-08, 3.2E-08, 2.3E-08, 3.3E-08, 8.1E-08, 9.4E-08, 1.9E-07, 1.8E-06, 5.7E-06, 5.9E-06, 1.2E-07, 1.8E-06, 4.8E-06, 5.0E-06, 4.2E-06, 2.4E-07, 2.0E-06, 2.2E-06, 3.3E-06, 1.7E-06, 4.4E-08, 5.5E-08, 8.4E-08, 1.4E-07, 5.2E-08, 6.5E-08, 1.8E-07, 4.5E-09, 1.2E-08, 2.3E-07, 1.2E-06, 9.9E-07, 4.7E+00, 7.9E-06, 4.8E-07, 7.4E+01, 1.0E+02, 1.0E+02, 1.0E+02, 1.0E+02, 1.0E+02, 1.0E+02, 1.0E+02, 4.6E+01, 2.2E-06, 3.3E-01, 3.4E+00, 4.1E+00, 4.2E+00, 4.2E+00, 4.9E+00, 1.0E+02, 1.0E+02, 1.0E+02, 1.0E+02, 1.0E+02, 1.0E+02, 1.0E+02, 1.0E+02, 1.0E+02, 1.0E+02, 1.0E+02, 1.0E+02, 1.0E+02, 1.2E+02, 1.2E+02, 8.6E+00, 8.6E+00, 8.6E+00, 8.6E+00, 8.6E+00, 8.6E+00, 8.6E+00, 8.6E+00, 8.6E+00, 8.6E+00, 3.9E-08, 2.4E-08, 2.3E-08, 1.7E-08, 4.0E-08, 5.2E-08, 1.4E-07, 2.6E-06, 1.2E-06, 8.2E-08, 6.6E-06, 3.5E-06, 5.5E-06, 2.8E-06, 3.7E-06, 3.7E-06, 3.5E-06, 3.4E-06, 3.0E-06, 5.6E-06, 3.6E-06, 3.7E-06, 2.4E-06, 7.6E-08, 1.4E-06, 1.1E-06, 1.0E-07, 1.3E-07, 2.4E-07, 9.8E-08, 2.6E-07, 1.8E-07, 9.8E-08, 1.6E-07, 1.4E+00, 1.2E+02, 1.2E+02, 1.2E+02, 1.2E+02, 1.2E+02, 1.2E+02, 1.2E+02, 9.5E+01, 8.6E+00, 8.6E+00, 8.6E+00, 8.6E+00, 1.7E+00, 5.6E+00, 5.3E+00, 5.2E+00, 5.1E+00, 4.9E+00, 4.8E+00, 4.8E+00, 4.7E+00, 4.8E+00, 4.8E+00, 4.6E+00, 4.7E+00, 8.6E-09, 2.2E-09, 2.7E-08, 1.6E-09, 1.0E-08, 1.7E-08, 1.2E-08, 1.9E-08, 1.3E-08, 8.0E-09, 1.4E-06, 3.7E-08, 1.0E+02, 9.0E+01, 7.9E+01, 7.5E+01, 7.1E+01, 8.0E+00, 1.7E+01, 3.0E+00, 1.1E+01, 1.1E+01, 1.3E+01, 1.5E+01, 1.6E+01, 1.8E+01, 1.8E+01, 1.7E+01, 2.0E+01, 1.9E+01, 2.2E+01, 2.1E+01, 2.2E+01, 1.9E+01, 2.2E+01, 2.2E+01, 2.4E+01, 1.8E+01, 2.3E+01, 2.1E+01, 2.2E+01, 2.1E+01, 2.1E+01, 2.1E+01, 2.1E+01, 2.1E+01, 2.1E+01, 2.1E+01, 1.2E+02, 1.2E+02, 1.4E-06, 2.0E-07, 1.6E-07, 1.5E-07, 1.2E-07, 1.1E-07, 1.1E-07, 1.1E-07, 1.9E-07, 9.3E-08, 8.6E+00, 8.6E+00, 8.6E+00, 8.6E+00, 8.6E+00, 8.6E+00, 8.6E+00, 1.2E+02, 1.2E+02, 1.0E+02, 1.0E+02, 1.0E+02, 1.0E+02, 1.0E+02, 1.0E+02, 1.0E+02, 1.0E+02, 1.0E+02, 1.0E+02, 1.2E+02, 1.2E+02, 1.2E+02, 1.2E+02, 1.1E-05, 4.1E-07, 1.5E-07, 1.2E-07, 6.5E-08, 7.1E-08, 1.0E-07, 5.0E-08, 7.8E-08, 4.6E-08, 5.9E-08, 4.1E-08, 3.4E-08, 5.4E-07, 2.8E-07, 6.7E-07, 5.2E-07, 2.8E-07, 1.3E-07, 3.0E-07, 9.3E-07, 8.6E+00, 8.6E+00, 8.6E+00, 8.6E+00, 7.5E+00, 8.6E+00, 3.3E-06, 2.9E-05, 8.6E+00, 8.6E+00, 5.1E+00, 8.6E+00, 1.3E-07, 9.7E-07, 2.6E-07, 9.4E-06, 3.0E+01, 1.0E+02, 6.2E+01, 6.0E+01, 1.0E+02, 1.0E+02, 1.0E+02, 1.0E+02, 1.0E+02, 1.0E+02, 1.0E+02, 1.2E+02, 1.2E+02, 1.2E+02, 1.2E+02, 1.2E+02, 1.2E+02, 1.2E+02, 1.2E+02, 1.2E+02, 8.6E+00, 8.6E+00, 8.6E+00, 8.6E+00, 8.6E+00, 8.6E+00, 8.6E+00, 8.6E+00, 8.6E+00, 8.6E+00, 8.6E+00, 8.8E-08, 5.7E-08, 4.1E-06, 4.0E-06, 3.3E-06, 2.9E-06, 5.5E-06, 1.7E-07, 6.0E-07, 9.4E-07, 1.3E-06, 3.1E-06, 3.2E-06, 1.2E-05, 1.6E-05, 1.7E-05, 1.4E-05, 8.3E-06, 4.5E-06, 2.5E-06, 2.9E-06, 1.8E-06, 5.6E-07, 1.0E-07, 5.3E-06, 8.6E+00, 8.6E+00, 8.6E+00, 8.6E+00, 5.1E-06, 3.6E-07, 1.1E-07, 1.5E-07, 8.9E-08, 2.3E-08, 2.9E-07, 2.2E-07, 2.1E-07, 1.2E+02, 1.2E+02, 7.7E+01, 2.7E-06, 5.0E-08, 1.1E-06, 9.2E-07, 3.5E-07, 5.2E-07, 3.4E+00, 8.6E+00, 8.6E+00, 1.0E+02, 1.2E+02, 1.2E+02, 1.0E+02, 5.3E+01, 2.8E+00, 6.1E+00, 5.7E+00, 6.1E+00, 1.0E+02, 1.0E+02, 1.0E+02, 1.0E+02, 1.0E+02, 1.0E+02, 1.0E+02, 1.0E+02, 1.0E+02, 1.0E+02, 1.0E+02, 1.0E+02, 1.0E+02, 1.2E+02, 1.2E+02, 1.2E+02, 1.2E+02, 1.7E-05, 1.5E-06, 4.1E-05, 4.9E-07, 6.6E-07, 2.3E-06, 6.2E-06, 2.6E-05, 3.0E-05, 4.1E-07, 5.5E-07, 5.8E-07, 5.7E-07, 5.7E-07, 3.3E-05, 3.2E-05, 9.4E-06, 4.1E-06, 5.1E-06, 4.4E-06, 3.4E-06, 3.9E-06, 5.2E-06, 7.7E-06, 8.0E-06, 2.0E-06, 7.7E-06, 6.3E-06, 5.0E-06, 4.7E-06, 3.0E-06, 3.8E-06, 2.4E-06, 2.4E-07, 3.1E-06, 2.2E-07, 3.8E-07, 3.7E-07, 1.9E-07, 7.2E-07, 6.9E-07, 1.1E-06, 9.2E+01, 1.2E+02, 1.0E+02, 1.0E+02, 1.0E+02, 1.0E+02, 3.1E+01, 5.9E+00, 7.2E+00, 9.2E+00, 7.0E+00, 8.2E+00, 8.3E+00, 8.1E+00, 9.1E+00, 1.2E+01, 8.0E+00, 1.2E+01, 1.4E+01, 1.2E+01, 1.5E+01, 1.5E+01, 1.7E+01, 2.2E+01, 1.6E+01, 3.3E+01, 2.6E+01, 2.9E+01, 2.2E+01, 2.6E+01, 2.0E+01, 2.5E+01, 2.1E+01, 2.2E+01, 2.2E+01, 2.2E+01, 2.4E+01, 2.0E+01, 2.2E+01, 2.1E+01, 2.2E+01, 2.1E+01, 2.1E+01, 2.1E+01, 2.1E+01, 2.1E+01, 2.1E+01, 2.1E+01, 2.2E+01, 2.1E+01, 2.1E+01, 2.2E+01, 2.1E+01, 2.1E+01, 2.1E+01, 1.7E+01, 2.5E+01, 2.1E+01, 2.2E+01, 2.7E+01, 1.4E+01, 2.3E+01, 1.9E+01, 2.3E+01, 2.1E+01, 2.2E+01, 2.1E+01, 1.2E+02, 1.0E+02, 2.4E+00, 1.1E-07, 1.1E-07, 2.9E-07, 5.7E-07, 7.5E-08, 1.8E-05, 1.2E+02, 1.2E+02, 1.2E+02, 1.2E+02, 1.2E+02, 1.2E+02, 1.2E+02, 1.2E+02, 1.2E+02, 1.2E+02, 1.2E+02, 1.2E+02, 8.8E+01, 8.6E+00, 8.6E+00, 8.6E+00, 8.6E+00, 8.6E+00, 1.5E-07, 7.9E-08, 4.4E-08, 7.5E-08, 4.6E-08, 3.0E-08, 1.8E-08, 8.7E-09, 7.7E-09, 9.5E-09, 1.0E-08, 1.8E-08, 3.9E-08, 7.2E-08, 7.9E-08, 3.9E-07, 1.6E-06, 3.0E-08, 3.4E-08, 3.7E-08, 3.8E-08, 3.8E-08, 3.4E-08, 2.8E-08, 1.2E-06, 2.3E-07, 5.9E-08, 8.7E-08, 2.0E-07, 1.8E-06, 1.5E-06, 2.8E-08, 1.2E-07, 5.2E-07, 8.4E-08, 9.7E-08, 1.5E-07, 5.6E+01, 1.0E+02, 1.0E+02, 1.0E+02, 1.0E+02, 1.0E+02, 1.0E+02, 5.4E-07, 4.8E+00, 5.6E+00, 6.9E+00, 6.3E+00, 7.6E+00, 8.3E+00, 8.1E+00, 9.7E+00, 1.0E+02, 1.0E+02, 1.0E+02, 1.0E+02, 1.0E+02, 1.0E+02, 1.2E+02, 1.2E+02, 1.2E+02, 1.2E+02, 1.2E+02, 1.2E+02, 1.2E+02, 1.2E+02, 1.2E+02, 1.2E+02, 8.6E+00, 8.6E+00, 8.6E+00, 8.6E+00, 8.6E+00, 8.6E+00, 8.6E+00, 8.6E+00, 8.6E+00, 8.6E+00, 8.6E+00, 8.6E+00, 8.6E+00, 3.5E-06, 3.1E-06, 4.4E-06, 2.4E-06, 3.7E-06, 1.5E-05, 1.1E-06, 3.9E-06, 2.5E-05, 1.7E-06, 3.7E-05, 8.5E-06, 2.0E-06, 1.3E-05, 1.2E-05, 8.8E-06, 2.2E-05, 3.1E-06, 2.9E-06, 2.1E-06, 1.8E-06, 1.5E-06, 1.2E-06, 1.2E-05, 1.2E-06, 1.2E+02, 1.2E+02, 1.0E+02, 1.0E+02, 1.0E+02, 1.0E+02, 1.0E+02, 1.0E+02, 1.0E+02, 1.0E+02, 1.0E+02, 1.0E+02, 7.1E-07, 5.6E-08, 1.0E-07, 2.0E-06, 4.6E-08, 5.2E-08, 5.7E-08, 9.5E-08, 4.5E-06, 1.2E-07, 3.2E-07, 6.6E-06, 5.0E-07, 1.8E-06, 3.8E-05, 1.7E-05, 8.6E-05, 1.2E-06, 8.2E-06, 8.9E-06, 4.9E-08, 1.6E-07, 1.2E-07, 2.9E-07, 4.6E-07, 1.0E+02, 1.0E+02, 1.0E+02, 1.0E+02, 1.0E+02, 1.0E+02, 1.0E+02, 1.0E+02, 1.0E+02, 1.0E+02, 1.0E+02, 1.0E+02, 1.0E+02, 1.0E+02, 1.0E+02, 1.0E+02, 1.0E+02, 1.0E+02, 1.0E+02, 1.0E+02, 1.0E+02, 1.6E-08, 2.5E-07, 6.1E-07, 3.3E-06, 2.8E-08, 1.0E-06, 6.1E-07, 7.4E-07, 4.8E-07, 6.7E-07, 3.2E-07, 4.4E-07, 2.2E-07, 1.3E-07, 1.2E-07, 3.3E-07, 8.6E+00, 8.6E+00, 8.6E+00, 8.6E+00, 8.6E+00, 8.6E+00, 8.6E+00, 8.6E+00, 8.6E+00, 8.6E+00, 8.6E+00, 8.6E+00, 7.2E-07, 3.7E-05, 2.6E+00, 3.5E+00, 2.9E+00, 3.0E+00, 2.7E+00, 2.5E+00, 2.5E+00, 2.1E+00, 2.0E+00, 1.7E+00, 1.9E+00, 1.2E+00, 2.3E+00, 5.5E-01, 5.4E-01, 3.1E-07, 4.4E-07, 8.6E+00, 8.6E+00, 8.6E+00, 8.6E+00, 3.3E+00, 8.6E+00, 7.4E-07, 8.6E+00, 8.6E+00, 7.9E+00, 8.6E+00, 7.8E+00, 8.6E+00, 8.6E+00, 8.6E+00, 1.0E+02, 1.0E+02, 1.0E+02, 1.0E+02, 1.0E+02, 1.0E+02, 1.0E+02, 1.0E+02, 1.0E+02, 1.0E+02, 1.0E+02, 1.0E+02, 1.0E+02, 1.0E+02, 1.1E-08, 7.9E-06, 2.5E-08, 1.8E-05, 2.4E-05, 3.4E-08, 1.8E-06, 1.1E-06, 6.9E-07, 2.1E-05, 6.0E-05, 8.3E-07, 2.2E-07, 2.9E-07, 3.3E-06, 8.4E-06, 1.2E-06, 2.2E-06, 1.2E-06, 8.6E+00, 8.6E+00, 8.6E+00, 8.6E+00, 8.6E+00, 8.6E+00, 8.6E+00, 8.6E+00, 8.6E+00, 8.6E+00, 8.6E+00, 8.6E+00, 8.6E+00, 8.6E+00, 8.6E+00, 8.6E+00, 8.6E+00, 8.6E+00, 8.6E+00, 8.6E+00, 8.6E+00, 8.6E+00, 8.6E+00, 8.6E+00, 8.6E+00, 8.6E+00, 8.6E+00, 1.0E+02, 1.0E+02, 1.0E+02, 1.0E+02, 1.0E+02, 1.0E+02, 1.0E+02, 1.0E+02, 1.0E+02, 1.0E+02, 1.0E+02, 1.0E+02, 1.0E+02, 1.0E+02, 1.0E+02, 2.0E-05, 6.8E-06, 7.1E-07, 6.6E-09, 8.7E-09, 5.9E-08, 4.9E-07, 3.2E-08, 3.3E-08, 3.9E-08, 1.1E-07, 1.5E-06, 8.6E+00, 8.6E+00, 8.6E+00, 8.6E+00, 8.6E+00, 3.3E-06, 3.5E-06, 3.3E-06, 3.4E-06, 2.7E-06, 1.7E-06, 5.5E-07, 8.3E-08, 6.8E-08, 5.7E-08, 5.2E-08, 4.8E-08, 5.4E-06, 3.0E-06, 1.3E-07, 7.5E-08, 5.6E-08, 1.2E-07, 3.7E-08, 2.3E-08, 1.2E+02, 1.2E+02, 1.2E+02, 1.2E+02, 1.2E+02, 1.2E+02, 1.2E+02, 1.2E+02, 1.2E+02, 1.2E+02, 1.2E+02, 1.2E+02, 1.2E+02, 1.2E+02, 3.2E-06, 8.6E+00, 8.6E+00, 8.6E+00, 8.6E+00, 8.6E+00, 8.6E+00, 8.6E+00, 8.6E+00, 8.6E+00, 8.6E+00, 8.6E+00, 1.4E-08, 3.0E-08, 8.4E-08, 1.4E-07, 1.8E-08, 1.3E-06, 3.2E-08, 3.6E-08, 3.0E-06, 2.5E-06, 2.7E-06, 3.1E-06, 3.3E-06, 3.4E-06, 3.3E-06, 3.0E-06, 2.7E-06, 2.6E-06, 3.4E-08, 3.1E-08, 1.2E-06, 1.5E-08, 8.3E-08, 1.0E+02, 1.0E+02, 1.0E+02, 1.0E+02, 1.0E+02, 1.0E+02, 1.0E+02, 1.0E+02, 6.7E-06, 1.2E-07, 8.1E-08, 5.6E-08, 4.2E-08, 2.0E-08, 1.1E-08, 1.1E-08, 8.1E-09, 7.7E-09, 7.9E-09, 7.7E-09, 7.2E-09, 6.6E-09, 6.9E-09, 7.2E-09, 8.3E-09, 2.1E-08, 7.2E-08, 5.0E-07, 3.0E-07, 5.3E-07, 6.8E-07, 1.0E+02, 1.0E+02, 1.0E+02, 1.0E+02, 1.0E+02, 1.0E+02, 1.0E+02, 1.0E+02, 1.0E+02, 1.0E+02, 1.0E+02, 1.0E+02, 1.0E+02, 1.0E+02, 1.1E-06, 9.3E-07, 7.7E-07, 4.8E-06, 6.3E-06, 7.2E-06, 1.6E-05, 2.8E-05, 7.6E-06, 1.0E-05, 1.3E-05, 1.4E-05, 1.4E-05, 1.3E-05, 1.0E-05, 6.0E-06, 3.5E-06, 2.1E-06, 1.2E-05, 1.8E-05, 5.5E-06, 2.9E-06, 8.0E-07, 4.3E-07, 1.9E-07, 4.5E-07, 1.2E-06, 1.8E-07, 1.4E-06, 1.2E-08, 1.2E-07, 1.7E-08, 4.1E-08, 2.5E-07, 8.1E-08, 1.2E-07, 9.5E-08, 2.6E-07, 1.9E+01, 1.2E+02, 1.2E+02, 1.2E+02, 1.2E+02, 1.2E+02, 1.2E+02, 3.0E+01, 3.0E+01, 2.8E+01, 2.4E+01, 2.2E+01, 1.8E+01, 1.6E+01, 1.5E+01, 1.3E+01, 1.3E+01, 1.2E+01, 1.2E+01, 1.2E+01, 1.2E+01, 1.1E+01, 1.2E+01, 5.7E+00, 1.3E+01, 6.3E+00, 1.6E+01, 1.4E+01, 8.6E+00, 8.6E+00, 8.6E+00, 4.1E-02, 8.6E+00, 8.6E+00, 8.6E+00, 2.0E-09, 3.6E-15, 3.3E-09, 9.7E-05, 1.0E+02, 5.9E+01, 5.3E+01, 2.3E+01, 1.9E+01, 2.3E+01, 2.1E+01, 2.2E+01, 2.3E+01, 1.9E+01, 1.9E+01, 2.0E+01, 2.0E+01, 2.1E+01, 2.0E+01, 2.1E+01, 2.1E+01, 2.0E+01, 2.2E+01, 1.7E+01, 2.4E+01, 2.1E+01, 2.2E+01, 2.2E+01, 2.1E+01, 2.8E+01, 1.4E+01, 2.1E+01, 2.1E+01, 2.1E+01, 2.1E+01, 2.1E+01, 2.3E+01, 1.9E+01, 2.2E+01, 2.1E+01, 2.1E+01, 2.1E+01, 2.1E+01, 1.2E+02, 1.2E+02, 3.7E-07, 8.6E+00, 8.6E+00, 8.6E+00, 8.6E+00, 8.6E+00, 8.6E+00, 8.6E+00, 5.7E-08, 5.8E-08, 6.0E-08, 6.1E-08, 6.4E-08, 6.7E-08, 7.3E-08, 8.1E-08, 1.0E-07, 6.3E-07, 8.4E-09, 7.1E+01, 1.0E+02, 1.0E+02, 1.0E+02, 1.0E+02, 1.0E+02, 1.0E+02, 1.0E+02, 1.0E+02, 1.0E+02, 1.0E+02, 1.2E+02, 1.2E+02, 1.2E+02, 1.2E+02, 1.2E+02, 7.9E+01, 1.9E-07, 8.7E-08, 5.7E-08, 4.9E-08, 4.5E-08, 4.8E-08, 7.2E-08, 1.2E-07, 1.4E-07, 6.4E-08, 6.3E-08, 5.8E-08, 5.0E-08, 5.0E-08, 4.8E-08, 4.8E-08, 4.5E-08, 5.0E-08, 5.7E-08, 8.2E-08, 1.2E-07, 2.1E-07, 8.3E-08, 1.0E-07, 1.3E-07, 2.8E-07, 3.9E-07, 9.0E-08, 2.6E-07, 3.7E-07, 1.5E-07, 4.0E+01, 1.2E+02, 1.2E+02, 1.2E+02, 1.2E+02, 1.2E+02, 1.2E+02, 1.2E+02, 1.2E+02, 1.2E+02, 1.2E+02, 1.2E+02, 1.2E+02, 1.2E+02, 1.1E+02, 8.6E+00, 8.6E+00, 8.6E+00, 7.0E-08, 4.8E-08, 3.1E-08, 3.0E-08, 1.9E-08, 2.6E-08, 3.0E-08, 8.4E-08, 2.1E-08, 4.1E-08, 2.9E-06, 1.2E-07, 2.0E-06, 3.1E-06, 2.5E-06, 2.8E-06, 3.3E-06, 4.2E-06, 5.7E-06, 7.5E-06, 1.8E-07, 7.2E-06, 5.5E-06, 4.4E-06, 3.9E-06, 3.2E-06, 2.8E-06, 2.3E-06, 2.8E-07, 4.7E-08, 2.4E-06, 1.8E-05, 1.4E-05, 3.4E-06, 2.4E-06, 8.6E+00, 8.6E+00, 8.6E+00, 8.6E+00, 3.3E-06, 1.7E-07, 7.8E-06, 2.4E-06, 1.2E+02, 3.2E-06, 1.3E-05, 1.3E-05, 1.2E-05, 7.6E+01, 1.2E+02, 1.2E+02, 1.2E+02, 1.2E+02, 1.2E+02, 7.8E-06, 2.8E+00, 4.9E+00, 5.0E+00, 4.6E+00, 5.1E+00, 5.3E+00, 1.2E+02, 1.2E+02, 1.2E+02, 1.2E+02, 1.2E+02, 1.2E+02, 1.2E+02, 1.2E+02, 1.2E+02, 1.2E+02, 1.2E+02, 8.5E+01, 2.5E-06, 3.7E-07, 8.6E+00, 8.6E+00, 8.6E+00, 8.6E+00, 8.6E+00, 8.6E+00, 8.6E+00, 8.6E+00, 8.6E+00, 8.6E+00, 8.6E+00, 8.6E+00, 8.6E+00, 8.6E+00, 4.3E-08, 7.1E-08, 4.8E-07, 2.9E-08, 3.5E-08, 2.9E-06, 2.7E-06, 3.2E-06, 3.9E-06, 4.7E-08, 5.2E-08, 5.2E-08, 4.8E-08, 4.3E-08, 3.6E-06, 3.0E-06, 2.5E-06, 3.5E-08, 3.0E-08, 4.1E-07, 6.0E-08, 5.2E-08, 4.4E-08, 7.4E-08, 2.7E-08, 4.7E-08, 1.6E-08, 3.5E-07, 4.4E-09, 1.4E-08, 1.0E-07, 1.7E+01, 1.0E+02, 1.0E+02, 1.0E+02, 1.0E+02, 1.0E+02, 1.0E+02, 1.0E+02, 5.4E+01, 8.4E-01, 4.7E+00, 4.2E+00, 4.6E+00, 5.2E+00, 5.4E+00, 5.6E+00, 6.1E+00, 6.5E+00, 7.2E+00, 7.6E+00, 7.2E+00, 8.9E+00, 9.9E+00, 1.1E+01, 1.1E+01, 1.5E+01, 8.0E+00, 2.5E+01, 1.8E+01, 4.4E+01, 1.6E+01, 4.1E+01, 1.6E+01, 3.4E+01, 1.7E+01, 2.9E+01, 1.8E+01, 2.5E+01, 1.7E+01, 3.1E+01, 1.0E+01, 2.9E+01, 1.5E+01, 2.8E+01, 1.2E+01, 2.7E+01, 2.0E+01, 2.3E+01, 1.7E+01, 2.5E+01, 2.0E+01, 2.1E+01, 2.1E+01, 2.1E+01, 2.1E+01, 2.1E+01, 2.3E+01, 1.9E+01, 2.3E+01, 1.9E+01, 2.3E+01, 1.9E+01, 2.3E+01, 1.9E+01, 2.3E+01, 1.9E+01, 2.1E+01, 2.5E+01, 1.7E+01, 2.3E+01, 2.0E+01, 2.2E+01, 2.0E+01, 2.2E+01, 2.0E+01, 2.2E+01, 2.0E+01, 2.1E+01, 2.1E+01, 2.1E+01, 2.1E+01, 1.2E+02, 1.0E+02, 1.2E+01, 1.1E-07, 1.0E-07, 3.3E-08, 4.9E-05, 1.0E+02, 1.0E+02, 1.0E+02, 1.0E+02, 1.0E+02, 1.0E+02, 1.0E+02, 1.0E+02, 1.0E+02, 1.0E+02, 1.0E+02, 1.0E+02, 1.0E+02, 1.0E+02, 3.3E+01, 2.7E-07, 8.9E-08, 5.6E-08, 4.3E-08, 3.7E-08, 3.3E-08, 3.1E-08, 9.6E-08, 7.3E-08, 7.8E-08, 8.2E-08, 9.7E-08, 4.5E-08, 3.2E-08, 3.7E-08, 4.4E-08, 2.2E-07, 1.0E-07, 3.0E-07, 5.7E+00, 8.6E+00, 8.6E+00, 8.6E+00, 8.6E+00, 3.6E-06, 9.0E-07, 4.5E-06, 1.1E-06, 1.2E-06, 2.7E+00, 8.6E+00, 8.6E+00, 5.6E+00, 8.6E+00, 9.1E-05, 8.6E+00, 2.8E+01, 1.2E+02, 1.2E+02, 1.2E+02, 8.9E+01, 1.4E+01, 1.6E+01, 5.2E+01, 8.6E+00, 8.0E+00, 8.6E+00, 7.3E+00, 1.2E+02, 1.2E+02, 1.2E+02, 1.2E+02, 1.2E+02, 1.2E+02, 1.2E+02, 1.2E+02, 1.2E+02, 1.2E+02, 1.2E+02, 1.2E+02, 7.9E+01, 8.6E+00, 8.6E+00, 8.6E+00, 8.6E+00, 8.6E+00, 8.6E+00, 8.6E+00, 8.6E+00, 8.6E+00, 8.6E+00, 1.3E-08, 5.4E-08, 2.6E-07, 3.3E-08, 2.8E-06, 1.1E-07, 5.9E-07, 3.2E-06, 3.0E-06, 3.6E-06, 1.9E-07, 5.9E-07, 3.6E-07, 1.2E-06, 6.5E-07, 6.2E-07, 5.6E-07, 4.7E-07, 3.1E-07, 2.0E-07, 3.2E-07, 5.0E-06, 4.3E-06, 2.6E-06, 1.3E-06, 5.1E-08, 3.0E-06, 3.4E-08, 3.7E-07, 5.0E-08, 3.3E-08, 1.8E-06, 1.0E+02, 1.0E+02, 1.0E+02, 1.0E+02, 1.0E+02, 1.0E+02, 1.0E+02, 5.8E-06, 1.8E-08, 7.4E-08, 6.5E-08, 6.1E-08, 6.0E-08, 6.1E-08, 6.2E-08, 6.6E-08, 7.7E-09, 2.9E-08, 1.0E+02, 1.0E+02, 1.0E+02, 1.0E+02, 1.0E+02, 1.0E+02, 1.2E+02, 1.2E+02, 1.2E+02, 1.2E+02, 1.2E+02, 1.2E+02, 1.2E+02, 5.6E+01, 8.6E+00, 8.6E+00, 8.6E+00, 8.6E+00, 8.6E+00, 8.6E+00, 8.6E+00, 8.6E+00, 3.5E-08, 1.7E-08, 1.5E-08, 1.4E-08, 8.0E-09, 8.8E-08, 2.7E-07, 3.2E-08, 3.9E-08, 4.1E-08, 3.2E-06, 2.8E-06, 2.6E-06, 3.6E-06, 4.5E-06, 5.1E-06, 5.0E-06, 4.5E-06, 3.8E-06, 3.2E-06, 2.3E-06, 2.8E-06, 3.7E-08, 3.5E-08, 9.0E-07, 6.0E-08, 5.4E-08, 4.3E-08, 3.8E-08, 1.4E-07, 7.2E-09, 1.0E-08, 2.9E-07, 2.4E-08, 2.6E-07, 2.1E-09, 2.1E-07, 3.9E-07, 3.8E-07, 1.5E-07, 1.2E+02, 1.2E+02, 1.2E+02, 1.2E+02, 1.2E+02, 1.2E+02, 1.2E+02, 8.6E+01, 2.9E+01, 2.7E+01, 2.2E+01, 1.8E+01, 1.5E+01, 8.6E+00, 8.6E+00, 8.6E+00, 2.0E+01, 9.1E+00, 9.7E+00, 1.0E+01, 1.0E+01, 1.1E+01, 1.0E+01, 8.5E+00, 8.2E+00, 8.1E+00, 7.5E+00, 8.6E+00, 8.6E+00, 8.6E+00, 0.0E+00, 1.2E-08, 4.0E+00, 7.1E+00, 3.2E+00, 9.1E+00, 9.1E-07, 1.0E-10, 3.2E+01, 6.1E+01, 3.8E+01, 4.2E+01, 5.1E+01, 2.7E+01, 2.5E+01, 2.2E+01, 2.2E+01, 2.2E+01, 2.2E+01, 2.2E+01, 2.1E+01, 2.1E+01, 2.2E+01, 1.7E+01, 2.3E+01, 2.2E+01, 1.9E+01, 2.1E+01, 2.0E+01, 2.1E+01, 2.0E+01, 2.1E+01, 2.3E+01, 1.9E+01, 2.3E+01, 2.0E+01, 2.1E+01, 2.3E+01, 2.0E+01, 2.1E+01, 2.3E+01, 2.0E+01, 2.1E+01, 2.3E+01, 1.9E+01, 2.3E+01, 1.9E+01, 2.3E+01, 1.9E+01, 2.3E+01, 2.0E+01, 2.1E+01, 1.9E+01, 1.0E+02, 1.0E+02, 3.7E+01, 1.0E-07, 9.9E-08, 9.7E-08, 7.9E-08, 7.1E-08, 6.8E-08, 1.0E-07, 2.6E-07, 2.4E-07, 2.1E-06, 1.0E+02, 1.0E+02, 1.0E+02, 1.0E+02, 1.0E+02, 1.0E+02, 1.0E+02, 1.0E+02, 1.0E+02, 1.0E+02, 1.0E+02, 1.0E+02, 1.2E+02, 1.1E+02, 8.6E+00, 3.4E-07, 1.2E-07, 8.5E-08, 7.0E-08, 3.0E-07, 7.4E-08, 8.0E-08, 2.7E-06, 3.1E-06, 2.5E-06, 2.0E-07, 2.7E-06, 2.1E-06, 2.4E-06, 1.6E-07, 8.7E-08, 9.5E-08, 1.7E-07, 4.1E-06, 1.7E-07, 1.7E-07, 4.1E-06, 3.1E-06, 3.2E-06, 6.0E-07, 2.6E-06, 1.5E-07, 3.0E-08, 3.8E-07, 7.8E-07, 1.1E-04, 1.2E+02, 1.2E+02, 1.2E+02, 1.2E+02, 1.2E+01, 1.5E+01, 1.3E+01, 1.2E+01, 1.1E+01, 1.1E+01, 9.9E+00, 1.0E+01, 9.4E+00, 9.1E+00, 1.1E+01, 7.8E+00, 8.6E+00, 8.6E+00, 8.6E+00, 1.3E+01, 2.1E+01, 1.3E+01, 5.3E+00, 4.6E+01, 2.8E+01, 3.9E+01, 2.2E+01, 1.2E+02, 1.0E+02, 1.0E+02, 1.0E+02, 1.0E+02, 1.0E+02, 1.0E+02, 1.0E+02, 1.0E+02, 1.0E+02, 1.0E+02, 1.0E+02, 1.0E+02, 1.0E+02, 1.0E+02, 1.0E+02, 8.6E+01, 8.6E+00, 8.6E+00, 8.6E+00, 8.6E+00, 8.6E+00, 8.6E+00, 8.6E+00, 8.6E+00, 5.6E-08, 1.4E-07, 4.7E-08, 2.4E-06, 2.3E-06, 4.5E-06, 3.8E-07, 1.2E-06, 1.8E-07, 5.5E-07, 4.9E-06, 4.0E-06, 4.4E-06, 5.1E-07, 9.8E-07, 8.6E+00, 8.6E+00, 2.2E-06, 2.0E-06, 1.1E-06, 3.5E-06, 8.3E-06, 5.9E-06, 5.8E-06, 2.0E-06, 1.6E-06, 6.5E-07, 5.6E+01, 1.2E+02, 1.2E+02, 1.2E+02, 1.2E+02, 1.2E+02, 1.2E+02, 1.2E+02, 2.5E-06, 3.0E-07, 8.6E+00, 8.6E+00, 8.6E+00, 8.6E+00, 8.6E+00, 8.6E+00, 8.6E+00, 1.3E-07, 1.6E-07, 5.4E-06, 1.0E+02, 1.0E+02, 1.0E+02, 1.0E+02, 1.0E+02, 1.0E+02, 1.0E+02, 1.0E+02, 1.0E+02, 1.0E+02, 1.0E+02, 1.0E+02, 6.9E-06, 5.4E-07, 5.6E-08, 8.6E+00, 8.6E+00, 8.6E+00, 8.6E+00, 8.6E+00, 8.6E+00, 8.6E+00, 1.1E-06, 3.0E-06, 1.1E-05, 7.0E-06, 3.0E-06, 4.6E-05, 3.8E-06, 4.5E-06, 4.7E-06, 5.8E-06, 1.4E-07, 2.0E-07, 1.8E-07, 5.8E-06, 5.4E-06, 5.3E-06, 3.6E-06, 3.6E-06, 2.2E-06, 1.6E-06, 4.1E-06, 6.2E-06, 3.0E-06, 1.4E-05, 9.2E-08, 1.0E-07, 5.3E-07, 3.0E-06, 2.0E-07, 2.9E-07, 1.2E-07, 8.6E+00, 8.6E+00, 8.6E+00, 1.2E+02, 1.2E+02, 1.2E+02, 1.2E+02, 1.2E+02, 1.2E+02, 1.2E+02, 9.1E+00, 2.8E+00, 3.1E+00, 3.6E+00, 4.5E+00, 5.5E+00, 6.6E+00, 7.4E+00, 6.5E+00, 6.5E+00, 6.6E+00, 6.4E+00, 8.6E+00, 8.6E+00, 8.6E+00, 8.6E+00, 8.6E+00, 8.6E+00, 8.6E+00, 8.6E+00, 8.6E+00, 8.6E+00, 8.6E+00, 8.6E+00, 5.4E-06, 3.7E-06, 1.9E-06, 8.6E+01, 6.9E+01, 8.1E+01, 2.5E-02, 4.3E+01, 1.2E+00, 2.6E+01, 9.8E+00, 2.4E+01, 1.7E+01, 2.2E+01, 2.0E+01, 2.0E+01, 2.0E+01, 2.0E+01, 2.1E+01, 2.1E+01, 2.1E+01, 2.0E+01, 2.2E+01, 2.1E+01, 2.1E+01, 2.1E+01, 2.1E+01, 2.1E+01, 2.1E+01, 1.7E+01, 2.5E+01, 2.1E+01, 2.5E+01, 2.0E+01, 2.0E+01, 2.1E+01, 2.3E+01, 1.8E+01, 2.3E+01, 1.9E+01, 2.2E+01, 2.2E+01, 2.0E+01, 1.0E+02, 1.0E+02, 3.4E+01, 1.1E-07, 1.0E-07, 1.6E-07, 1.2E-07, 1.1E-07, 1.1E-07, 1.1E-07, 1.1E-07, 1.1E-07, 1.2E-07, 9.7E-08, 2.4E-07, 8.6E+00, 8.6E+00, 8.6E+00, 8.6E+00, 8.6E+00, 8.6E+00, 1.2E+02, 1.2E+02, 1.0E+02, 1.0E+02, 1.0E+02, 1.0E+02, 1.0E+02, 1.0E+02, 1.0E+02, 1.0E+02, 1.0E+02, 1.0E+02, 1.0E+02, 1.0E+02, 1.0E+02, 1.0E+02, 1.2E+02, 7.1E+01, 3.3E-07, 1.4E-07, 1.2E-07, 1.1E-07, 1.3E-07, 2.4E-07, 7.8E-08, 7.6E-07, 2.5E-06, 3.4E-06, 8.6E+00, 8.6E+00, 8.6E+00, 8.6E+00, 8.6E+00, 8.6E+00, 1.1E-04, 7.9E-06, 2.6E-05, 1.4E-06, 1.7E-06, 1.6E-04, 6.2E-05, 7.0E+00, 8.6E+00, 8.6E+00, 8.6E+00, 8.6E+00, 8.6E+00, 3.2E-07, 2.2E-07, 6.8E-08, 7.3E-07, 1.4E-07, 6.8E-08, 5.1E-07, 1.3E-07, 2.0E-07, 1.0E+02, 1.0E+02, 1.0E+02, 1.0E+02, 1.0E+02, 1.0E+02, 1.0E+02, 1.0E+02, 1.0E+02, 1.0E+02, 1.0E+02, 1.0E+02, 1.0E+02, 1.0E+02, 1.0E+02, 1.0E+02, 1.2E+02, 1.2E+02, 1.2E+02, 1.2E+02, 5.1E+01, 8.6E+00, 8.6E+00, 8.6E+00, 8.6E+00, 8.6E+00, 8.6E+00, 8.6E+00, 8.6E+00, 8.6E+00, 8.6E+00, 8.6E+00, 8.6E+00, 8.6E+00, 8.6E+00, 8.6E+00, 1.1E-05, 1.2E-05, 1.3E-05, 4.3E-06, 5.7E-06, 2.2E-05, 4.8E-07, 1.8E-06, 3.3E-06, 5.5E-06, 2.0E-05, 1.6E-06, 8.0E-06, 5.8E-06, 4.1E-06, 3.6E-06, 2.2E-05, 1.2E+02, 1.2E+02, 1.2E+02, 1.2E+02, 1.2E+02, 1.2E+02, 1.2E+02, 1.2E+02, 1.2E+02, 1.2E+02, 6.6E-07, 1.3E-06, 1.5E-06, 7.3E-07, 7.4E-06, 6.9E-07, 4.9E-07, 6.4E-07, 4.8E-07, 8.6E+00, 8.6E+00, 8.6E+00, 1.2E+02, 1.2E+02, 1.2E+02, 1.2E+02, 1.2E+02, 1.2E+02, 1.2E+02, 1.2E+02, 1.2E+02, 1.2E+02, 1.2E+02, 1.2E+02, 1.2E+02, 1.2E+02, 1.2E+02, 1.2E+02, 8.6E+00, 8.6E+00, 8.6E+00, 8.6E+00, 8.6E+00, 8.6E+00, 8.2E-08, 2.6E-06, 6.9E-07, 5.9E-07, 5.5E-07, 3.4E-06, 1.5E-05, 3.5E-05, 1.7E-06, 1.2E-05, 1.9E-05, 1.7E-05, 2.4E-05, 2.7E-05, 3.6E-05, 3.5E-05, 3.3E-05, 3.6E-05, 3.4E-05, 1.6E-06, 1.3E-04, 3.7E-05, 3.6E-05, 3.6E-05, 3.4E-05, 3.6E-05, 5.8E-05, 1.9E-06, 3.2E-05, 3.1E-05, 2.3E-05, 2.7E-05, 2.4E-05, 7.6E-06, 4.7E-07, 3.8E-07, 1.1E-06, 2.6E-06, 1.1E-06, 6.5E-07, 2.6E-07, 8.6E-06, 1.1E-06, 7.4E-07, 2.0E-07, 1.3E-07, 9.6E-06, 1.4E-06, 8.6E+00, 8.6E+00, 8.6E+00, 8.6E+00, 8.6E+00, 7.5E-06, 8.6E+00, 1.0E+02, 1.0E+02, 1.0E+02, 1.0E+02, 1.0E+02, 1.0E+02, 1.0E+02, 1.0E+02, 1.0E+02, 1.0E+02, 1.0E+02, 1.0E+02, 1.0E+02, 1.0E+02, 7.6E-07, 8.9E-08, 8.3E-08, 9.7E-08, 7.6E-08, 3.7E-08, 7.4E-09, 6.4E-09, 1.1E-08, 3.0E-08, 4.0E-08, 6.7E-08, 1.2E-07, 1.3E-07, 1.1E-07, 1.0E-07, 1.1E-07, 1.1E-07, 1.2E-07, 1.1E-07, 8.4E-08, 6.7E-08, 3.3E-08, 1.1E-08, 6.8E-09, 2.3E-08, 1.1E-07, 7.7E-08, 5.6E-08, 1.3E-08, 1.1E-08, 3.2E-08, 6.7E-08, 1.1E-07, 2.0E-07, 1.1E-08, 2.8E-08, 2.6E-07, 8.9E-09, 4.5E-08, 1.4E-07, 1.8E-07, 1.7E-08, 2.0E-08, 7.0E-09, 3.6E+01, 1.2E-06, 2.9E-07, 6.1E-07, 5.4E-07, 7.3E-07, 7.4E-07, 6.1E-08, 2.1E-06, 1.0E+02, 1.0E+02, 1.0E+02, 1.0E+02, 1.0E+02, 1.2E+02, 1.2E+02, 1.2E+02, 1.2E+02, 1.2E+02, 1.2E+02, 1.2E+02, 1.2E+02, 1.2E+02, 1.2E+02, 1.2E+02, 1.2E+02, 1.2E+02, 1.2E+02, 1.2E+02, 8.7E+01, 8.6E+00, 4.5E-07, 5.2E-07, 5.0E-08, 3.1E-08, 4.6E-08, 1.1E-07, 1.3E-07, 3.1E-06, 4.6E-06, 2.0E-07, 2.9E-06, 2.2E-06, 1.6E-05, 2.3E-06, 2.4E-06, 2.1E-06, 6.0E-06, 2.9E-05, 1.4E-06, 1.4E-05, 2.0E-05, 2.7E-05, 2.9E-05, 3.4E-05, 3.6E-05, 4.3E-05, 6.0E-05, 5.9E-06, 1.5E-06, 2.1E-06, 2.4E-06, 1.7E-06, 3.7E-06, 5.7E-05, 4.6E-05, 3.6E-05, 2.3E-06, 3.5E-06, 1.4E-06, 8.6E+00, 8.6E+00, 8.4E+01, 9.6E+01, 9.7E+01, 1.2E+02, 9.6E+01, 8.6E+00, 2.2E+01, 1.3E+01, 3.4E+01, 5.3E+00, 9.6E+00, 1.2E+02, 1.2E+02, 1.2E+02, 1.2E+02, 1.2E+02, 1.2E+02, 1.2E+02, 1.2E+02, 1.2E+02, 1.2E+02, 1.2E+02, 1.2E+02, 1.2E+02, 1.2E+02, 1.2E+02, 8.6E+00, 8.6E+00, 1.8E-06, 8.6E+00, 8.6E+00, 8.6E+00, 8.6E+00, 8.6E+00, 8.6E+00, 8.6E+00, 8.6E+00, 8.6E+00, 8.6E+00, 8.6E+00, 7.6E-06, 4.1E-07, 6.7E-07, 1.5E-06, 8.3E-06, 2.9E-07, 3.1E-06, 4.0E-06, 1.6E-06, 3.0E-06, 6.3E-06, 8.6E-06, 1.2E-05, 6.2E-06, 6.8E-06, 5.4E-06, 4.2E-06, 2.1E-06, 8.1E-07, 5.5E-07, 3.4E-07, 1.6E-05, 1.1E-06, 5.9E-07, 2.3E-07, 1.8E-08, 1.0E+02, 1.0E+02, 1.0E+02, 1.0E+02, 1.0E+02, 1.0E+02, 1.0E+02, 1.0E+02, 1.0E+02, 1.0E+02, 1.0E+02, 1.0E+02, 1.0E+02, 4.4E-07, 7.2E-08, 2.7E-07, 3.6E-07, 1.0E-07, 2.3E+01, 1.0E+02, 1.0E+02, 1.0E+02, 1.0E+02, 1.0E+02, 1.0E+02, 1.0E+02, 1.0E+02, 1.0E+02, 1.0E+02, 1.0E+02, 1.0E+02, 1.0E+02, 1.0E+02, 1.0E+02, 1.0E+02, 4.8E-07, 8.8E-07, 4.5E-06, 1.5E-06, 2.0E-06, 3.0E-05, 6.1E-06, 1.4E-05, 2.2E-06, 2.8E-06, 5.8E-08, 1.5E-06, 7.2E-05, 5.8E-05, 2.1E-06, 3.9E-06, 3.7E-06, 6.9E-06, 1.0E-05, 2.7E-05, 1.5E-05, 7.6E-06, 2.8E-05, 4.4E-05, 2.2E-05, 5.0E-05, 1.5E-05, 2.1E-05, 3.0E-05, 4.0E-05, 4.8E-05, 8.6E+00, 8.6E+00, 8.6E+00, 8.6E+00, 8.6E+00, 8.6E+00, 8.6E+00, 8.6E+00, 3.9E-05, 4.2E-05, 8.6E+00, 8.6E+00, 2.7E-05, 2.4E-05, 1.6E-05, 2.9E-05, 2.3E-05, 3.1E-06, 5.2E-06, 8.5E-07, 6.7E-07, 1.0E-08, 1.0E+02, 2.2E-06, 1.2E-06, 1.0E+02, 1.0E+02, 1.0E+02, 1.0E+02, 1.0E+02, 1.0E+02, 1.0E+02, 1.0E+02, 1.0E+02, 1.0E+02, 1.0E+02, 1.0E+02, 1.2E-09, 2.5E-08, 2.3E-07, 5.4E-06, 6.1E-08, 4.4E-07, 7.3E-07, 6.1E-07, 2.3E-06, 1.2E-05, 8.6E+00, 8.6E+00, 8.6E+00, 8.6E+00, 8.6E+00, 8.6E+00, 8.6E+00, 8.6E+00, 8.6E+00, 8.6E+00, 8.6E+00, 8.6E+00, 8.6E+00, 8.6E+00, 8.6E+00, 8.0E-07, 8.6E+00, 8.6E+00, 1.5E-06, 1.5E-06, 1.6E-06, 1.7E-06, 7.6E-07, 7.0E-07, 6.6E-07, 5.2E-07, 3.5E-05, 1.7E-05, 4.5E-06, 2.8E-06, 1.8E-07, 1.1E-07, 1.0E+02, 1.0E+02, 1.0E+02, 1.0E+02, 1.0E+02, 1.0E+02, 8.6E+00, 8.6E+00, 8.6E+00, 8.6E+00, 8.6E+00, 8.6E+00, 8.6E+00, 8.6E+00, 8.6E+00, 8.6E+00, 1.0E+02, 1.0E+02, 1.0E+02, 1.0E+02, 1.0E+02, 1.0E+02, 1.0E+02, 1.0E+02, 1.0E+02, 1.0E+02, 1.0E+02, 1.0E+02, 1.0E+02, 5.0E-07, 3.3E-07, 4.1E-08, 5.3E-07, 5.0E-07, 8.6E+00, 8.6E+00, 8.6E+00, 8.6E+00, 8.6E+00, 8.6E+00, 8.6E+00, 8.6E+00, 8.6E+00, 8.6E+00, 8.6E+00, 8.6E+00, 8.6E+00, 8.6E+00, 8.6E+00, 5.1E-07, 2.0E-07, 9.1E-08, 4.7E-08, 1.2E-07, 7.6E-08, 4.7E-07, 3.5E-06, 5.6E-06, 1.7E-07, 8.6E+00, 8.6E+00, 8.6E+00, 8.6E+00, 8.6E+00, 8.6E+00, 3.7E-06, 8.2E-06, 5.4E-05, 2.2E-07, 6.4E-06, 6.1E-07, 1.5E-07, 9.3E-09, 9.3E-09, 1.0E+02, 1.0E+02, 1.0E+02, 1.0E+02, 1.0E+02, 1.0E+02, 1.0E+02, 1.0E+02, 1.0E+02, 1.0E+02, 1.0E+02, 1.0E+02, 1.0E+02, 1.0E+02, 8.4E-08, 3.8E-07, 5.8E-07, 2.7E-06, 2.3E-05, 7.0E-07, 2.0E-05, 7.4E-06, 2.4E-06, 2.2E-07, 4.5E-07, 2.0E-06, 2.1E-07, 7.1E-07, 1.3E-07, 5.8E-06, 2.6E-07, 1.0E+02, 8.6E+00, 8.6E+00, 8.6E+00, 8.6E+00, 8.6E+00, 8.6E+00, 8.6E+00, 8.6E+00, 4.5E-06, 1.0E-06, 6.9E-07, 1.6E-06, 2.7E-05, 3.5E-06, 2.0E-05, 3.9E-05, 3.5E-06, 3.4E-05, 4.0E-05, 3.6E-05, 9.0E-05, 1.0E+02, 1.0E+02, 1.0E+02, 1.0E+02, 1.0E+02, 1.0E+02, 1.0E+02, 1.0E+02, 1.0E+02, 1.0E+02, 1.0E+02, 1.0E+02, 1.0E+02, 1.0E+02, 1.0E+02, 1.0E+02, 9.9E-09, 3.4E-07, 6.0E-08, 2.9E-07, 5.5E-07, 1.1E-06, 4.0E-06, 2.7E-05, 3.6E-07, 2.1E-05, 4.0E-05, 3.1E-05, 2.3E-06, 5.6E-07, 2.4E-06, 4.1E-06, 1.7E-06, 5.0E-07, 5.9E-07, 8.6E+00, 8.6E+00, 8.6E+00, 8.6E+00, 8.6E+00, 8.6E+00, 8.6E+00, 1.3E-07, 8.6E+00, 8.6E+00, 8.6E+00, 8.6E+00, 8.6E+00, 8.6E+00, 8.6E+00, 8.6E+00, 8.6E+00, 8.6E+00, 8.6E+00, 8.6E+00, 8.6E+00, 8.6E+00, 8.6E+00, 1.0E+02, 1.0E+02, 1.0E+02, 1.0E+02, 1.0E+02, 1.0E+02, 1.0E+02, 1.0E+02, 1.0E+02, 1.0E+02, 1.2E+02, 1.2E+02, 1.2E+02, 1.2E+02, 1.2E+02, 1.2E+02, 3.6E-06, 8.3E-06, 1.0E-06, 9.0E-07, 3.5E-06, 6.8E-06, 7.0E-06, 3.8E-06, 3.3E-06, 3.9E-06, 2.2E-05, 3.5E-05, 3.0E-05, 9.7E-06, 3.3E-05, 3.7E-05, 3.1E-05, 3.5E-05, 4.5E-05, 4.9E-05, 5.3E-05, 4.7E-05, 6.4E-06, 4.6E-05, 5.3E-05, 5.2E-05, 4.3E-05, 4.5E-05, 8.6E+00, 8.6E+00, 6.4E-05, 4.3E-05, 1.1E-06, 8.6E+00, 8.6E+00, 8.6E+00, 8.6E+00, 8.6E+00, 8.6E+00, 8.6E+00, 8.6E+00, 8.6E+00, 8.6E+00, 3.2E-06, 2.9E-07, 5.5E-06, 6.0E-06, 1.2E-06, 4.8E-06, 8.6E-08, 8.8E-06, 3.0E-06, 8.5E-08, 1.2E+02, 1.2E+02, 1.2E+02, 1.2E+02, 1.2E+02, 1.2E+02, 1.2E+02, 1.2E+02, 1.2E+02, 1.2E+02, 8.6E+00, 8.6E+00, 8.6E+00, 8.6E+00, 8.6E+00, 8.6E+00, 8.6E+00, 8.6E+00, 8.6E+00, 8.6E+00, 8.6E+00, 8.6E+00, 8.6E+00, 8.6E+00, 8.6E+00, 8.6E+00, 8.6E+00, 8.6E+00, 8.6E+00, 1.3E-05, 4.5E-06, 3.1E-06, 8.4E-07, 3.1E-07, 3.8E-07, 8.6E+00, 8.6E+00, 8.6E+00, 8.6E+00, 4.3E-08, 8.6E+00, 8.6E+00, 8.6E+00, 8.6E+00, 8.6E+00, 8.6E+00, 8.6E+00, 8.6E+00, 8.6E+00, 8.6E+00, 8.6E+00, 8.6E+00, 8.6E+00, 8.6E+00, 8.6E+00, 8.6E+00, 1.2E+02, 1.2E+02, 1.2E+02, 1.2E+02, 1.2E+02, 1.2E+02, 1.2E+02, 1.2E+02, 1.2E+02, 1.2E+02, 1.2E+02, 1.2E+02, 1.2E+02, 1.2E+02, 1.2E+02, 1.2E+02, 1.2E+02, 1.2E+02, 1.2E+02, 1.2E+02, 1.2E+02, 1.2E+02, 1.2E+02, 1.2E+02, 1.2E+02, 1.2E+02, 8.6E+00, 8.6E+00, 8.6E+00, 8.6E+00, 8.6E+00, 8.6E+00, 8.6E+00, 8.6E+00, 8.6E+00, 8.6E+00, 1.0E-04, 1.0E-04, 1.0E-05, 5.3E-06, 9.7E-06, 1.7E-05, 7.7E+00, 7.7E+00, 7.7E+00, 7.7E+00, 7.7E+00, 7.7E+00, 7.7E+00, 3.3E-05, 2.4E-05, 7.7E+00, 7.7E+00, 8.6E+00, 8.6E+00, 8.6E+00, 8.6E+00, 8.6E+00, 8.6E+00, 8.6E+00, 8.6E+00, 8.6E+00, 8.6E+00, 2.2E-07, 3.5E-07, 2.4E-07, 9.3E-07, 7.5E-07, 4.5E-07, 1.8E-06, 1.6E-08, 8.0E-09, 8.6E-09, 2.3E-08, 7.3E-09, 8.6E+00, 8.6E+00, 8.6E+00, 8.6E+00, 8.6E+00, 8.6E+00, 8.6E+00, 8.6E+00, 8.6E+00, 8.6E+00, 8.6E+00, 8.6E+00, 8.6E+00, 8.6E+00, 8.6E+00, 8.6E+00, 8.6E+00, 1.2E+02, 1.2E+02, 1.2E+02, 1.2E+02, 1.2E+02, 1.2E+02, 1.2E+02, 1.2E+02, 1.2E+02, 1.2E+02, 1.2E+02, 1.2E+02, 1.2E+02, 1.2E+02, 1.2E+02, 1.2E+02, 1.2E+02, 1.2E+02, 1.2E+02, 1.2E+02, 1.2E+02, 3.3E+01, 8.0E-07, 2.1E-06, 3.2E-06, 3.2E-06, 3.7E-06, 3.6E-06, 1.3E-06, 1.9E-06, 2.4E-05, 2.0E-06, 8.0E-06, 1.1E-06, 1.4E-05, 9.8E-07, 8.6E+00, 8.6E+00, 8.6E+00, 8.6E+00, 8.6E+00, 8.6E+00, 8.6E+00, 8.6E+00, 8.6E+00, 8.6E+00, 8.6E+00, 8.6E+00, 8.6E+00, 8.6E+00, 8.6E+00, 8.6E+00, 8.6E+00, 8.6E+00, 8.6E+00, 8.6E+00, 8.6E+00, 1.5E-08, 6.9E-08, 1.0E+02, 1.0E+02, 1.0E+02, 1.0E+02, 1.0E+02, 1.0E+02, 1.0E+02, 1.0E+02, 1.0E+02, 1.0E+02, 1.0E+02, 1.0E+02, 1.7E-06, 5.6E-08, 3.4E-06, 3.6E-06, 3.5E-06, 3.6E-06, 3.8E-06, 3.7E-06, 3.4E-06, 3.9E-06, 3.7E-07, 5.5E-06, 2.1E-07, 5.1E-07, 6.9E-07, 7.3E-07, 6.4E-07, 4.0E-07, 2.2E-07, 3.7E-06, 4.7E-06, 5.6E-06, 1.4E-07, 1.3E-06, 2.7E-07, 6.6E-06, 1.0E+02, 1.0E+02, 1.0E+02, 1.0E+02, 1.0E+02, 1.0E+02, 1.0E+02, 9.9E+01, 4.4E-07, 1.2E-07, 6.7E-08, 5.9E-08, 7.1E-08, 1.1E-07, 2.5E-07, 2.6E-07, 4.3E-08, 1.0E-07, 4.5E-07, 1.1E-07, 3.7E-08, 3.5E-09, 1.5E-08, 1.4E-08, 7.4E-08, 1.0E-06, 1.7E-07, 3.0E-08, 1.2E-07, 1.5E-07, 6.5E-07, 1.1E-08, 3.0E+01, 9.5E+01, 8.9E+01, 6.5E+01, 6.2E+01, 7.1E+01, 6.6E+00, 1.9E+01, 5.5E+00, 1.3E+01, 1.3E+01, 1.5E+01, 1.6E+01, 1.8E+01, 1.8E+01, 1.9E+01, 2.0E+01, 2.0E+01, 1.8E+01, 2.2E+01, 1.6E+01, 3.2E+01, 1.4E+01, 2.5E+01, 2.2E+01, 2.1E+01, 2.2E+01, 2.2E+01, 2.2E+01, 2.1E+01, 2.2E+01, 2.1E+01, 2.2E+01, 2.1E+01, 2.2E+01, 2.1E+01, 2.2E+01, 2.1E+01, 1.7E+01, 2.5E+01, 2.7E+01, 1.7E+01, 2.0E+01, 2.1E+01, 2.1E+01, 2.1E+01, 2.1E+01, 2.1E+01, 2.2E+01, 2.0E+01, 1.2E+02, 1.2E+02, 5.3E-07, 2.1E-07, 2.1E-07, 1.7E-07, 1.4E-07, 6.9E-07, 1.3E-07, 1.9E-06, 1.0E-06, 8.6E+00, 8.6E+00, 8.6E+00, 8.6E+00, 8.6E+00, 1.2E+02, 1.2E+02, 1.2E+02, 1.2E+02, 1.0E+02, 1.0E+02, 1.0E+02, 1.0E+02, 1.0E+02, 1.0E+02, 1.0E+02, 1.2E+02, 1.2E+02, 1.2E+02, 9.9E+01, 3.0E-07, 1.3E-07, 9.8E-08, 7.3E-08, 5.8E-08, 5.2E-08, 6.6E-08, 1.1E-07, 1.1E-07, 7.2E-08, 5.3E-08, 6.0E-08, 5.7E-08, 5.7E-08, 5.8E-08, 5.8E-08, 6.4E-08, 6.7E-08, 7.5E-08, 9.9E-08, 1.3E-07, 1.8E-07, 2.6E-07, 1.1E-06, 5.6E-07, 2.4E-06, 2.7E-06, 1.1E-05, 8.7E-06, 1.3E-05, 2.2E-05, 3.5E-06, 8.6E+00, 8.6E+00, 8.6E+00, 6.9E-06, 8.2E-01, 6.0E+01, 1.0E+02, 1.0E+02, 1.0E+02, 1.0E+02, 1.2E+02, 1.2E+02, 1.2E+02, 1.2E+02, 1.2E+02, 1.2E+02, 1.2E+02, 1.2E+02, 1.2E+02, 1.2E+02, 1.2E+02, 1.2E+02, 1.2E+02, 1.2E+02, 8.6E+00, 2.1E+00, 4.2E-07, 1.3E-07, 8.8E-08, 7.6E-08, 8.4E-08, 9.9E-08, 7.8E-07, 9.4E-08, 1.5E-07, 5.4E-08, 4.5E-06, 2.2E-07, 3.6E-06, 3.7E-06, 3.3E-06, 1.1E-05, 4.9E-07, 5.2E-06, 1.1E-06, 2.2E-06, 4.4E-06, 1.7E-05, 1.2E-05, 1.3E-05, 9.8E-06, 7.5E-06, 2.5E-06, 1.2E-06, 7.3E-07, 3.6E-06, 2.7E-06, 4.7E-07, 5.3E-06, 3.7E-06, 2.0E-06, 3.2E-06, 3.9E-08, 2.6E-06, 9.7E-08, 2.4E-06, 5.7E-07, 3.6E-07, 2.8E-08, 5.8E-07, 4.2E+01, 1.0E+02, 1.0E+02, 1.0E+02, 1.0E+02, 1.0E+02, 1.0E+02, 1.0E+02, 8.9E-07, 2.3E-06, 1.0E+02, 1.0E+02, 1.0E+02, 1.0E+02, 1.0E+02, 1.0E+02, 1.2E+02, 1.2E+02, 1.2E+02, 1.2E+02, 1.2E+02, 1.2E+02, 1.2E+02, 1.2E+02, 8.6E+00, 8.6E+00, 8.6E+00, 8.6E+00, 8.6E+00, 8.6E+00, 8.6E+00, 8.6E+00, 8.6E+00, 8.6E+00, 8.6E+00, 8.6E+00, 8.6E+00, 3.0E-06, 2.6E-07, 3.2E-06, 3.4E-06, 8.4E-08, 3.6E-07, 6.5E-07, 1.2E-06, 1.7E-06, 6.3E-06, 1.3E-05, 1.9E-07, 2.3E-07, 2.8E-07, 2.7E-07, 2.2E-07, 1.7E-07, 1.3E-05, 3.9E-06, 1.1E-06, 7.7E-07, 3.8E-07, 1.2E-07, 2.1E-07, 2.3E-06, 5.6E-07, 4.3E-08, 3.5E-08, 3.9E-07, 4.3E-08, 4.8E-07, 2.8E-07, 4.7E-07, 4.4E-06, 3.2E-06, 5.7E-07, 1.5E-07, 3.0E+00, 1.2E+02, 1.2E+02, 1.2E+02, 1.2E+02, 1.2E+02, 1.2E+02, 3.9E+01, 8.6E+00, 8.6E+00, 8.6E+00, 8.6E+00, 8.6E+00, 8.6E+00, 2.4E+01, 7.4E+00, 6.5E+00, 7.2E+00, 7.3E+00, 9.1E+00, 1.7E+01, 2.9E+01, 2.8E+00, 6.4E+00, 7.0E+00, 8.1E+00, 9.5E+00, 1.2E+01, 1.1E+01, 1.6E+01, 1.6E+01, 2.3E+01, 4.1E+01, 2.9E+01, 3.3E+01, 2.5E+01, 2.6E+01, 2.2E+01, 2.4E+01, 2.2E+01, 2.2E+01, 2.0E+01, 2.2E+01, 2.0E+01, 2.1E+01, 2.1E+01, 2.2E+01, 2.1E+01, 2.1E+01, 2.1E+01, 2.0E+01, 2.2E+01, 2.1E+01, 2.1E+01, 2.1E+01, 2.1E+01, 2.1E+01, 2.1E+01, 2.1E+01, 2.1E+01, 2.1E+01, 2.2E+01, 2.0E+01, 2.2E+01, 2.2E+01, 1.7E+01, 2.8E+01, 1.7E+01, 2.2E+01, 2.2E+01, 2.3E+01, 1.6E+01, 2.5E+01, 1.6E+01, 2.4E+01, 2.2E+01, 2.0E+01, 2.1E+01, 2.1E+01, 2.1E+01, 2.1E+01, 1.2E+02, 1.2E+02, 1.6E-07, 1.2E-06, 1.2E+02, 1.2E+02, 1.2E+02, 1.2E+02, 1.2E+02, 1.2E+02, 1.2E+02, 1.2E+02, 1.2E+02, 1.2E+02, 1.2E+02, 1.2E+02, 8.6E+00, 8.6E+00, 8.6E+00, 8.6E+00, 8.6E+00, 8.6E+00, 8.6E+00, 8.6E+00, 8.6E+00, 8.6E+00, 2.9E-07, 8.6E-08, 4.6E-08, 2.8E-08, 2.4E-08, 8.7E-09, 2.7E-08, 6.8E-08, 1.5E-07, 2.3E-08, 3.4E-08, 3.2E-08, 2.5E-06, 2.9E-06, 3.5E-06, 4.1E-06, 4.4E-06, 4.4E-06, 4.1E-06, 3.6E-06, 3.1E-06, 2.6E-06, 3.2E-08, 3.5E-08, 1.6E-06, 7.0E-08, 4.6E-08, 7.0E-08, 2.6E-07, 1.5E-07, 3.0E-07, 3.4E-07, 1.5E-07, 5.4E-07, 3.0E+01, 1.0E+02, 1.0E+02, 1.0E+02, 1.0E+02, 1.0E+02, 1.0E+02, 1.0E+02, 1.4E+01, 4.3E+00, 5.4E+00, 5.3E+00, 5.4E+00, 5.9E+00, 5.9E+00, 5.7E+00, 6.3E+00, 6.6E+00, 7.2E+00, 7.4E+00, 8.1E+00, 8.2E+00, 9.7E+00, 9.6E+00, 1.5E+01, 8.7E+00, 1.9E+01, 1.0E+02, 1.0E+02, 1.0E+02, 1.0E+02, 1.0E+02, 1.0E+02, 1.0E+02, 1.0E+02, 1.0E+02, 1.0E+02, 1.0E+02, 1.0E+02, 1.2E+02, 1.2E+02, 1.2E+02, 4.0E+01, 1.9E-05, 6.5E-07, 1.1E-06, 7.9E-08, 2.8E-07, 2.1E-07, 4.6E-06, 5.0E-06, 4.6E-06, 4.1E-06, 3.6E-06, 4.9E-08, 2.4E-07, 5.4E-08, 3.6E-07, 8.6E+00, 8.6E+00, 8.6E+00, 8.6E+00, 8.6E+00, 8.6E+00, 8.6E+00, 1.4E-06, 5.2E-05, 2.1E-06, 2.2E-06, 1.7E-06, 1.1E-05, 2.6E-06, 3.2E-06, 7.2E-06, 6.5E-06, 6.0E-06, 1.6E-06, 3.4E-07, 4.9E-07, 2.2E-07, 1.6E-07, 1.0E-07, 1.4E-05, 5.2E-06, 9.6E-07, 8.6E+00, 8.6E+00, 1.2E+02, 1.2E+02, 1.2E+02, 1.2E+02, 1.2E+02, 1.2E+02, 1.2E+02, 1.2E+02, 1.2E+02, 1.2E+02, 1.2E+02, 1.2E+02, 1.2E+02, 1.2E+02, 1.2E+02, 8.6E+00, 8.6E+00, 8.6E+00, 8.6E+00, 8.6E+00, 8.6E+00, 8.6E+00, 8.6E+00, 8.6E+00, 8.6E+00, 8.6E+00, 8.6E+00, 8.6E+00, 8.6E+00, 8.6E+00, 8.6E+00, 8.6E+00, 8.6E+00, 8.6E+00, 8.6E+00, 8.6E+00, 8.6E+00, 8.6E+00, 8.6E+00, 8.6E+00, 8.6E+00, 8.6E+00, 1.0E-07, 3.5E-06, 9.3E-07, 4.6E-07, 6.1E-08, 4.0E-07, 7.9E-07, 4.6E-06, 3.6E-06, 3.0E-06, 3.7E-06, 3.1E-06, 7.6E-06, 2.9E-06, 3.7E-06, 2.8E-06, 8.6E+00, 8.6E+00, 8.6E+00, 8.6E+00, 8.6E+00, 8.6E+00, 8.6E+00, 8.6E+00, 8.6E+00, 1.5E+01, 1.2E+02, 1.2E+02, 1.2E+02, 1.2E+02, 1.2E+02, 2.9E+01, 8.6E+00, 5.7E+01, 2.3E+00, 5.4E+00, 4.9E+00, 5.4E+00, 5.8E+00, 8.6E+00, 8.6E+00, 8.9E-07, 5.9E+00, 7.9E+00, 8.1E+00, 8.8E+00, 8.5E+00, 1.0E+01, 1.1E+01, 1.5E+01, 1.3E+01, 1.7E+01, 1.9E+01, 2.2E+01, 4.4E+01, 1.9E+01, 3.7E+01, 2.2E+01, 2.7E+01, 2.1E+01, 2.5E+01, 2.1E+01, 2.3E+01, 1.6E+01, 2.5E+01, 2.1E+01, 2.2E+01, 2.1E+01, 2.1E+01, 2.1E+01, 2.1E+01, 2.1E+01, 2.7E+01, 1.4E+01, 2.1E+01, 2.0E+01, 2.1E+01, 2.1E+01, 2.1E+01, 2.2E+01, 1.5E+01, 3.3E+01, 1.3E+01, 2.3E+01, 2.1E+01, 2.1E+01, 2.1E+01, 2.1E+01, 2.1E+01, 2.1E+01, 2.1E+01, 2.1E+01, 2.1E+01, 2.1E+01, 1.6E+01, 2.5E+01, 2.1E+01, 2.2E+01, 2.1E+01, 1.2E+02, 1.2E+02, 1.2E+02, 1.2E+02, 1.2E+02, 1.2E+02, 1.2E+02, 1.2E+02, 1.2E+02, 1.2E+02, 1.2E+02, 1.2E+02, 8.6E+00, 8.6E+00, 8.6E+00, 8.6E+00, 8.6E+00, 8.6E+00, 8.6E+00, 8.6E+00, 8.6E+00, 8.6E+00, 8.6E+00, 8.6E+00, 8.6E+00, 8.6E+00, 8.6E+00, 8.6E+00, 8.6E+00, 8.6E+00, 8.6E+00, 8.6E+00, 8.6E+00, 8.6E+00, 8.6E+00, 8.6E+00, 8.6E-08, 3.1E-07, 1.1E-07, 2.2E-07, 5.5E-07, 4.7E-06, 1.5E-06, 1.2E-07, 1.3E-07, 1.2E-07, 4.7E-06, 2.3E-06, 4.5E-07, 8.6E-06, 3.3E-08, 8.8E-06, 7.4E-06, 7.2E-06, 7.2E-06, 7.3E-06, 1.2E-07, 7.0E-06, 6.9E-06, 1.1E-07, 6.0E-06, 6.9E-06, 8.3E+01, 1.2E+02, 1.2E+02, 1.2E+02, 1.2E+02, 1.2E+02, 4.5E+01, 2.9E+00, 4.8E+00, 5.0E+00, 5.3E+00, 5.6E+00, 5.8E+00, 6.0E+00, 8.6E+00, 8.6E+00, 8.6E+00, 8.6E+00, 8.6E+00, 8.6E+00, 1.2E+02, 1.2E+02, 1.2E+02, 1.2E+02, 1.2E+02, 1.2E+02, 1.2E+02, 1.2E+02, 1.2E+02, 1.2E+02, 1.2E+02, 1.2E+02, 1.2E+02, 2.0E+01, 1.7E-06, 2.3E-07, 1.4E-06, 1.0E-05, 2.0E-07, 5.3E-07, 3.4E-06, 1.1E-06, 8.6E+00, 1.0E-05, 2.4E-06, 9.5E-06, 3.4E-06, 1.2E-05, 3.4E-06, 1.3E-05, 2.8E-05, 3.7E-06, 3.0E-05, 4.4E-05, 4.6E-05, 4.0E-05, 6.0E-05, 3.2E-06, 1.2E-05, 2.6E-06, 8.1E-06, 7.3E-06, 8.2E-06, 4.3E-06, 4.1E-06, 4.0E-06, 8.6E+00, 8.6E+00, 8.6E+00, 8.6E+00, 8.6E+00, 8.6E+00, 8.6E+00, 8.6E+00, 8.6E+00, 1.2E+02, 8.6E+00, 8.6E+00, 8.6E+00, 8.6E+00, 8.6E+00, 8.6E+00, 8.6E+00, 7.5E-06, 1.8E-06, 2.0E-06, 1.2E+02, 1.2E+02, 1.2E+02, 1.2E+02, 1.2E+02, 1.2E+02, 1.2E+02, 1.2E+02, 1.2E+02, 1.2E+02, 1.2E+02, 1.2E+02, 1.2E+02, 1.2E+02, 1.2E+02, 1.2E+02, 9.5E+01, 8.6E+00, 8.6E+00, 8.6E+00, 8.6E+00, 8.6E+00, 8.6E+00, 8.6E+00, 8.6E+00, 1.3E-06, 1.2E-07, 4.4E-07, 9.2E-08, 1.9E-07, 5.5E-07, 1.3E-06, 3.3E-07, 2.3E-07, 1.2E-05, 8.4E-06, 1.1E-05, 1.1E-04, 5.7E-06, 4.4E-06, 4.7E-06, 3.6E-05, 5.6E-06, 6.3E-06, 6.0E-06, 5.2E-06, 4.9E-06, 4.9E-06, 3.8E-06, 3.9E-06, 2.6E-06, 4.5E-07, 4.2E-06, 3.6E-06, 2.3E-07, 5.7E-07, 2.5E-07, 2.7E-07, 1.1E-06, 2.1E-07, 1.8E-07, 1.7E-07, 7.0E-07, 3.4E-06, 4.7E-06, 2.7E-06, 9.6E+01, 1.2E+02, 1.2E+02, 1.2E+02, 1.2E+02, 1.2E+02, 6.5E+01, 8.6E+00, 8.6E+00, 8.6E+00, 8.6E+00, 8.6E+00, 8.6E+00, 8.6E+00, 8.6E+00, 6.3E-07, 4.8E-07, 4.8E-07, 2.4E-07, 3.4E-07, 8.6E+00, 8.6E+00, 8.6E+00, 8.6E+00, 1.7E-08, 3.7E-06, 1.7E-06, 2.4E+01, 1.2E+02, 6.5E+01, 5.6E-01, 2.7E+01, 8.6E+00, 2.5E+01, 1.6E+01, 2.2E+01, 1.9E+01, 2.1E+01, 2.0E+01, 2.1E+01, 2.1E+01, 2.0E+01, 2.1E+01, 2.1E+01, 2.1E+01, 2.1E+01, 2.1E+01, 2.1E+01, 2.1E+01, 2.1E+01, 2.1E+01, 2.2E+01, 2.2E+01, 1.8E+01, 2.3E+01, 2.1E+01, 2.2E+01, 2.1E+01, 2.1E+01, 2.1E+01, 2.1E+01, 1.6E+01, 2.5E+01, 2.1E+01, 2.2E+01, 2.1E+01, 2.1E+01, 2.1E+01, 2.1E+01, 2.1E+01, 2.8E+01, 1.4E+01, 2.2E+01, 1.8E+01, 1.2E+02, 1.1E+02, 8.6E+00, 8.6E+00, 8.6E+00, 8.6E+00, 8.6E+00, 8.6E+00, 8.6E+00, 8.6E+00, 8.6E+00, 8.6E+00, 8.6E+00, 8.6E+00, 8.6E+00, 8.6E+00, 8.6E+00, 1.2E+02, 1.2E+02, 1.2E+02, 1.2E+02, 1.2E+02, 1.2E+02, 1.2E+02, 1.2E+02, 1.2E+02, 1.2E+02, 1.2E+02, 1.2E+02, 1.2E+02, 8.1E+01, 8.6E+00, 8.6E+00, 8.6E+00, 8.6E+00, 8.6E+00, 8.6E+00, 8.6E+00, 5.5E-07, 1.6E-07, 1.7E-06, 1.9E-06, 2.0E-08, 1.1E-08, 7.4E-09, 6.9E-09, 9.9E-09, 1.3E-08, 2.9E-08, 6.4E-08, 7.4E-08, 2.6E-07, 1.7E-06, 3.1E-08, 3.2E-08, 3.8E-08, 3.8E-08, 3.8E-08, 3.9E-08, 3.8E-08, 3.4E-08, 2.1E-06, 5.2E-07, 7.7E-08, 2.0E-07, 9.4E-08, 1.3E-07, 1.3E-07, 4.6E-06, 3.9E+01, 1.0E+02, 1.0E+02, 1.0E+02, 1.0E+02, 1.0E+02, 2.3E+01, 8.9E+00, 7.9E+00, 9.4E+00, 9.5E+00, 8.3E+00, 9.4E+00, 1.0E+01, 1.2E+01, 9.6E+00, 1.0E+02, 1.0E+02, 1.0E+02, 1.0E+02, 1.0E+02, 1.0E+02, 1.0E+02, 1.0E+02, 1.0E+02, 1.0E+02, 1.0E+02, 1.0E+02, 1.0E+02, 1.0E+02, 1.0E+02, 1.0E+02, 1.0E+02, 7.8E+01, 1.8E-07, 8.6E-08, 5.9E-08, 4.3E-08, 2.7E-08, 2.7E-08, 4.7E-08, 1.9E-08, 3.0E-08, 4.9E-08, 4.5E-08, 2.6E-06, 4.0E-08, 3.0E-06, 1.6E-07, 2.6E-06, 2.7E-06, 2.3E-06, 6.0E-07, 1.0E+02, 1.0E+02, 1.0E+02, 1.0E+02, 1.0E+02, 1.0E+02, 1.0E+02, 7.1E-08, 5.6E-08, 1.5E-07, 3.1E-07, 7.3E-07, 1.2E-06, 1.4E-06, 1.1E-06, 6.2E-06, 1.4E-05, 1.7E-05, 2.5E-05, 3.2E-05, 3.5E-05, 4.0E-05, 5.7E-08, 2.2E-05, 5.6E-06, 3.8E-07, 3.7E-06, 1.0E+02, 1.0E+02, 1.0E+02, 1.0E+02, 1.0E+02, 1.0E+02, 1.0E+02, 1.0E+02, 1.0E+02, 1.0E+02, 1.0E+02, 1.0E+02, 1.0E+02, 1.0E+02, 1.0E+02, 1.0E+02, 1.0E+02, 1.0E+02, 1.0E+02, 1.0E+02, 9.8E-08, 5.6E-08, 9.6E-07, 3.8E-07, 8.0E-07, 1.5E-05, 5.0E-07, 5.5E-06, 2.5E-05, 4.8E-07, 2.6E-06, 2.5E-05, 1.1E-06, 2.2E-06, 1.9E-06, 8.6E+00, 8.6E+00, 8.6E+00, 8.6E+00, 8.6E+00, 8.6E+00, 8.6E+00, 8.6E+00, 1.1E-05, 5.8E-08, 7.1E-08, 5.1E-08, 7.2E-08, 1.8E-06, 6.2E-06, 5.0E-06, 5.8E-06, 5.1E-05, 4.9E-05, 5.5E-05, 5.3E-05, 1.1E-04, 2.5E-06, 3.7E-06, 3.3E-06, 1.4E-05, 2.3E-05, 1.5E-05, 3.6E-05, 8.4E-05, 6.0E-06, 1.1E-05, 1.5E-05, 2.0E-05, 2.3E-05, 2.3E-05, 1.7E-05, 1.8E-05, 1.2E+02, 1.2E+02, 1.2E+02, 1.2E+02, 1.2E+02, 1.2E+02, 1.2E+02, 1.2E+02, 1.2E+02, 1.2E+02, 1.2E+02, 1.2E+02, 8.6E+00, 8.6E+00, 8.6E+00, 8.6E+00, 8.6E+00, 8.6E+00, 8.8E-07, 2.2E-06, 2.0E-06, 3.3E-07, 8.6E-07, 1.3E-06, 7.8E-08, 1.2E-06, 2.8E-07, 6.2E-07, 9.9E-07, 1.2E-06, 2.1E-07, 2.6E-06, 1.4E-05, 8.6E+00, 8.6E+00, 8.6E+00, 8.6E+00, 8.6E+00, 8.6E+00, 8.6E+00, 8.6E+00, 8.6E+00, 8.6E+00, 8.6E+00, 8.6E+00, 8.6E+00, 1.2E-05, 4.0E-06, 2.6E-06, 3.7E-06, 3.1E-06, 1.3E-06, 1.2E-06, 1.7E-05, 3.0E-06, 1.0E-06, 4.3E-05, 1.2E+02, 1.2E+02, 1.2E+02, 1.2E+02, 1.2E+02, 1.2E+02, 1.2E+02, 1.2E+02, 1.2E+02, 8.6E+00, 8.6E+00, 8.6E+00, 8.6E+00, 8.6E+00, 8.6E+00, 8.6E+00, 8.6E+00, 8.6E+00, 8.6E+00, 8.6E+00, 8.6E+00, 8.6E+00, 8.6E+00, 8.6E+00, 8.6E+00, 8.6E+00, 8.6E+00, 8.6E+00, 8.6E+00, 8.6E+00, 8.6E+00, 8.6E+00, 8.6E+00, 8.6E+00, 8.6E+00, 8.6E+00, 8.6E+00, 8.6E+00, 8.6E+00, 8.6E+00, 8.6E+00, 8.6E+00, 8.6E+00, 8.6E+00, 8.6E+00, 6.7E-09, 2.1E-06, 4.1E-07, 2.0E-08, 5.2E-07, 1.2E+02, 1.2E+02, 1.2E+02, 1.2E+02, 1.2E+02, 1.2E+02, 1.2E+02, 1.2E+02, 1.2E+02, 1.2E+02, 1.2E+02, 1.2E+02, 1.2E+02, 1.2E+02, 3.1E-05, 3.1E-05, 3.0E-05, 3.0E-05, 2.9E-05, 2.8E-05, 4.9E-05, 2.7E-05, 3.2E-05, 3.6E-05, 2.9E-05, 3.1E-05, 1.8E-05, 5.0E-06, 3.4E-07, 2.6E-06, 1.4E-05, 2.8E-06, 1.2E-06, 8.4E-07, 1.4E-07, 5.0E-06, 5.7E-07, 2.1E-07, 7.7E-08, 6.3E-08, 2.6E-07, 3.8E-07, 2.0E-06, 8.6E+00, 8.6E+00, 8.6E+00, 8.6E+00, 8.6E+00, 8.6E+00, 8.6E+00, 8.6E+00, 1.0E+02, 1.0E+02, 1.0E+02, 1.0E+02, 1.0E+02, 1.0E+02, 1.0E+02, 1.0E+02, 1.0E+02, 1.0E+02, 1.0E+02, 1.0E+02, 1.0E+02, 1.0E+02, 1.0E+02, 1.0E+02, 4.2E-09, 5.6E-08, 9.7E-08, 7.4E-08, 1.7E-07, 3.7E-07, 7.1E-07, 1.1E-06, 1.4E-06, 1.2E-05, 1.9E-05, 3.3E-07, 4.3E-07, 7.0E-07, 3.6E-06, 4.0E-06, 9.2E-06, 1.9E-07, 3.1E-07, 2.8E-07, 1.2E-05, 1.9E-05, 1.6E-05, 9.6E-07, 2.2E-06, 4.9E-08, 5.9E-08, 1.4E-06, 5.0E-05, 3.1E-06, 5.1E-07, 3.2E-08, 1.0E+02, 1.0E+02, 8.6E+00, 8.6E+00, 1.0E+02, 1.0E+02, 1.0E+02, 1.0E+02, 1.0E+02, 1.0E+02, 3.8E-07, 1.2E-06, 1.0E-06, 1.0E-06, 4.9E-07, 3.9E-07, 1.8E-08, 1.0E+02, 1.0E+02, 8.6E+00, 8.6E+00, 8.6E+00, 8.6E+00, 8.6E+00, 8.6E+00, 8.6E+00, 8.6E+00, 8.6E+00, 8.6E+00, 8.6E+00, 8.6E+00, 8.6E+00, 8.6E+00, 8.6E+00, 8.6E+00, 8.6E+00, 8.6E+00, 8.6E+00, 8.6E+00, 8.6E+00, 1.0E+02, 1.0E+02, 1.0E+02, 1.0E+02, 1.0E+02, 1.0E+02, 1.0E+02, 1.0E+02, 1.0E+02, 1.0E+02, 1.0E+02, 1.0E+02, 5.6E-08, 5.2E-08, 6.1E-06, 4.7E-07, 1.5E-08, 3.0E-07, 6.1E-06, 1.5E-07, 7.2E-07, 2.6E-06, 3.7E-07, 4.4E-07, 4.1E-05, 3.9E-07, 4.8E-07, 5.5E-05, 4.8E-05, 4.8E-05, 4.7E-05, 4.7E-05, 4.5E-05, 3.8E-05, 1.7E-05, 1.2E-06, 9.3E-05, 6.9E-06, 2.1E-05, 1.4E-06, 2.2E-06, 4.2E-08, 3.0E-08, 2.4E-07, 3.5E-07, 1.0E-06, 8.6E+00, 8.6E+00, 8.6E+00, 8.6E+00, 8.6E+00, 4.5E-07, 9.7E-07, 3.5E-06, 4.4E-08, 6.5E-07, 1.0E+02, 1.0E+02, 1.0E+02, 1.0E+02, 1.0E+02, 1.0E+02, 1.0E+02, 1.0E+02, 1.0E+02, 1.0E+02, 1.0E+02, 1.0E+02, 9.9E-07, 6.9E-08, 3.1E-06, 7.0E-07, 1.4E-05, 5.8E-06, 3.9E-06, 5.7E-07, 4.5E-08, 5.5E-07, 4.0E-07, 2.7E-06, 9.4E-07, 3.1E-05, 5.0E-07, 1.4E-06, 2.0E-06, 1.9E-06, 2.5E-07, 5.1E-07, 3.9E-07, 8.0E-06, 2.3E-06, 5.8E-07, 2.9E-07, 7.6E-07, 4.9E-07, 6.9E-07, 7.8E-07, 3.5E-06, 2.1E-06, 2.3E-07, 2.6E-06, 3.3E-07, 2.3E-07, 8.3E-08, 1.5E-08, 1.0E+02, 1.0E+02, 1.0E+02, 1.0E+02, 8.6E+00, 8.6E+00, 8.6E+00, 8.6E+00, 8.6E+00, 8.6E+00, 2.8E-05, 1.0E+02, 1.0E+02, 1.0E+02, 1.0E+02, 1.0E+02, 1.0E+02, 1.0E+02, 1.0E+02, 1.0E+02, 1.0E+02, 1.0E+02, 1.2E+02, 1.2E+02, 1.2E+02, 1.2E+02, 1.2E+02, 1.2E+02, 1.2E+02, 8.6E+00, 8.6E+00, 8.6E+00, 8.6E+00, 8.6E+00, 8.6E+00, 8.6E+00, 8.6E+00, 8.6E+00, 8.6E+00, 8.6E+00, 8.6E+00, 8.6E+00, 8.6E+00, 1.2E-06, 2.6E-06, 7.6E-06, 9.8E-07, 6.9E-06, 9.7E-07, 6.4E-07, 3.8E-07, 4.3E-05, 7.8E-08, 1.5E-06, 4.8E-06, 7.6E-08, 8.6E+00, 8.6E+00, 8.6E+00, 8.6E+00, 8.6E+00, 8.6E+00, 8.6E+00, 8.6E+00, 8.6E+00, 8.6E+00, 2.4E-05, 2.5E-05, 2.8E-05, 3.2E-05, 3.7E-05, 4.6E-05, 4.6E-05, 1.2E-05, 4.8E-05, 6.5E-05, 6.3E-05, 6.9E-05, 7.2E-05, 2.1E-06, 3.7E-06, 3.9E-09, 2.7E-06, 3.6E-09, 9.5E-08, 1.0E+02, 1.0E+02, 1.0E+02, 1.0E+02, 1.0E+02, 1.0E+02, 1.0E+02, 1.0E+02, 1.0E+02, 1.0E+02, 1.0E+02, 1.0E+02, 1.0E+02, 1.0E+02, 1.0E+02, 1.0E+02, 1.0E+02, 1.0E+02, 1.0E+02, 1.0E+02, 1.0E+02, 1.0E+02, 1.0E+02, 1.0E+02, 1.0E+02, 8.6E+00, 8.6E+00, 8.6E+00, 8.6E+00, 8.6E+00, 8.6E+00, 8.6E+00, 8.6E+00, 8.6E+00, 8.6E+00, 8.6E+00, 8.6E+00, 8.6E+00, 4.4E-05, 5.3E-05, 1.6E-05, 4.0E-06, 1.2E-05, 1.7E-05, 4.2E-06, 1.3E-06, 6.1E-07, 1.8E-05, 1.0E-05, 1.7E-05, 5.9E-06, 8.6E+00, 6.8E-05, 2.1E-06, 2.3E-05, 5.1E-05, 2.2E-06, 1.1E-06, 2.2E-06, 2.1E-06, 2.0E-06, 1.5E-06, 2.7E-06, 5.9E-07, 5.6E-05, 8.6E+00, 8.6E+00, 8.6E+00, 8.6E+00, 8.6E+00, 8.6E+00, 1.3E-07, 4.6E-07, 1.1E-05, 1.8E-08, 8.6E+00, 8.6E+00, 8.6E+00, 8.6E+00, 8.6E+00, 8.6E+00, 8.6E+00, 8.6E+00, 8.6E+00, 8.6E+00, 8.6E+00, 8.6E+00, 1.0E+02, 1.0E+02, 1.0E+02, 1.0E+02, 1.0E+02, 1.0E+02, 1.0E+02, 1.0E+02, 1.0E+02, 1.0E+02, 1.0E+02, 1.0E+02, 1.0E+02, 1.2E+02, 1.2E+02, 1.2E+02, 1.2E+02, 1.2E+02, 1.2E+02, 1.2E+02, 7.8E+01, 8.6E+00, 8.6E+00, 8.6E+00, 8.6E+00, 8.6E+00, 8.6E+00, 1.8E-05, 3.1E-05, 3.5E-05, 5.4E-05, 1.3E-05, 3.2E-06, 7.8E-06, 4.4E-06, 3.1E-05, 1.3E-05, 8.8E-06, 5.7E-06, 1.6E-05, 1.0E-04, 4.0E-05, 7.7E+00, 7.7E+00, 7.7E+00, 7.7E+00, 7.7E+00, 7.7E+00, 8.6E+00, 8.6E+00, 8.6E+00, 8.6E+00, 8.6E+00, 8.6E+00, 3.6E+00, 1.1E-06, 2.8E-06, 4.2E-06, 5.1E-06, 3.0E-06, 2.8E-07, 5.6E-08, 7.9E-07, 2.7E-07, 7.6E-07, 2.0E+01, 1.2E+02, 1.2E+02, 1.2E+02, 1.2E+02, 9.7E+00, 2.1E+01, 1.7E+01, 1.5E+01, 1.7E+01, 4.7E+01, 2.5E+00, 7.8E+00, 1.0E+01, 8.5E+00, 1.1E+01, 1.3E+01, 1.5E+01, 1.2E+01, 1.6E+01, 1.8E+01, 2.1E+01, 1.8E+01, 2.2E+01, 2.3E+01, 1.9E+01, 2.8E+01, 2.3E+01, 2.6E+01, 2.2E+01, 2.2E+01, 2.2E+01, 2.3E+01, 2.1E+01, 2.2E+01, 2.1E+01, 2.2E+01, 2.1E+01, 2.2E+01, 2.1E+01, 2.1E+01, 2.2E+01, 2.1E+01, 2.2E+01, 2.1E+01, 2.1E+01, 2.1E+01, 2.1E+01, 2.1E+01, 2.1E+01, 2.1E+01, 2.2E+01, 2.1E+01, 2.1E+01, 1.2E+02, 9.4E+01, 8.6E+00, 8.6E+00, 8.6E+00, 8.6E+00, 8.6E+00, 8.6E+00, 8.6E+00, 8.6E+00, 8.6E+00, 8.6E+00, 8.6E+00, 8.6E+00, 8.6E+00, 4.1E-07, 5.9E-07, 7.1E-05, 1.3E-05, 1.2E+02, 1.2E+02, 1.2E+02, 1.2E+02, 1.2E+02, 1.2E+02, 1.2E+02, 1.2E+02, 1.2E+02, 1.2E+02, 1.2E+02, 1.2E+02, 3.4E+01, 8.6E+00, 8.6E+00, 8.6E+00, 8.6E+00, 8.6E+00, 8.6E+00, 8.6E+00, 8.6E+00, 8.6E+00, 8.6E+00, 8.6E+00, 3.2E-05, 5.6E-05, 4.2E-05, 2.8E-05, 2.5E-05, 3.8E-05, 3.0E-05, 3.5E-05, 4.7E-05, 1.1E-04, 8.6E-05, 3.4E-06, 3.7E-08, 4.5E-08, 5.3E-08, 6.7E-08, 8.7E-08, 1.1E-07, 2.8E-07, 4.0E-08, 9.9E-08, 2.0E-08, 1.2E-08, 9.0E-09, 3.2E-08, 4.4E-07, 6.2E-09, 2.4E-07, 1.4E-08, 6.3E-07, 4.0E+01, 1.0E+02, 1.0E+02, 1.0E+02, 1.0E+02, 1.0E+02, 9.0E+01, 2.3E-07, 2.3E+00, 5.7E+00, 6.6E+00, 7.8E+00, 7.8E+00, 1.0E+02, 1.0E+02, 1.0E+02, 1.0E+02, 1.0E+02, 1.0E+02, 1.0E+02, 1.0E+02, 1.0E+02, 1.0E+02, 1.0E+02, 1.0E+02, 1.0E+02, 1.0E+02, 1.0E+02, 1.0E+02, 1.0E+02, 1.8E-06, 1.1E-07, 6.1E-08, 4.9E-08, 4.9E-08, 5.5E-08, 6.2E-08, 4.6E-08, 2.7E-08, 2.5E-08, 2.8E-08, 4.6E-08, 4.9E-08, 4.5E-08, 1.2E-06, 1.8E-06, 3.8E-08, 4.7E-08, 1.0E+02, 1.0E+02, 1.0E+02, 1.0E+02, 1.1E-05, 1.1E-07, 2.9E-08, 5.1E-08, 2.2E-06, 3.3E-06, 3.7E-06, 3.5E-06, 4.8E-06, 9.9E-08, 3.2E-06, 3.4E-06, 3.6E-06, 3.6E-06, 2.3E-06, 2.6E-06, 5.1E-07, 1.5E-05, 5.8E-07, 5.7E-08, 1.0E+02, 1.0E+02, 1.0E+02, 1.0E+02, 1.0E+02, 1.0E+02, 1.0E+02, 1.0E+02, 1.0E+02, 1.0E+02, 1.0E+02, 1.0E+02, 1.0E+02, 1.0E+02, 1.0E+02, 1.0E+02, 1.0E+02, 1.0E+02, 2.5E-06, 6.3E-08, 1.8E-07, 1.4E-07, 1.6E-08, 4.1E-08, 1.0E-06, 3.6E-08, 3.6E-06, 2.8E-06, 3.3E-06, 4.8E-06, 8.6E+00, 8.6E+00, 8.6E+00, 8.6E+00, 8.6E+00, 8.6E+00, 8.6E+00, 2.0E-05, 2.1E-05, 1.7E-05, 7.6E-07, 2.2E-05, 3.8E-05, 4.1E-05, 7.2E-05, 7.0E-06, 4.0E-06, 6.8E-06, 9.6E-06, 3.7E-05, 9.1E-06, 2.8E-05, 3.8E-05, 3.7E-05, 4.9E-05, 5.3E-05, 4.0E-05, 6.9E-05, 1.1E-04, 3.4E-06, 6.6E-06, 9.8E-06, 1.8E-05, 6.7E+01, 1.2E+02, 1.2E+02, 1.2E+02, 1.2E+02, 1.2E+02, 9.4E+01, 8.6E+00, 8.6E+00, 9.2E+00, 9.3E+00, 5.8E+01, 2.8E+00, 6.6E+00, 6.1E+00, 5.8E+00, 6.1E+00, 6.1E+00, 8.6E+00, 8.6E+00, 8.6E+00, 8.6E+00, 8.6E+00, 8.6E+00, 8.6E+00, 8.6E+00, 7.7E-08, 2.5E-08, 1.8E-06, 2.0E-05, 2.2E-07, 2.1E+01, 9.9E+01, 5.8E+01, 3.4E+01, 2.9E+01, 1.5E+01, 2.4E+01, 1.5E+01, 2.1E+01, 2.2E+01, 2.0E+01, 2.1E+01, 2.1E+01, 2.1E+01, 2.1E+01, 2.1E+01, 2.1E+01, 2.1E+01, 2.1E+01, 2.1E+01, 2.8E+01, 1.4E+01, 2.3E+01, 1.8E+01, 2.4E+01, 1.4E+01, 2.7E+01, 2.1E+01, 2.3E+01, 2.1E+01, 2.2E+01, 2.1E+01, 2.1E+01, 2.1E+01, 2.1E+01, 2.1E+01, 2.1E+01, 2.1E+01, 2.1E+01, 2.1E+01, 2.1E+01, 2.1E+01, 2.1E+01, 2.1E+01, 2.1E+01, 2.1E+01, 2.1E+01, 1.2E+02, 1.2E+02, 1.2E+02, 1.2E+02, 1.2E+02, 1.2E+02, 1.2E+02, 1.2E+02, 1.2E+02, 1.2E+02, 1.2E+02, 1.2E+02, 1.2E+02, 1.2E+02, 1.2E+02, 1.6E+01, 8.6E+00, 8.6E+00, 8.6E+00, 8.6E+00, 8.6E+00, 8.6E+00, 8.6E+00, 8.6E+00, 8.6E+00, 8.6E+00, 8.6E+00, 8.6E+00, 8.6E+00, 8.6E+00, 8.6E+00, 8.6E+00, 8.6E+00, 8.6E+00, 8.6E+00, 8.6E+00, 8.6E+00, 8.6E+00, 8.6E+00, 8.6E+00, 3.9E-06, 3.7E-06, 4.9E-06, 5.0E-06, 5.6E-06, 5.9E-06, 1.3E-05, 2.3E-05, 3.6E-05, 8.5E-06, 2.9E-05, 1.6E-05, 4.9E-06, 8.7E-06, 6.3E-06, 1.2E-05, 5.2E-06, 1.6E-05, 2.5E-05, 8.6E+00, 8.6E+00, 8.6E+00, 8.6E+00, 8.6E+00, 8.6E+00, 8.6E+00, 8.1E+01, 1.2E+02, 1.2E+02, 1.2E+02, 1.2E+02, 3.0E+01, 1.0E+01, 1.2E+01, 1.2E+01, 1.2E+02, 1.2E+02, 1.2E+02, 1.2E+02, 1.2E+02, 1.2E+02, 1.2E+02, 1.2E+02, 1.2E+02, 1.2E+02, 1.2E+02, 1.2E+02, 1.0E+01, 8.6E+00, 8.6E+00, 8.6E+00, 8.6E+00, 8.6E+00, 8.6E+00, 8.6E+00, 8.6E+00, 8.6E+00, 8.6E+00, 8.6E+00, 8.6E+00, 8.6E+00, 8.6E+00, 8.6E+00, 8.6E+00, 8.6E+00, 8.6E+00, 8.6E+00, 8.6E+00, 8.6E+00, 8.6E+00, 8.6E+00, 8.6E+00, 8.6E+00, 8.6E+00, 8.6E+00, 8.6E+00, 8.6E+00, 7.2E-07, 7.8E-06, 5.3E-06, 5.7E-06, 6.3E-06, 3.8E-06, 2.7E-06, 4.2E-07, 1.2E+02, 1.2E+02, 1.2E+02, 1.2E+02, 1.2E+02, 1.2E+02, 1.2E+02, 1.2E+02, 1.2E+02, 1.2E+02, 1.2E+02, 8.6E+00, 8.6E+00, 8.6E+00, 8.6E+00, 8.6E+00, 2.3E-05, 6.2E-05, 2.6E-06, 5.3E-06, 3.1E-06, 3.1E-06, 4.8E-06, 8.6E+00, 9.0E-07, 8.6E+00, 8.6E+00, 8.6E+00, 8.6E+00, 8.6E+00, 8.6E+00, 8.6E+00, 8.6E+00, 8.6E+00, 8.6E+00, 8.6E+00, 8.6E+00, 8.6E+00, 8.6E+00, 8.6E+00, 8.6E+00, 8.6E+00, 8.6E+00, 8.6E+00, 8.6E+00, 8.6E+00, 8.6E+00, 8.6E+00, 8.6E+00, 8.6E+00, 8.6E+00, 8.6E+00, 8.6E+00, 8.6E+00, 8.6E+00, 8.6E+00, 8.6E+00, 8.6E+00, 8.6E+00, 2.5E-06, 2.9E-06, 1.4E-07, 3.7E-07, 5.2E-07, 2.8E-08, 1.2E+02, 1.2E+02, 1.2E+02, 1.2E+02, 1.2E+02, 1.2E+02, 1.2E+02, 1.2E+02, 1.2E+02, 1.2E+02, 1.2E+02, 1.2E+02, 1.2E+02, 1.2E+02, 8.0E-06, 1.3E-05, 2.8E-06, 2.2E-06, 3.0E-06, 2.6E-06, 2.6E-06, 2.9E-06, 6.0E-06, 6.3E-06, 2.7E-06, 2.0E-06, 2.1E-06, 2.6E-06, 1.2E-05, 1.8E-05, 3.2E-05, 3.4E-05, 1.0E-04, 1.4E-06, 2.7E-06, 1.2E-06, 1.4E-06, 7.5E-06, 4.2E-06, 2.2E-06, 3.6E-06, 4.7E-07, 8.6E+00, 8.6E+00, 8.6E+00, 8.6E+00, 8.6E+00, 8.6E+00, 8.6E+00, 8.6E+00, 8.6E+00, 2.9E-07, 8.9E-07, 4.8E-07, 4.1E-07, 5.6E-07, 1.5E-06, 1.3E-05, 5.8E-06, 2.3E-07, 1.9E-05, 4.7E-07, 5.6E-06, 1.2E+02, 1.2E+02, 1.2E+02, 1.2E+02, 1.2E+02, 1.2E+02, 1.2E+02, 1.2E+02, 1.2E+02, 1.2E+02, 1.2E+02, 9.4E-09, 5.4E-07, 9.1E-08, 5.8E-07, 3.3E-07, 2.4E-07, 2.3E-07, 1.9E-07, 4.2E-05, 1.5E-06, 1.6E-06, 3.6E-07, 1.9E-07, 1.3E-07, 3.6E-07, 4.0E-08, 5.3E-09, 4.4E-07, 8.6E+00, 8.6E+00, 8.6E+00, 8.6E+00, 8.6E+00, 8.6E+00, 8.6E+00, 8.6E+00, 1.2E+02, 8.6E+00, 8.6E+00, 8.6E+00, 8.6E+00, 8.6E+00, 8.6E+00, 8.6E+00, 8.6E+00, 8.6E+00, 8.6E+00, 8.6E+00, 8.6E+00, 8.6E+00, 8.6E+00, 8.6E+00, 8.6E+00, 8.6E+00, 8.6E+00, 8.6E+00, 8.6E+00, 8.6E+00, 8.6E+00, 8.6E+00, 8.6E+00, 8.6E+00, 8.6E+00, 8.6E+00, 8.6E+00, 8.6E+00, 1.2E+02, 1.2E+02, 1.2E+02, 1.2E+02, 1.2E+02, 1.2E+02, 1.2E+02, 1.2E+02, 1.0E+02, 1.0E+02, 1.0E+02, 1.0E+02, 1.0E+02, 1.0E+02, 1.0E+02, 1.0E+02, 1.0E+02, 1.0E+02, 1.9E-05, 3.2E-08, 6.0E-08, 2.1E-08, 3.7E-08, 5.0E-07, 3.5E-06, 1.7E-07, 5.7E-07, 1.3E-06, 7.0E-06, 2.5E-07, 9.2E-07, 3.9E-06, 1.3E-05, 4.6E-06, 8.7E-06, 1.5E-05, 2.0E-05, 2.5E-05, 3.9E-05, 3.9E-05, 3.6E-05, 3.3E-05, 2.2E-05, 1.6E-05, 7.8E-06, 8.7E-06, 2.3E-07, 1.7E-06, 7.2E-07, 8.2E-08, 6.8E-06, 3.2E-06, 3.9E-07, 3.8E-07, 1.0E+02, 1.0E+02, 1.0E+02, 1.0E+02, 1.0E+02, 1.0E+02, 1.0E+02, 1.0E+02, 1.0E+02, 1.0E+02, 1.0E+02, 1.0E+02, 1.0E+02, 1.0E+02, 1.0E+02, 8.8E+01, 1.2E-07, 8.0E-07, 1.3E-06, 1.0E-07, 1.6E-07, 8.8E-08, 4.6E-08, 3.8E-08, 3.6E-08, 4.0E-08, 5.5E-08, 8.3E-07, 3.2E-08, 3.8E-08, 2.7E-06, 2.5E-06, 3.4E-06, 4.3E-06, 5.1E-08, 8.2E-08, 8.4E-08, 5.3E-08, 5.1E-08, 3.8E-06, 3.0E-06, 2.4E-06, 3.3E-08, 3.7E-08, 2.5E-08, 1.3E-07, 1.0E+02, 1.0E+02, 1.0E+02, 1.0E+02, 1.0E+02, 1.0E+02, 1.0E+02, 1.0E+02, 7.8E-08, 7.8E-08, 4.6E-08, 3.1E-08, 2.3E-08, 1.9E-08, 1.7E-08, 2.8E-08, 7.1E-08, 1.1E-08, 2.8E-08, 1.0E+02, 1.0E+02, 1.0E+02, 1.0E+02, 1.0E+02, 1.0E+02, 1.0E+02, 1.0E+02, 1.0E+02, 1.0E+02, 1.0E+02, 1.2E-05, 9.3E-08, 9.2E-07, 5.2E-07, 3.8E-07, 1.1E-08, 1.0E-07, 1.7E-08, 8.1E-08, 4.2E-08, 3.4E-08, 4.7E-08, 4.0E-08, 5.4E-08, 5.2E-08, 5.1E-08, 5.8E-08, 3.6E-07, 9.0E-07, 1.1E-06, 9.6E-07, 5.5E-07, 1.8E-07, 5.6E-08, 6.3E-08, 8.5E-08, 8.6E+00, 1.6E-06, 5.5E-07, 4.3E-07, 4.1E-07, 4.1E-07, 3.5E-07, 3.8E-06, 4.2E-06, 5.0E-07, 5.2E-07, 4.5E+01, 1.2E+02, 1.2E+02, 1.2E+02, 1.2E+02, 1.2E+02, 1.2E+02, 9.4E+01, 1.3E+01, 1.4E+01, 1.2E+01, 1.0E+01, 9.4E+00, 8.9E+00, 8.8E+00, 9.0E+00, 9.3E+00, 9.7E+00, 9.9E+00, 8.4E+00, 7.8E+00, 7.6E+00, 7.2E+00, 6.8E+00, 5.7E+00, 6.2E+00, 8.6E+00, 8.6E+00, 8.6E+00, 8.6E+00, 8.6E+00, 8.6E+00, 8.6E+00, 8.6E+00, 8.6E+00, 8.6E+00, 8.6E+00, 8.6E+00, 5.8E+01, 8.1E+01, 4.9E+01, 6.4E+01, 7.3E-04, 2.5E+01, 1.5E+01, 1.6E+01, 1.8E+01, 2.1E+01, 1.9E+01, 2.2E+01, 1.9E+01, 2.2E+01, 2.0E+01, 2.1E+01, 2.0E+01, 2.2E+01, 2.0E+01, 1.7E+01, 2.6E+01, 2.1E+01, 2.2E+01, 2.1E+01, 2.2E+01, 2.1E+01, 2.1E+01, 2.1E+01, 2.3E+01, 2.0E+01, 2.2E+01, 2.0E+01, 2.2E+01, 2.9E+01, 1.2E+01, 2.3E+01, 2.1E+01, 2.1E+01, 2.1E+01, 2.1E+01, 2.2E+01, 1.8E+01, 2.4E+01, 2.1E+01, 2.2E+01, 2.2E+01, 1.9E+01, 2.2E+01, 2.1E+01, 2.1E+01, 2.1E+01, 2.1E+01, 2.1E+01, 1.2E+02, 1.1E+02, 8.6E+00, 8.6E+00, 8.6E+00, 8.6E+00, 8.6E+00, 8.6E+00, 8.6E+00, 8.6E+00, 8.6E+00, 8.6E+00, 8.6E+00, 8.6E+00, 8.6E+00, 8.6E+00, 8.6E+00, 8.6E+00, 8.6E+00, 6.7E+01, 1.2E+02, 1.2E+02, 1.2E+02, 1.2E+02, 1.2E+02, 1.2E+02, 1.2E+02, 1.2E+02, 1.2E+02, 1.2E+02, 1.2E+02, 8.6E+00, 8.6E+00, 8.6E+00, 8.6E+00, 8.6E+00, 8.6E+00, 8.6E+00, 8.6E+00, 2.5E-08, 3.4E-08, 3.0E-08, 1.4E-07, 8.6E+00, 8.6E+00, 8.6E+00, 8.6E+00, 8.6E+00, 8.6E+00, 8.6E+00, 8.6E+00, 8.6E+00, 5.6E-06, 6.5E-06, 7.6E-06, 1.7E-05, 4.9E-05, 1.1E-05, 3.1E-05, 3.1E-05, 8.6E+00, 8.6E+00, 7.1E+00, 3.5E+00, 9.0E-05, 6.2E-06, 6.2E-06, 8.9E-06, 1.6E-05, 8.6E+00, 8.6E+00, 8.6E+00, 8.6E+00, 8.6E+00, 1.2E+02, 1.2E+02, 1.2E+02, 1.2E+02, 1.2E+02, 1.2E+02, 1.2E+02, 1.2E+02, 1.2E+02, 1.2E+02, 1.2E+02, 1.2E+02, 1.2E+02, 1.2E+02, 1.2E+02, 1.2E+02, 1.2E+02, 4.7E+01, 8.6E+00, 8.6E+00, 8.6E+00, 8.6E+00, 8.6E+00, 8.6E+00, 8.6E+00, 8.6E+00, 8.6E+00, 8.6E+00, 8.6E+00, 8.6E+00, 1.3E-06, 1.3E-07, 5.1E-07, 6.7E-06, 3.0E-06, 5.4E-06, 3.7E-06, 9.5E-06, 1.1E-05, 2.0E-06, 2.1E-06, 2.7E-06, 6.1E-06, 4.1E-05, 3.7E-06, 3.0E-05, 4.1E-05, 4.4E-05, 3.8E-05, 3.9E-05, 1.7E-06, 6.5E-06, 2.9E-05, 5.5E-06, 7.3E-06, 3.0E-06, 3.1E-06, 1.2E+02, 1.2E+02, 1.0E+02, 1.0E+02, 1.0E+02, 1.0E+02, 1.0E+02, 1.0E+02, 1.0E+02, 1.0E+02, 4.5E-06, 3.3E-07, 2.5E-08, 2.2E-07, 5.4E-08, 2.8E-07, 2.5E-06, 1.0E+02, 9.5E-07, 5.2E+01, 1.0E+02, 1.0E+02, 1.0E+02, 1.0E+02, 1.0E+02, 1.0E+02, 1.0E+02, 1.0E+02, 2.8E+01, 2.1E-05, 7.5E-06, 4.6E-06, 3.4E-05, 3.6E-06, 3.2E-07, 1.7E-07, 8.5E-09, 7.0E-08, 7.6E-08, 4.3E-08, 2.5E-06, 6.6E-08, 7.6E-07, 2.2E-06, 2.7E-06, 2.8E-06, 2.2E-06, 2.2E-06, 2.0E-06, 2.5E-06, 3.0E-06, 2.4E-06, 1.0E-06, 9.9E-08, 3.2E-06, 1.4E-06, 3.3E-06, 2.2E-06, 4.4E-07, 1.3E-06, 1.9E-06, 2.7E-06, 5.3E-06, 2.0E-05

Carbohydrate Events (105 total):
  - Week 1 Day 1 07:44: 82.8g (breakfast)
  - Week 1 Day 1 10:34: 16.7g (snack)
  - Week 1 Day 1 13:04: 81.6g (lunch)
  - Week 1 Day 1 19:16: 101.8g (dinner)
  - Week 1 Day 1 23:47: 18.0g (snack)
  - Week 1 Day 2 07:46: 104.6g (breakfast)
  - Week 1 Day 2 10:28: 12.9g (snack)
  - Week 1 Day 2 12:41: 101.8g (lunch)
  - Week 1 Day 2 19:51: 116.8g (dinner)
  - Week 1 Day 2 23:24: 12.9g (snack)
  - Week 1 Day 3 06:49: 102.2g (breakfast)
  - Week 1 Day 3 09:44: 11.0g (snack)
  - Week 1 Day 3 13:03: 116.8g (lunch)
  - Week 1 Day 3 19:55: 94.9g (dinner)
  - Week 1 Day 3 22:09: 13.9g (snack)
  - Week 1 Day 4 06:35: 88.5g (breakfast)
  - Week 1 Day 4 09:21: 15.1g (snack)
  - Week 1 Day 4 12:38: 86.1g (lunch)
  - Week 1 Day 4 18:55: 84.0g (dinner)
  - Week 1 Day 5 00:00: 15.5g (snack)
  - Week 1 Day 5 07:57: 96.6g (breakfast)
  - Week 1 Day 5 10:03: 10.1g (snack)
  - Week 1 Day 5 12:06: 88.1g (lunch)
  - Week 1 Day 5 18:41: 83.6g (dinner)
  - Week 1 Day 5 22:08: 12.4g (snack)
  - Week 1 Day 6 06:46: 100.2g (breakfast)
  - Week 1 Day 6 10:23: 13.6g (snack)
  - Week 1 Day 6 12:14: 92.5g (lunch)
  - Week 1 Day 6 18:08: 97.4g (dinner)
  - Week 1 Day 6 23:38: 18.3g (snack)
  - Week 1 Day 7 07:06: 84.8g (breakfast)
  - Week 1 Day 7 10:28: 16.3g (snack)
  - Week 1 Day 7 13:30: 99.4g (lunch)
  - Week 1 Day 7 19:01: 109.5g (dinner)
  - Week 1 Day 7 23:41: 13.0g (snack)
  - Week 2 Day 1 07:58: 103.8g (breakfast)
  - Week 2 Day 1 09:15: 15.5g (snack)
  - Week 2 Day 1 12:47: 118.8g (lunch)
  - Week 2 Day 1 18:25: 97.4g (dinner)
  - Week 2 Day 1 22:56: 12.2g (snack)
  - Week 2 Day 2 07:43: 105.5g (breakfast)
  - Week 2 Day 2 09:19: 12.9g (snack)
  - Week 2 Day 2 13:17: 117.2g (lunch)
  - Week 2 Day 2 19:05: 98.6g (dinner)
  - Week 2 Day 2 22:41: 17.6g (snack)
  - Week 2 Day 3 07:47: 118.0g (breakfast)
  - Week 2 Day 3 09:06: 10.8g (snack)
  - Week 2 Day 3 13:45: 101.0g (lunch)
  - Week 2 Day 3 19:23: 105.5g (dinner)
  - Week 2 Day 3 23:00: 15.9g (snack)
  - Week 2 Day 4 07:50: 118.4g (breakfast)
  - Week 2 Day 4 10:26: 11.2g (snack)
  - Week 2 Day 4 13:06: 90.5g (lunch)
  - Week 2 Day 4 18:07: 80.8g (dinner)
  - Week 2 Day 4 22:24: 10.4g (snack)
  - Week 2 Day 5 07:26: 98.2g (breakfast)
  - Week 2 Day 5 10:12: 14.5g (snack)
  - Week 2 Day 5 12:09: 120.0g (lunch)
  - Week 2 Day 5 18:16: 101.4g (dinner)
  - Week 2 Day 5 22:18: 11.2g (snack)
  - Week 2 Day 6 06:38: 103.8g (breakfast)
  - Week 2 Day 6 10:12: 18.1g (snack)
  - Week 2 Day 6 13:35: 84.4g (lunch)
  - Week 2 Day 6 18:33: 80.0g (dinner)
  - Week 2 Day 6 22:59: 14.3g (snack)
  - Week 2 Day 7 06:21: 85.7g (breakfast)
  - Week 2 Day 7 09:46: 14.9g (snack)
  - Week 2 Day 7 13:11: 95.8g (lunch)
  - Week 2 Day 7 18:55: 96.2g (dinner)
  - Week 2 Day 7 22:33: 10.1g (snack)
  - Week 3 Day 1 07:29: 109.1g (breakfast)
  - Week 3 Day 1 10:56: 19.5g (snack)
  - Week 3 Day 1 13:26: 109.9g (lunch)
  - Week 3 Day 1 18:20: 103.4g (dinner)
  - Week 3 Day 1 23:44: 16.2g (snack)
  - Week 3 Day 2 07:09: 86.1g (breakfast)
  - Week 3 Day 2 10:23: 14.4g (snack)
  - Week 3 Day 2 12:02: 112.7g (lunch)
  - Week 3 Day 2 19:05: 107.5g (dinner)
  - Week 3 Day 2 23:41: 19.4g (snack)
  - Week 3 Day 3 06:09: 111.1g (breakfast)
  - Week 3 Day 3 10:51: 14.5g (snack)
  - Week 3 Day 3 13:58: 92.1g (lunch)
  - Week 3 Day 3 18:29: 90.9g (dinner)
  - Week 3 Day 3 23:47: 17.4g (snack)
  - Week 3 Day 4 07:44: 86.5g (breakfast)
  - Week 3 Day 4 09:12: 11.9g (snack)
  - Week 3 Day 4 13:34: 111.1g (lunch)
  - Week 3 Day 4 18:13: 118.8g (dinner)
  - Week 3 Day 4 23:00: 15.4g (snack)
  - Week 3 Day 5 06:10: 118.0g (breakfast)
  - Week 3 Day 5 09:49: 18.7g (snack)
  - Week 3 Day 5 12:25: 90.5g (lunch)
  - Week 3 Day 5 19:21: 99.0g (dinner)
  - Week 3 Day 5 22:46: 10.4g (snack)
  - Week 3 Day 6 07:41: 110.3g (breakfast)
  - Week 3 Day 6 09:27: 19.9g (snack)
  - Week 3 Day 6 13:06: 88.1g (lunch)
  - Week 3 Day 6 18:26: 90.9g (dinner)
  - Week 3 Day 6 22:41: 16.3g (snack)
  - Week 3 Day 7 07:35: 81.6g (breakfast)
  - Week 3 Day 7 10:49: 13.6g (snack)
  - Week 3 Day 7 12:33: 116.4g (lunch)
  - Week 3 Day 7 18:15: 102.2g (dinner)
  - Week 3 Day 7 22:44: 10.3g (snack)

Running Events (21 total):
 - Week 1 Day 1 06:22: Running avg speed 5.0 mph for 30 min
 - Week 1 Day 2 06:22: Running avg speed 5.0 mph for 30 min
 - Week 1 Day 3 06:22: Running avg speed 5.0 mph for 30 min
 - Week 1 Day 4 06:22: Running avg speed 5.0 mph for 30 min
 - Week 1 Day 5 06:22: Running avg speed 5.0 mph for 30 min
 - Week 1 Day 6 06:22: Running avg speed 5.0 mph for 30 min
 - Week 1 Day 7 06:22: Running avg speed 5.0 mph for 30 min
 - Week 2 Day 1 06:22: Running avg speed 5.0 mph for 30 min
 - Week 2 Day 2 06:22: Running avg speed 5.0 mph for 30 min
 - Week 2 Day 3 06:22: Running avg speed 5.0 mph for 30 min
 - Week 2 Day 4 06:22: Running avg speed 5.0 mph for 30 min
 - Week 2 Day 5 06:22: Running avg speed 5.0 mph for 30 min
 - Week 2 Day 6 06:22: Running avg speed 5.0 mph for 30 min
 - Week 2 Day 7 06:22: Running avg speed 5.0 mph for 30 min
 - Week 3 Day 1 06:22: Running avg speed 5.0 mph for 30 min
 - Week 3 Day 2 06:22: Running avg speed 5.0 mph for 30 min
 - Week 3 Day 3 06:22: Running avg speed 5.0 mph for 30 min
 - Week 3 Day 4 06:22: Running avg speed 5.0 mph for 30 min
 - Week 3 Day 5 06:22: Running avg speed 5.0 mph for 30 min
 - Week 3 Day 6 06:22: Running avg speed 5.0 mph for 30 min
 - Week 3 Day 7 06:22: Running avg speed 5.0 mph for 30 min

Cycling Events (21 total):
  - Week 1 Day 1 17:26: Cycling avg power 90.0 for 20 min
  - Week 1 Day 2 17:57: Cycling avg power 90.0 for 20 min
  - Week 1 Day 3 17:28: Cycling avg power 90.0 for 20 min
  - Week 1 Day 4 16:46: Cycling avg power 90.0 for 20 min
  - Week 1 Day 5 16:58: Cycling avg power 90.0 for 20 min
  - Week 1 Day 6 16:40: Cycling avg power 90.0 for 20 min
  - Week 1 Day 7 17:46: Cycling avg power 90.0 for 20 min
  - Week 2 Day 1 17:06: Cycling avg power 90.0 for 20 min
  - Week 2 Day 2 17:47: Cycling avg power 90.0 for 20 min
  - Week 2 Day 3 16:01: Cycling avg power 90.0 for 20 min
  - Week 2 Day 4 17:26: Cycling avg power 90.0 for 20 min
  - Week 2 Day 5 17:57: Cycling avg power 90.0 for 20 min
  - Week 2 Day 6 16:33: Cycling avg power 90.0 for 20 min
  - Week 2 Day 7 17:27: Cycling avg power 90.0 for 20 min
  - Week 3 Day 1 16:23: Cycling avg power 90.0 for 20 min
  - Week 3 Day 2 17:53: Cycling avg power 90.0 for 20 min
  - Week 3 Day 3 17:45: Cycling avg power 90.0 for 20 min
  - Week 3 Day 4 16:12: Cycling avg power 90.0 for 20 min
  - Week 3 Day 5 16:31: Cycling avg power 90.0 for 20 min
  - Week 3 Day 6 17:04: Cycling avg power 90.0 for 20 min
  - Week 3 Day 7 17:09: Cycling avg power 90.0 for 20 min



Question: Will having a late night snack now push my sugar to higher limits (>180mg/dL)?

Instructions: Consider 5 hours post snack time for checking if the sugar will be higher than 180mg/dL at any point. If you think the sugar will be higher than 180mg/dL, answer 'Yes', otherwise answer 'No'

Expected Answer Type: string

Example Answer: Yes

Please analyze the data carefully and provide your answer as a **json object** in the exact format specified by the answer type. Be precise and base your response only on the data provided.

Conclude your analysis with: 
```json 
{"answer": your answer here}
```